[2026-09-13 16:33:01] production.ERROR: Please provide a valid cache path. {"exception":"[object] (InvalidArgumentException(code: 0): Please provide a valid cache path. at /Users/rifkinasss/Documents/workspace/Startup/NasLabs/internal-projects/Blog/vendor/laravel/framework/src/Illuminate/View/Compilers/Compiler.php:75)
[stacktrace]
#0 /Users/rifkinasss/Documents/workspace/Startup/NasLabs/internal-projects/Blog/vendor/laravel/framework/src/Illuminate/View/ViewServiceProvider.php(97): Illuminate\\View\\Compilers\\Compiler->__construct(Object(Illuminate\\Filesystem\\Filesystem), false, '', true, 'php', true)
#1 /Users/rifkinasss/Documents/workspace/Startup/NasLabs/internal-projects/Blog/vendor/laravel/framework/src/Illuminate/Container/Container.php(1140): Illuminate\\View\\ViewServiceProvider->{closure:Illuminate\\View\\ViewServiceProvider::registerBladeCompiler():96}(Object(Illuminate\\Foundation\\Application), Array)
#2 /Users/rifkinasss/Documents/workspace/Startup/NasLabs/internal-projects/Blog/vendor/laravel/framework/src/Illuminate/Container/Container.php(939): Illuminate\\Container\\Container->build(Object(Closure))
#3 /Users/rifkinasss/Documents/workspace/Startup/NasLabs/internal-projects/Blog/vendor/laravel/framework/src/Illuminate/Foundation/Application.php(1085): Illuminate\\Container\\Container->resolve('blade.compiler', Array, true)
#4 /Users/rifkinasss/Documents/workspace/Startup/NasLabs/internal-projects/Blog/vendor/laravel/framework/src/Illuminate/Container/Container.php(867): Illuminate\\Foundation\\Application->resolve('blade.compiler', Array)
#5 /Users/rifkinasss/Documents/workspace/Startup/NasLabs/internal-projects/Blog/vendor/laravel/framework/src/Illuminate/Foundation/Application.php(1065): Illuminate\\Container\\Container->make('blade.compiler', Array)
#6 /Users/rifkinasss/Documents/workspace/Startup/NasLabs/internal-projects/Blog/vendor/laravel/framework/src/Illuminate/Foundation/helpers.php(138): Illuminate\\Foundation\\Application->make('blade.compiler', Array)
#7 /Users/rifkinasss/Documents/workspace/Startup/NasLabs/internal-projects/Blog/vendor/livewire/livewire/src/LivewireServiceProvider.php(134): app('blade.compiler')
#8 /Users/rifkinasss/Documents/workspace/Startup/NasLabs/internal-projects/Blog/vendor/livewire/livewire/src/LivewireServiceProvider.php(23): Livewire\\LivewireServiceProvider->bootConfig()
#9 /Users/rifkinasss/Documents/workspace/Startup/NasLabs/internal-projects/Blog/vendor/laravel/framework/src/Illuminate/Container/BoundMethod.php(36): Livewire\\LivewireServiceProvider->boot()
#10 /Users/rifkinasss/Documents/workspace/Startup/NasLabs/internal-projects/Blog/vendor/laravel/framework/src/Illuminate/Container/Util.php(43): Illuminate\\Container\\BoundMethod::{closure:Illuminate\\Container\\BoundMethod::call():35}()
#11 /Users/rifkinasss/Documents/workspace/Startup/NasLabs/internal-projects/Blog/vendor/laravel/framework/src/Illuminate/Container/BoundMethod.php(96): Illuminate\\Container\\Util::unwrapIfClosure(Object(Closure))
#12 /Users/rifkinasss/Documents/workspace/Startup/NasLabs/internal-projects/Blog/vendor/laravel/framework/src/Illuminate/Container/BoundMethod.php(35): Illuminate\\Container\\BoundMethod::callBoundMethod(Object(Illuminate\\Foundation\\Application), Array, Object(Closure))
#13 /Users/rifkinasss/Documents/workspace/Startup/NasLabs/internal-projects/Blog/vendor/laravel/framework/src/Illuminate/Container/Container.php(803): Illuminate\\Container\\BoundMethod::call(Object(Illuminate\\Foundation\\Application), Array, Array, NULL)
#14 /Users/rifkinasss/Documents/workspace/Startup/NasLabs/internal-projects/Blog/vendor/laravel/framework/src/Illuminate/Foundation/Application.php(1158): Illuminate\\Container\\Container->call(Array)
#15 /Users/rifkinasss/Documents/workspace/Startup/NasLabs/internal-projects/Blog/vendor/laravel/framework/src/Illuminate/Foundation/Application.php(1139): Illuminate\\Foundation\\Application->bootProvider(Object(Livewire\\LivewireServiceProvider))
#16 [internal function]: Illuminate\\Foundation\\Application->{closure:Illuminate\\Foundation\\Application::boot():1138}(Object(Livewire\\LivewireServiceProvider), 'Livewire\\\\Livewi...')
#17 /Users/rifkinasss/Documents/workspace/Startup/NasLabs/internal-projects/Blog/vendor/laravel/framework/src/Illuminate/Foundation/Application.php(1138): array_walk(Array, Object(Closure))
#18 /Users/rifkinasss/Documents/workspace/Startup/NasLabs/internal-projects/Blog/vendor/laravel/framework/src/Illuminate/Foundation/Bootstrap/BootProviders.php(17): Illuminate\\Foundation\\Application->boot()
#19 /Users/rifkinasss/Documents/workspace/Startup/NasLabs/internal-projects/Blog/vendor/laravel/framework/src/Illuminate/Foundation/Application.php(349): Illuminate\\Foundation\\Bootstrap\\BootProviders->bootstrap(Object(Illuminate\\Foundation\\Application))
#20 /Users/rifkinasss/Documents/workspace/Startup/NasLabs/internal-projects/Blog/vendor/laravel/framework/src/Illuminate/Foundation/Console/Kernel.php(507): Illuminate\\Foundation\\Application->bootstrapWith(Array)
#21 /Users/rifkinasss/Documents/workspace/Startup/NasLabs/internal-projects/Blog/vendor/laravel/framework/src/Illuminate/Foundation/Console/Kernel.php(196): Illuminate\\Foundation\\Console\\Kernel->bootstrap()
#22 /Users/rifkinasss/Documents/workspace/Startup/NasLabs/internal-projects/Blog/vendor/laravel/framework/src/Illuminate/Foundation/Application.php(1242): Illuminate\\Foundation\\Console\\Kernel->handle(Object(Symfony\\Component\\Console\\Input\\ArgvInput), Object(Symfony\\Component\\Console\\Output\\ConsoleOutput))
#23 /Users/rifkinasss/Documents/workspace/Startup/NasLabs/internal-projects/Blog/artisan(16): Illuminate\\Foundation\\Application->handleCommand(Object(Symfony\\Component\\Console\\Input\\ArgvInput))
#24 {main}
"} 
[2026-09-13 16:34:28] production.ERROR: Class "App\Http\Controllers\Controller" not found {"exception":"[object] (Error(code: 0): Class \"App\\Http\\Controllers\\Controller\" not found at /Users/rifkinasss/Documents/workspace/Startup/NasLabs/internal-projects/Blog/app/Http/Controllers/BlogController.php:5)
[stacktrace]
#0 /Users/rifkinasss/Documents/workspace/Startup/NasLabs/internal-projects/Blog/vendor/composer/ClassLoader.php(576): include()
#1 /Users/rifkinasss/Documents/workspace/Startup/NasLabs/internal-projects/Blog/vendor/composer/ClassLoader.php(427): {closure:Composer\\Autoload\\ClassLoader::initializeIncludeClosure():575}('/Users/rifkinas...')
#2 [internal function]: Composer\\Autoload\\ClassLoader->loadClass('App\\\\Http\\\\Contro...')
#3 /Users/rifkinasss/Documents/workspace/Startup/NasLabs/internal-projects/Blog/vendor/laravel/framework/src/Illuminate/Routing/Route.php(1182): ReflectionClass->__construct('App\\\\Http\\\\Contro...')
#4 /Users/rifkinasss/Documents/workspace/Startup/NasLabs/internal-projects/Blog/vendor/laravel/framework/src/Illuminate/Routing/Route.php(1132): Illuminate\\Routing\\Route->attributeProvidedControllerMiddleware('App\\\\Http\\\\Contro...', 'home')
#5 /Users/rifkinasss/Documents/workspace/Startup/NasLabs/internal-projects/Blog/vendor/laravel/framework/src/Illuminate/Routing/Route.php(1069): Illuminate\\Routing\\Route->controllerMiddleware()
#6 /Users/rifkinasss/Documents/workspace/Startup/NasLabs/internal-projects/Blog/vendor/laravel/framework/src/Illuminate/Routing/Router.php(834): Illuminate\\Routing\\Route->gatherMiddleware()
#7 /Users/rifkinasss/Documents/workspace/Startup/NasLabs/internal-projects/Blog/vendor/laravel/framework/src/Illuminate/Foundation/Console/RouteListCommand.php(240): Illuminate\\Routing\\Router->gatherRouteMiddleware(Object(Illuminate\\Routing\\Route))
#8 /Users/rifkinasss/Documents/workspace/Startup/NasLabs/internal-projects/Blog/vendor/laravel/framework/src/Illuminate/Foundation/Console/RouteListCommand.php(159): Illuminate\\Foundation\\Console\\RouteListCommand->getMiddleware(Object(Illuminate\\Routing\\Route))
#9 /Users/rifkinasss/Documents/workspace/Startup/NasLabs/internal-projects/Blog/vendor/laravel/framework/src/Illuminate/Foundation/Console/RouteListCommand.php(128): Illuminate\\Foundation\\Console\\RouteListCommand->getRouteInformation(Object(Illuminate\\Routing\\Route))
#10 [internal function]: Illuminate\\Foundation\\Console\\RouteListCommand->{closure:Illuminate\\Foundation\\Console\\RouteListCommand::getRoutes():128}(Object(Illuminate\\Routing\\Route), 10)
#11 /Users/rifkinasss/Documents/workspace/Startup/NasLabs/internal-projects/Blog/vendor/laravel/framework/src/Illuminate/Collections/Arr.php(858): array_map(Object(Closure), Array, Array)
#12 /Users/rifkinasss/Documents/workspace/Startup/NasLabs/internal-projects/Blog/vendor/laravel/framework/src/Illuminate/Collections/Collection.php(831): Illuminate\\Support\\Arr::map(Array, Object(Closure))
#13 /Users/rifkinasss/Documents/workspace/Startup/NasLabs/internal-projects/Blog/vendor/laravel/framework/src/Illuminate/Foundation/Console/RouteListCommand.php(128): Illuminate\\Support\\Collection->map(Object(Closure))
#14 /Users/rifkinasss/Documents/workspace/Startup/NasLabs/internal-projects/Blog/vendor/laravel/framework/src/Illuminate/Foundation/Console/RouteListCommand.php(113): Illuminate\\Foundation\\Console\\RouteListCommand->getRoutes()
#15 /Users/rifkinasss/Documents/workspace/Startup/NasLabs/internal-projects/Blog/vendor/laravel/framework/src/Illuminate/Container/BoundMethod.php(36): Illuminate\\Foundation\\Console\\RouteListCommand->handle()
#16 /Users/rifkinasss/Documents/workspace/Startup/NasLabs/internal-projects/Blog/vendor/laravel/framework/src/Illuminate/Container/Util.php(43): Illuminate\\Container\\BoundMethod::{closure:Illuminate\\Container\\BoundMethod::call():35}()
#17 /Users/rifkinasss/Documents/workspace/Startup/NasLabs/internal-projects/Blog/vendor/laravel/framework/src/Illuminate/Container/BoundMethod.php(96): Illuminate\\Container\\Util::unwrapIfClosure(Object(Closure))
#18 /Users/rifkinasss/Documents/workspace/Startup/NasLabs/internal-projects/Blog/vendor/laravel/framework/src/Illuminate/Container/BoundMethod.php(35): Illuminate\\Container\\BoundMethod::callBoundMethod(Object(Illuminate\\Foundation\\Application), Array, Object(Closure))
#19 /Users/rifkinasss/Documents/workspace/Startup/NasLabs/internal-projects/Blog/vendor/laravel/framework/src/Illuminate/Container/Container.php(803): Illuminate\\Container\\BoundMethod::call(Object(Illuminate\\Foundation\\Application), Array, Array, NULL)
#20 /Users/rifkinasss/Documents/workspace/Startup/NasLabs/internal-projects/Blog/vendor/laravel/framework/src/Illuminate/Console/Command.php(292): Illuminate\\Container\\Container->call(Array)
#21 /Users/rifkinasss/Documents/workspace/Startup/NasLabs/internal-projects/Blog/vendor/symfony/console/Command/Command.php(285): Illuminate\\Console\\Command->execute(Object(Symfony\\Component\\Console\\Input\\ArgvInput), Object(Illuminate\\Console\\OutputStyle))
#22 /Users/rifkinasss/Documents/workspace/Startup/NasLabs/internal-projects/Blog/vendor/laravel/framework/src/Illuminate/Console/Command.php(261): Symfony\\Component\\Console\\Command\\Command->run(Object(Symfony\\Component\\Console\\Input\\ArgvInput), Object(Illuminate\\Console\\OutputStyle))
#23 /Users/rifkinasss/Documents/workspace/Startup/NasLabs/internal-projects/Blog/vendor/symfony/console/Application.php(1144): Illuminate\\Console\\Command->run(Object(Symfony\\Component\\Console\\Input\\ArgvInput), Object(Symfony\\Component\\Console\\Output\\ConsoleOutput))
#24 /Users/rifkinasss/Documents/workspace/Startup/NasLabs/internal-projects/Blog/vendor/symfony/console/Application.php(379): Symfony\\Component\\Console\\Application->doRunCommand(Object(Illuminate\\Foundation\\Console\\RouteListCommand), Object(Symfony\\Component\\Console\\Input\\ArgvInput), Object(Symfony\\Component\\Console\\Output\\ConsoleOutput))
#25 /Users/rifkinasss/Documents/workspace/Startup/NasLabs/internal-projects/Blog/vendor/symfony/console/Application.php(218): Symfony\\Component\\Console\\Application->doRun(Object(Symfony\\Component\\Console\\Input\\ArgvInput), Object(Symfony\\Component\\Console\\Output\\ConsoleOutput))
#26 /Users/rifkinasss/Documents/workspace/Startup/NasLabs/internal-projects/Blog/vendor/laravel/framework/src/Illuminate/Foundation/Console/Kernel.php(198): Symfony\\Component\\Console\\Application->run(Object(Symfony\\Component\\Console\\Input\\ArgvInput), Object(Symfony\\Component\\Console\\Output\\ConsoleOutput))
#27 /Users/rifkinasss/Documents/workspace/Startup/NasLabs/internal-projects/Blog/vendor/laravel/framework/src/Illuminate/Foundation/Application.php(1242): Illuminate\\Foundation\\Console\\Kernel->handle(Object(Symfony\\Component\\Console\\Input\\ArgvInput), Object(Symfony\\Component\\Console\\Output\\ConsoleOutput))
#28 /Users/rifkinasss/Documents/workspace/Startup/NasLabs/internal-projects/Blog/artisan(16): Illuminate\\Foundation\\Application->handleCommand(Object(Symfony\\Component\\Console\\Input\\ArgvInput))
#29 {main}
"} 
[2026-09-13 16:51:36] local.ERROR: SQLSTATE[08006] [7] connection to server at "127.0.0.1", port 5432 failed: Operation not permitted
	Is the server running on that host and accepting TCP/IP connections? (Connection: pgsql, Host: 127.0.0.1, Port: 5432, Database: laravel, SQL: delete from "cache") {"exception":"[object] (Illuminate\\Database\\QueryException(code: 7): SQLSTATE[08006] [7] connection to server at \"127.0.0.1\", port 5432 failed: Operation not permitted
\tIs the server running on that host and accepting TCP/IP connections? (Connection: pgsql, Host: 127.0.0.1, Port: 5432, Database: laravel, SQL: delete from \"cache\") at /Users/rifkinasss/Documents/workspace/Startup/NasLabs/internal-projects/Blog/vendor/laravel/framework/src/Illuminate/Database/Connection.php:857)
[stacktrace]
#0 /Users/rifkinasss/Documents/workspace/Startup/NasLabs/internal-projects/Blog/vendor/laravel/framework/src/Illuminate/Database/Connection.php(813): Illuminate\\Database\\Connection->runQueryCallback('delete from \"ca...', Array, Object(Closure))
#1 /Users/rifkinasss/Documents/workspace/Startup/NasLabs/internal-projects/Blog/vendor/laravel/framework/src/Illuminate/Database/Connection.php(614): Illuminate\\Database\\Connection->run('delete from \"ca...', Array, Object(Closure))
#2 /Users/rifkinasss/Documents/workspace/Startup/NasLabs/internal-projects/Blog/vendor/laravel/framework/src/Illuminate/Database/Connection.php(578): Illuminate\\Database\\Connection->affectingStatement('delete from \"ca...', Array)
#3 /Users/rifkinasss/Documents/workspace/Startup/NasLabs/internal-projects/Blog/vendor/laravel/framework/src/Illuminate/Database/Query/Builder.php(4576): Illuminate\\Database\\Connection->delete('delete from \"ca...', Array)
#4 /Users/rifkinasss/Documents/workspace/Startup/NasLabs/internal-projects/Blog/vendor/laravel/framework/src/Illuminate/Cache/DatabaseStore.php(450): Illuminate\\Database\\Query\\Builder->delete()
#5 /Users/rifkinasss/Documents/workspace/Startup/NasLabs/internal-projects/Blog/vendor/laravel/framework/src/Illuminate/Cache/Repository.php(1086): Illuminate\\Cache\\DatabaseStore->flush()
#6 /Users/rifkinasss/Documents/workspace/Startup/NasLabs/internal-projects/Blog/vendor/laravel/framework/src/Illuminate/Cache/Console/ClearCommand.php(81): Illuminate\\Cache\\Repository->__call('flush', Array)
#7 /Users/rifkinasss/Documents/workspace/Startup/NasLabs/internal-projects/Blog/vendor/laravel/framework/src/Illuminate/Container/BoundMethod.php(36): Illuminate\\Cache\\Console\\ClearCommand->handle()
#8 /Users/rifkinasss/Documents/workspace/Startup/NasLabs/internal-projects/Blog/vendor/laravel/framework/src/Illuminate/Container/Util.php(43): Illuminate\\Container\\BoundMethod::{closure:Illuminate\\Container\\BoundMethod::call():35}()
#9 /Users/rifkinasss/Documents/workspace/Startup/NasLabs/internal-projects/Blog/vendor/laravel/framework/src/Illuminate/Container/BoundMethod.php(96): Illuminate\\Container\\Util::unwrapIfClosure(Object(Closure))
#10 /Users/rifkinasss/Documents/workspace/Startup/NasLabs/internal-projects/Blog/vendor/laravel/framework/src/Illuminate/Container/BoundMethod.php(35): Illuminate\\Container\\BoundMethod::callBoundMethod(Object(Illuminate\\Foundation\\Application), Array, Object(Closure))
#11 /Users/rifkinasss/Documents/workspace/Startup/NasLabs/internal-projects/Blog/vendor/laravel/framework/src/Illuminate/Container/Container.php(803): Illuminate\\Container\\BoundMethod::call(Object(Illuminate\\Foundation\\Application), Array, Array, NULL)
#12 /Users/rifkinasss/Documents/workspace/Startup/NasLabs/internal-projects/Blog/vendor/laravel/framework/src/Illuminate/Console/Command.php(292): Illuminate\\Container\\Container->call(Array)
#13 /Users/rifkinasss/Documents/workspace/Startup/NasLabs/internal-projects/Blog/vendor/symfony/console/Command/Command.php(285): Illuminate\\Console\\Command->execute(Object(Symfony\\Component\\Console\\Input\\ArrayInput), Object(Illuminate\\Console\\OutputStyle))
#14 /Users/rifkinasss/Documents/workspace/Startup/NasLabs/internal-projects/Blog/vendor/laravel/framework/src/Illuminate/Console/Command.php(261): Symfony\\Component\\Console\\Command\\Command->run(Object(Symfony\\Component\\Console\\Input\\ArrayInput), Object(Illuminate\\Console\\OutputStyle))
#15 /Users/rifkinasss/Documents/workspace/Startup/NasLabs/internal-projects/Blog/vendor/laravel/framework/src/Illuminate/Console/Concerns/CallsCommands.php(68): Illuminate\\Console\\Command->run(Object(Symfony\\Component\\Console\\Input\\ArrayInput), Object(Symfony\\Component\\Console\\Output\\NullOutput))
#16 /Users/rifkinasss/Documents/workspace/Startup/NasLabs/internal-projects/Blog/vendor/laravel/framework/src/Illuminate/Console/Concerns/CallsCommands.php(41): Illuminate\\Console\\Command->runCommand('cache:clear', Array, Object(Symfony\\Component\\Console\\Output\\NullOutput))
#17 /Users/rifkinasss/Documents/workspace/Startup/NasLabs/internal-projects/Blog/vendor/laravel/framework/src/Illuminate/Console/Concerns/CallsCommands.php(53): Illuminate\\Console\\Command->callSilent('cache:clear', Array)
#18 /Users/rifkinasss/Documents/workspace/Startup/NasLabs/internal-projects/Blog/vendor/laravel/framework/src/Illuminate/Foundation/Console/OptimizeClearCommand.php(48): Illuminate\\Console\\Command->callSilently('cache:clear')
#19 /Users/rifkinasss/Documents/workspace/Startup/NasLabs/internal-projects/Blog/vendor/laravel/framework/src/Illuminate/Console/View/Components/Task.php(43): Illuminate\\Foundation\\Console\\OptimizeClearCommand->{closure:Illuminate\\Foundation\\Console\\OptimizeClearCommand::handle():48}()
#20 /Users/rifkinasss/Documents/workspace/Startup/NasLabs/internal-projects/Blog/vendor/laravel/framework/src/Illuminate/Console/View/Components/Factory.php(61): Illuminate\\Console\\View\\Components\\Task->render('cache', Object(Closure))
#21 /Users/rifkinasss/Documents/workspace/Startup/NasLabs/internal-projects/Blog/vendor/laravel/framework/src/Illuminate/Foundation/Console/OptimizeClearCommand.php(48): Illuminate\\Console\\View\\Components\\Factory->__call('task', Array)
#22 /Users/rifkinasss/Documents/workspace/Startup/NasLabs/internal-projects/Blog/vendor/laravel/framework/src/Illuminate/Container/BoundMethod.php(36): Illuminate\\Foundation\\Console\\OptimizeClearCommand->handle()
#23 /Users/rifkinasss/Documents/workspace/Startup/NasLabs/internal-projects/Blog/vendor/laravel/framework/src/Illuminate/Container/Util.php(43): Illuminate\\Container\\BoundMethod::{closure:Illuminate\\Container\\BoundMethod::call():35}()
#24 /Users/rifkinasss/Documents/workspace/Startup/NasLabs/internal-projects/Blog/vendor/laravel/framework/src/Illuminate/Container/BoundMethod.php(96): Illuminate\\Container\\Util::unwrapIfClosure(Object(Closure))
#25 /Users/rifkinasss/Documents/workspace/Startup/NasLabs/internal-projects/Blog/vendor/laravel/framework/src/Illuminate/Container/BoundMethod.php(35): Illuminate\\Container\\BoundMethod::callBoundMethod(Object(Illuminate\\Foundation\\Application), Array, Object(Closure))
#26 /Users/rifkinasss/Documents/workspace/Startup/NasLabs/internal-projects/Blog/vendor/laravel/framework/src/Illuminate/Container/Container.php(803): Illuminate\\Container\\BoundMethod::call(Object(Illuminate\\Foundation\\Application), Array, Array, NULL)
#27 /Users/rifkinasss/Documents/workspace/Startup/NasLabs/internal-projects/Blog/vendor/laravel/framework/src/Illuminate/Console/Command.php(292): Illuminate\\Container\\Container->call(Array)
#28 /Users/rifkinasss/Documents/workspace/Startup/NasLabs/internal-projects/Blog/vendor/symfony/console/Command/Command.php(285): Illuminate\\Console\\Command->execute(Object(Symfony\\Component\\Console\\Input\\ArgvInput), Object(Illuminate\\Console\\OutputStyle))
#29 /Users/rifkinasss/Documents/workspace/Startup/NasLabs/internal-projects/Blog/vendor/laravel/framework/src/Illuminate/Console/Command.php(261): Symfony\\Component\\Console\\Command\\Command->run(Object(Symfony\\Component\\Console\\Input\\ArgvInput), Object(Illuminate\\Console\\OutputStyle))
#30 /Users/rifkinasss/Documents/workspace/Startup/NasLabs/internal-projects/Blog/vendor/symfony/console/Application.php(1144): Illuminate\\Console\\Command->run(Object(Symfony\\Component\\Console\\Input\\ArgvInput), Object(Symfony\\Component\\Console\\Output\\ConsoleOutput))
#31 /Users/rifkinasss/Documents/workspace/Startup/NasLabs/internal-projects/Blog/vendor/symfony/console/Application.php(379): Symfony\\Component\\Console\\Application->doRunCommand(Object(Illuminate\\Foundation\\Console\\OptimizeClearCommand), Object(Symfony\\Component\\Console\\Input\\ArgvInput), Object(Symfony\\Component\\Console\\Output\\ConsoleOutput))
#32 /Users/rifkinasss/Documents/workspace/Startup/NasLabs/internal-projects/Blog/vendor/symfony/console/Application.php(218): Symfony\\Component\\Console\\Application->doRun(Object(Symfony\\Component\\Console\\Input\\ArgvInput), Object(Symfony\\Component\\Console\\Output\\ConsoleOutput))
#33 /Users/rifkinasss/Documents/workspace/Startup/NasLabs/internal-projects/Blog/vendor/laravel/framework/src/Illuminate/Foundation/Console/Kernel.php(198): Symfony\\Component\\Console\\Application->run(Object(Symfony\\Component\\Console\\Input\\ArgvInput), Object(Symfony\\Component\\Console\\Output\\ConsoleOutput))
#34 /Users/rifkinasss/Documents/workspace/Startup/NasLabs/internal-projects/Blog/vendor/laravel/framework/src/Illuminate/Foundation/Application.php(1242): Illuminate\\Foundation\\Console\\Kernel->handle(Object(Symfony\\Component\\Console\\Input\\ArgvInput), Object(Symfony\\Component\\Console\\Output\\ConsoleOutput))
#35 /Users/rifkinasss/Documents/workspace/Startup/NasLabs/internal-projects/Blog/artisan(16): Illuminate\\Foundation\\Application->handleCommand(Object(Symfony\\Component\\Console\\Input\\ArgvInput))
#36 {main}

[previous exception] [object] (PDOException(code: 7): SQLSTATE[08006] [7] connection to server at \"127.0.0.1\", port 5432 failed: Operation not permitted
\tIs the server running on that host and accepting TCP/IP connections? at /Users/rifkinasss/Documents/workspace/Startup/NasLabs/internal-projects/Blog/vendor/laravel/framework/src/Illuminate/Database/Connectors/Connector.php:67)
[stacktrace]
#0 /Users/rifkinasss/Documents/workspace/Startup/NasLabs/internal-projects/Blog/vendor/laravel/framework/src/Illuminate/Database/Connectors/Connector.php(67): PDO::connect('pgsql:host=127....', 'root', Object(SensitiveParameterValue), Array)
#1 /Users/rifkinasss/Documents/workspace/Startup/NasLabs/internal-projects/Blog/vendor/laravel/framework/src/Illuminate/Database/Connectors/Connector.php(44): Illuminate\\Database\\Connectors\\Connector->createPdoConnection('pgsql:host=127....', 'root', Object(SensitiveParameterValue), Array)
#2 /Users/rifkinasss/Documents/workspace/Startup/NasLabs/internal-projects/Blog/vendor/laravel/framework/src/Illuminate/Database/Connectors/PostgresConnector.php(35): Illuminate\\Database\\Connectors\\Connector->createConnection('pgsql:host=127....', Array, Array)
#3 /Users/rifkinasss/Documents/workspace/Startup/NasLabs/internal-projects/Blog/vendor/laravel/framework/src/Illuminate/Database/Connectors/ConnectionFactory.php(220): Illuminate\\Database\\Connectors\\PostgresConnector->connect(Array)
#4 [internal function]: Illuminate\\Database\\Connectors\\ConnectionFactory->{closure:Illuminate\\Database\\Connectors\\ConnectionFactory::createPdoResolverWithHosts():213}()
#5 /Users/rifkinasss/Documents/workspace/Startup/NasLabs/internal-projects/Blog/vendor/laravel/framework/src/Illuminate/Database/Connection.php(1298): call_user_func(Object(Closure))
#6 /Users/rifkinasss/Documents/workspace/Startup/NasLabs/internal-projects/Blog/vendor/laravel/framework/src/Illuminate/Database/Connection.php(622): Illuminate\\Database\\Connection->getPdo()
#7 /Users/rifkinasss/Documents/workspace/Startup/NasLabs/internal-projects/Blog/vendor/laravel/framework/src/Illuminate/Database/Connection.php(846): Illuminate\\Database\\Connection->{closure:Illuminate\\Database\\Connection::affectingStatement():614}('delete from \"ca...', Array)
#8 /Users/rifkinasss/Documents/workspace/Startup/NasLabs/internal-projects/Blog/vendor/laravel/framework/src/Illuminate/Database/Connection.php(813): Illuminate\\Database\\Connection->runQueryCallback('delete from \"ca...', Array, Object(Closure))
#9 /Users/rifkinasss/Documents/workspace/Startup/NasLabs/internal-projects/Blog/vendor/laravel/framework/src/Illuminate/Database/Connection.php(614): Illuminate\\Database\\Connection->run('delete from \"ca...', Array, Object(Closure))
#10 /Users/rifkinasss/Documents/workspace/Startup/NasLabs/internal-projects/Blog/vendor/laravel/framework/src/Illuminate/Database/Connection.php(578): Illuminate\\Database\\Connection->affectingStatement('delete from \"ca...', Array)
#11 /Users/rifkinasss/Documents/workspace/Startup/NasLabs/internal-projects/Blog/vendor/laravel/framework/src/Illuminate/Database/Query/Builder.php(4576): Illuminate\\Database\\Connection->delete('delete from \"ca...', Array)
#12 /Users/rifkinasss/Documents/workspace/Startup/NasLabs/internal-projects/Blog/vendor/laravel/framework/src/Illuminate/Cache/DatabaseStore.php(450): Illuminate\\Database\\Query\\Builder->delete()
#13 /Users/rifkinasss/Documents/workspace/Startup/NasLabs/internal-projects/Blog/vendor/laravel/framework/src/Illuminate/Cache/Repository.php(1086): Illuminate\\Cache\\DatabaseStore->flush()
#14 /Users/rifkinasss/Documents/workspace/Startup/NasLabs/internal-projects/Blog/vendor/laravel/framework/src/Illuminate/Cache/Console/ClearCommand.php(81): Illuminate\\Cache\\Repository->__call('flush', Array)
#15 /Users/rifkinasss/Documents/workspace/Startup/NasLabs/internal-projects/Blog/vendor/laravel/framework/src/Illuminate/Container/BoundMethod.php(36): Illuminate\\Cache\\Console\\ClearCommand->handle()
#16 /Users/rifkinasss/Documents/workspace/Startup/NasLabs/internal-projects/Blog/vendor/laravel/framework/src/Illuminate/Container/Util.php(43): Illuminate\\Container\\BoundMethod::{closure:Illuminate\\Container\\BoundMethod::call():35}()
#17 /Users/rifkinasss/Documents/workspace/Startup/NasLabs/internal-projects/Blog/vendor/laravel/framework/src/Illuminate/Container/BoundMethod.php(96): Illuminate\\Container\\Util::unwrapIfClosure(Object(Closure))
#18 /Users/rifkinasss/Documents/workspace/Startup/NasLabs/internal-projects/Blog/vendor/laravel/framework/src/Illuminate/Container/BoundMethod.php(35): Illuminate\\Container\\BoundMethod::callBoundMethod(Object(Illuminate\\Foundation\\Application), Array, Object(Closure))
#19 /Users/rifkinasss/Documents/workspace/Startup/NasLabs/internal-projects/Blog/vendor/laravel/framework/src/Illuminate/Container/Container.php(803): Illuminate\\Container\\BoundMethod::call(Object(Illuminate\\Foundation\\Application), Array, Array, NULL)
#20 /Users/rifkinasss/Documents/workspace/Startup/NasLabs/internal-projects/Blog/vendor/laravel/framework/src/Illuminate/Console/Command.php(292): Illuminate\\Container\\Container->call(Array)
#21 /Users/rifkinasss/Documents/workspace/Startup/NasLabs/internal-projects/Blog/vendor/symfony/console/Command/Command.php(285): Illuminate\\Console\\Command->execute(Object(Symfony\\Component\\Console\\Input\\ArrayInput), Object(Illuminate\\Console\\OutputStyle))
#22 /Users/rifkinasss/Documents/workspace/Startup/NasLabs/internal-projects/Blog/vendor/laravel/framework/src/Illuminate/Console/Command.php(261): Symfony\\Component\\Console\\Command\\Command->run(Object(Symfony\\Component\\Console\\Input\\ArrayInput), Object(Illuminate\\Console\\OutputStyle))
#23 /Users/rifkinasss/Documents/workspace/Startup/NasLabs/internal-projects/Blog/vendor/laravel/framework/src/Illuminate/Console/Concerns/CallsCommands.php(68): Illuminate\\Console\\Command->run(Object(Symfony\\Component\\Console\\Input\\ArrayInput), Object(Symfony\\Component\\Console\\Output\\NullOutput))
#24 /Users/rifkinasss/Documents/workspace/Startup/NasLabs/internal-projects/Blog/vendor/laravel/framework/src/Illuminate/Console/Concerns/CallsCommands.php(41): Illuminate\\Console\\Command->runCommand('cache:clear', Array, Object(Symfony\\Component\\Console\\Output\\NullOutput))
#25 /Users/rifkinasss/Documents/workspace/Startup/NasLabs/internal-projects/Blog/vendor/laravel/framework/src/Illuminate/Console/Concerns/CallsCommands.php(53): Illuminate\\Console\\Command->callSilent('cache:clear', Array)
#26 /Users/rifkinasss/Documents/workspace/Startup/NasLabs/internal-projects/Blog/vendor/laravel/framework/src/Illuminate/Foundation/Console/OptimizeClearCommand.php(48): Illuminate\\Console\\Command->callSilently('cache:clear')
#27 /Users/rifkinasss/Documents/workspace/Startup/NasLabs/internal-projects/Blog/vendor/laravel/framework/src/Illuminate/Console/View/Components/Task.php(43): Illuminate\\Foundation\\Console\\OptimizeClearCommand->{closure:Illuminate\\Foundation\\Console\\OptimizeClearCommand::handle():48}()
#28 /Users/rifkinasss/Documents/workspace/Startup/NasLabs/internal-projects/Blog/vendor/laravel/framework/src/Illuminate/Console/View/Components/Factory.php(61): Illuminate\\Console\\View\\Components\\Task->render('cache', Object(Closure))
#29 /Users/rifkinasss/Documents/workspace/Startup/NasLabs/internal-projects/Blog/vendor/laravel/framework/src/Illuminate/Foundation/Console/OptimizeClearCommand.php(48): Illuminate\\Console\\View\\Components\\Factory->__call('task', Array)
#30 /Users/rifkinasss/Documents/workspace/Startup/NasLabs/internal-projects/Blog/vendor/laravel/framework/src/Illuminate/Container/BoundMethod.php(36): Illuminate\\Foundation\\Console\\OptimizeClearCommand->handle()
#31 /Users/rifkinasss/Documents/workspace/Startup/NasLabs/internal-projects/Blog/vendor/laravel/framework/src/Illuminate/Container/Util.php(43): Illuminate\\Container\\BoundMethod::{closure:Illuminate\\Container\\BoundMethod::call():35}()
#32 /Users/rifkinasss/Documents/workspace/Startup/NasLabs/internal-projects/Blog/vendor/laravel/framework/src/Illuminate/Container/BoundMethod.php(96): Illuminate\\Container\\Util::unwrapIfClosure(Object(Closure))
#33 /Users/rifkinasss/Documents/workspace/Startup/NasLabs/internal-projects/Blog/vendor/laravel/framework/src/Illuminate/Container/BoundMethod.php(35): Illuminate\\Container\\BoundMethod::callBoundMethod(Object(Illuminate\\Foundation\\Application), Array, Object(Closure))
#34 /Users/rifkinasss/Documents/workspace/Startup/NasLabs/internal-projects/Blog/vendor/laravel/framework/src/Illuminate/Container/Container.php(803): Illuminate\\Container\\BoundMethod::call(Object(Illuminate\\Foundation\\Application), Array, Array, NULL)
#35 /Users/rifkinasss/Documents/workspace/Startup/NasLabs/internal-projects/Blog/vendor/laravel/framework/src/Illuminate/Console/Command.php(292): Illuminate\\Container\\Container->call(Array)
#36 /Users/rifkinasss/Documents/workspace/Startup/NasLabs/internal-projects/Blog/vendor/symfony/console/Command/Command.php(285): Illuminate\\Console\\Command->execute(Object(Symfony\\Component\\Console\\Input\\ArgvInput), Object(Illuminate\\Console\\OutputStyle))
#37 /Users/rifkinasss/Documents/workspace/Startup/NasLabs/internal-projects/Blog/vendor/laravel/framework/src/Illuminate/Console/Command.php(261): Symfony\\Component\\Console\\Command\\Command->run(Object(Symfony\\Component\\Console\\Input\\ArgvInput), Object(Illuminate\\Console\\OutputStyle))
#38 /Users/rifkinasss/Documents/workspace/Startup/NasLabs/internal-projects/Blog/vendor/symfony/console/Application.php(1144): Illuminate\\Console\\Command->run(Object(Symfony\\Component\\Console\\Input\\ArgvInput), Object(Symfony\\Component\\Console\\Output\\ConsoleOutput))
#39 /Users/rifkinasss/Documents/workspace/Startup/NasLabs/internal-projects/Blog/vendor/symfony/console/Application.php(379): Symfony\\Component\\Console\\Application->doRunCommand(Object(Illuminate\\Foundation\\Console\\OptimizeClearCommand), Object(Symfony\\Component\\Console\\Input\\ArgvInput), Object(Symfony\\Component\\Console\\Output\\ConsoleOutput))
#40 /Users/rifkinasss/Documents/workspace/Startup/NasLabs/internal-projects/Blog/vendor/symfony/console/Application.php(218): Symfony\\Component\\Console\\Application->doRun(Object(Symfony\\Component\\Console\\Input\\ArgvInput), Object(Symfony\\Component\\Console\\Output\\ConsoleOutput))
#41 /Users/rifkinasss/Documents/workspace/Startup/NasLabs/internal-projects/Blog/vendor/laravel/framework/src/Illuminate/Foundation/Console/Kernel.php(198): Symfony\\Component\\Console\\Application->run(Object(Symfony\\Component\\Console\\Input\\ArgvInput), Object(Symfony\\Component\\Console\\Output\\ConsoleOutput))
#42 /Users/rifkinasss/Documents/workspace/Startup/NasLabs/internal-projects/Blog/vendor/laravel/framework/src/Illuminate/Foundation/Application.php(1242): Illuminate\\Foundation\\Console\\Kernel->handle(Object(Symfony\\Component\\Console\\Input\\ArgvInput), Object(Symfony\\Component\\Console\\Output\\ConsoleOutput))
#43 /Users/rifkinasss/Documents/workspace/Startup/NasLabs/internal-projects/Blog/artisan(16): Illuminate\\Foundation\\Application->handleCommand(Object(Symfony\\Component\\Console\\Input\\ArgvInput))
#44 {main}
"} 
[2026-09-13 17:13:20] local.ERROR: SQLSTATE[08006] [7] connection to server at "127.0.0.1", port 5432 failed: Operation not permitted
	Is the server running on that host and accepting TCP/IP connections? (Connection: pgsql, Host: 127.0.0.1, Port: 5432, Database: naslabs_blog, SQL: select exists (select 1 from pg_class c, pg_namespace n where n.nspname = current_schema() and c.relname = 'migrations' and c.relkind in ('r', 'p') and n.oid = c.relnamespace)) {"exception":"[object] (Illuminate\\Database\\QueryException(code: 7): SQLSTATE[08006] [7] connection to server at \"127.0.0.1\", port 5432 failed: Operation not permitted
\tIs the server running on that host and accepting TCP/IP connections? (Connection: pgsql, Host: 127.0.0.1, Port: 5432, Database: naslabs_blog, SQL: select exists (select 1 from pg_class c, pg_namespace n where n.nspname = current_schema() and c.relname = 'migrations' and c.relkind in ('r', 'p') and n.oid = c.relnamespace)) at /Users/rifkinasss/Documents/workspace/Startup/NasLabs/internal-projects/Blog/vendor/laravel/framework/src/Illuminate/Database/Connection.php:857)
[stacktrace]
#0 /Users/rifkinasss/Documents/workspace/Startup/NasLabs/internal-projects/Blog/vendor/laravel/framework/src/Illuminate/Database/Connection.php(813): Illuminate\\Database\\Connection->runQueryCallback('select exists (...', Array, Object(Closure))
#1 /Users/rifkinasss/Documents/workspace/Startup/NasLabs/internal-projects/Blog/vendor/laravel/framework/src/Illuminate/Database/Connection.php(426): Illuminate\\Database\\Connection->run('select exists (...', Array, Object(Closure))
#2 /Users/rifkinasss/Documents/workspace/Startup/NasLabs/internal-projects/Blog/vendor/laravel/framework/src/Illuminate/Database/Connection.php(371): Illuminate\\Database\\Connection->select('select exists (...', Array, true)
#3 /Users/rifkinasss/Documents/workspace/Startup/NasLabs/internal-projects/Blog/vendor/laravel/framework/src/Illuminate/Database/Connection.php(388): Illuminate\\Database\\Connection->selectOne('select exists (...', Array, true)
#4 /Users/rifkinasss/Documents/workspace/Startup/NasLabs/internal-projects/Blog/vendor/laravel/framework/src/Illuminate/Database/Schema/Builder.php(176): Illuminate\\Database\\Connection->scalar('select exists (...')
#5 /Users/rifkinasss/Documents/workspace/Startup/NasLabs/internal-projects/Blog/vendor/laravel/framework/src/Illuminate/Database/Migrations/DatabaseMigrationRepository.php(185): Illuminate\\Database\\Schema\\Builder->hasTable('migrations')
#6 /Users/rifkinasss/Documents/workspace/Startup/NasLabs/internal-projects/Blog/vendor/laravel/framework/src/Illuminate/Database/Migrations/Migrator.php(797): Illuminate\\Database\\Migrations\\DatabaseMigrationRepository->repositoryExists()
#7 /Users/rifkinasss/Documents/workspace/Startup/NasLabs/internal-projects/Blog/vendor/laravel/framework/src/Illuminate/Database/Console/Migrations/StatusCommand.php(67): Illuminate\\Database\\Migrations\\Migrator->repositoryExists()
#8 /Users/rifkinasss/Documents/workspace/Startup/NasLabs/internal-projects/Blog/vendor/laravel/framework/src/Illuminate/Database/Migrations/Migrator.php(672): Illuminate\\Database\\Console\\Migrations\\StatusCommand->{closure:Illuminate\\Database\\Console\\Migrations\\StatusCommand::handle():66}()
#9 /Users/rifkinasss/Documents/workspace/Startup/NasLabs/internal-projects/Blog/vendor/laravel/framework/src/Illuminate/Database/Console/Migrations/StatusCommand.php(66): Illuminate\\Database\\Migrations\\Migrator->usingConnection(NULL, Object(Closure))
#10 /Users/rifkinasss/Documents/workspace/Startup/NasLabs/internal-projects/Blog/vendor/laravel/framework/src/Illuminate/Container/BoundMethod.php(36): Illuminate\\Database\\Console\\Migrations\\StatusCommand->handle()
#11 /Users/rifkinasss/Documents/workspace/Startup/NasLabs/internal-projects/Blog/vendor/laravel/framework/src/Illuminate/Container/Util.php(43): Illuminate\\Container\\BoundMethod::{closure:Illuminate\\Container\\BoundMethod::call():35}()
#12 /Users/rifkinasss/Documents/workspace/Startup/NasLabs/internal-projects/Blog/vendor/laravel/framework/src/Illuminate/Container/BoundMethod.php(96): Illuminate\\Container\\Util::unwrapIfClosure(Object(Closure))
#13 /Users/rifkinasss/Documents/workspace/Startup/NasLabs/internal-projects/Blog/vendor/laravel/framework/src/Illuminate/Container/BoundMethod.php(35): Illuminate\\Container\\BoundMethod::callBoundMethod(Object(Illuminate\\Foundation\\Application), Array, Object(Closure))
#14 /Users/rifkinasss/Documents/workspace/Startup/NasLabs/internal-projects/Blog/vendor/laravel/framework/src/Illuminate/Container/Container.php(803): Illuminate\\Container\\BoundMethod::call(Object(Illuminate\\Foundation\\Application), Array, Array, NULL)
#15 /Users/rifkinasss/Documents/workspace/Startup/NasLabs/internal-projects/Blog/vendor/laravel/framework/src/Illuminate/Console/Command.php(292): Illuminate\\Container\\Container->call(Array)
#16 /Users/rifkinasss/Documents/workspace/Startup/NasLabs/internal-projects/Blog/vendor/symfony/console/Command/Command.php(285): Illuminate\\Console\\Command->execute(Object(Symfony\\Component\\Console\\Input\\ArgvInput), Object(Illuminate\\Console\\OutputStyle))
#17 /Users/rifkinasss/Documents/workspace/Startup/NasLabs/internal-projects/Blog/vendor/laravel/framework/src/Illuminate/Console/Command.php(261): Symfony\\Component\\Console\\Command\\Command->run(Object(Symfony\\Component\\Console\\Input\\ArgvInput), Object(Illuminate\\Console\\OutputStyle))
#18 /Users/rifkinasss/Documents/workspace/Startup/NasLabs/internal-projects/Blog/vendor/symfony/console/Application.php(1144): Illuminate\\Console\\Command->run(Object(Symfony\\Component\\Console\\Input\\ArgvInput), Object(Symfony\\Component\\Console\\Output\\ConsoleOutput))
#19 /Users/rifkinasss/Documents/workspace/Startup/NasLabs/internal-projects/Blog/vendor/symfony/console/Application.php(379): Symfony\\Component\\Console\\Application->doRunCommand(Object(Illuminate\\Database\\Console\\Migrations\\StatusCommand), Object(Symfony\\Component\\Console\\Input\\ArgvInput), Object(Symfony\\Component\\Console\\Output\\ConsoleOutput))
#20 /Users/rifkinasss/Documents/workspace/Startup/NasLabs/internal-projects/Blog/vendor/symfony/console/Application.php(218): Symfony\\Component\\Console\\Application->doRun(Object(Symfony\\Component\\Console\\Input\\ArgvInput), Object(Symfony\\Component\\Console\\Output\\ConsoleOutput))
#21 /Users/rifkinasss/Documents/workspace/Startup/NasLabs/internal-projects/Blog/vendor/laravel/framework/src/Illuminate/Foundation/Console/Kernel.php(198): Symfony\\Component\\Console\\Application->run(Object(Symfony\\Component\\Console\\Input\\ArgvInput), Object(Symfony\\Component\\Console\\Output\\ConsoleOutput))
#22 /Users/rifkinasss/Documents/workspace/Startup/NasLabs/internal-projects/Blog/vendor/laravel/framework/src/Illuminate/Foundation/Application.php(1242): Illuminate\\Foundation\\Console\\Kernel->handle(Object(Symfony\\Component\\Console\\Input\\ArgvInput), Object(Symfony\\Component\\Console\\Output\\ConsoleOutput))
#23 /Users/rifkinasss/Documents/workspace/Startup/NasLabs/internal-projects/Blog/artisan(16): Illuminate\\Foundation\\Application->handleCommand(Object(Symfony\\Component\\Console\\Input\\ArgvInput))
#24 {main}

[previous exception] [object] (PDOException(code: 7): SQLSTATE[08006] [7] connection to server at \"127.0.0.1\", port 5432 failed: Operation not permitted
\tIs the server running on that host and accepting TCP/IP connections? at /Users/rifkinasss/Documents/workspace/Startup/NasLabs/internal-projects/Blog/vendor/laravel/framework/src/Illuminate/Database/Connectors/Connector.php:67)
[stacktrace]
#0 /Users/rifkinasss/Documents/workspace/Startup/NasLabs/internal-projects/Blog/vendor/laravel/framework/src/Illuminate/Database/Connectors/Connector.php(67): PDO::connect('pgsql:host=127....', 'naslabs', Object(SensitiveParameterValue), Array)
#1 /Users/rifkinasss/Documents/workspace/Startup/NasLabs/internal-projects/Blog/vendor/laravel/framework/src/Illuminate/Database/Connectors/Connector.php(44): Illuminate\\Database\\Connectors\\Connector->createPdoConnection('pgsql:host=127....', 'naslabs', Object(SensitiveParameterValue), Array)
#2 /Users/rifkinasss/Documents/workspace/Startup/NasLabs/internal-projects/Blog/vendor/laravel/framework/src/Illuminate/Database/Connectors/PostgresConnector.php(35): Illuminate\\Database\\Connectors\\Connector->createConnection('pgsql:host=127....', Array, Array)
#3 /Users/rifkinasss/Documents/workspace/Startup/NasLabs/internal-projects/Blog/vendor/laravel/framework/src/Illuminate/Database/Connectors/ConnectionFactory.php(220): Illuminate\\Database\\Connectors\\PostgresConnector->connect(Array)
#4 [internal function]: Illuminate\\Database\\Connectors\\ConnectionFactory->{closure:Illuminate\\Database\\Connectors\\ConnectionFactory::createPdoResolverWithHosts():213}()
#5 /Users/rifkinasss/Documents/workspace/Startup/NasLabs/internal-projects/Blog/vendor/laravel/framework/src/Illuminate/Database/Connection.php(1298): call_user_func(Object(Closure))
#6 /Users/rifkinasss/Documents/workspace/Startup/NasLabs/internal-projects/Blog/vendor/laravel/framework/src/Illuminate/Database/Connection.php(1336): Illuminate\\Database\\Connection->getPdo()
#7 /Users/rifkinasss/Documents/workspace/Startup/NasLabs/internal-projects/Blog/vendor/laravel/framework/src/Illuminate/Database/Connection.php(542): Illuminate\\Database\\Connection->getReadPdo()
#8 /Users/rifkinasss/Documents/workspace/Startup/NasLabs/internal-projects/Blog/vendor/laravel/framework/src/Illuminate/Database/Connection.php(435): Illuminate\\Database\\Connection->getPdoForSelect(true)
#9 /Users/rifkinasss/Documents/workspace/Startup/NasLabs/internal-projects/Blog/vendor/laravel/framework/src/Illuminate/Database/Connection.php(846): Illuminate\\Database\\Connection->{closure:Illuminate\\Database\\Connection::select():426}('select exists (...', Array)
#10 /Users/rifkinasss/Documents/workspace/Startup/NasLabs/internal-projects/Blog/vendor/laravel/framework/src/Illuminate/Database/Connection.php(813): Illuminate\\Database\\Connection->runQueryCallback('select exists (...', Array, Object(Closure))
#11 /Users/rifkinasss/Documents/workspace/Startup/NasLabs/internal-projects/Blog/vendor/laravel/framework/src/Illuminate/Database/Connection.php(426): Illuminate\\Database\\Connection->run('select exists (...', Array, Object(Closure))
#12 /Users/rifkinasss/Documents/workspace/Startup/NasLabs/internal-projects/Blog/vendor/laravel/framework/src/Illuminate/Database/Connection.php(371): Illuminate\\Database\\Connection->select('select exists (...', Array, true)
#13 /Users/rifkinasss/Documents/workspace/Startup/NasLabs/internal-projects/Blog/vendor/laravel/framework/src/Illuminate/Database/Connection.php(388): Illuminate\\Database\\Connection->selectOne('select exists (...', Array, true)
#14 /Users/rifkinasss/Documents/workspace/Startup/NasLabs/internal-projects/Blog/vendor/laravel/framework/src/Illuminate/Database/Schema/Builder.php(176): Illuminate\\Database\\Connection->scalar('select exists (...')
#15 /Users/rifkinasss/Documents/workspace/Startup/NasLabs/internal-projects/Blog/vendor/laravel/framework/src/Illuminate/Database/Migrations/DatabaseMigrationRepository.php(185): Illuminate\\Database\\Schema\\Builder->hasTable('migrations')
#16 /Users/rifkinasss/Documents/workspace/Startup/NasLabs/internal-projects/Blog/vendor/laravel/framework/src/Illuminate/Database/Migrations/Migrator.php(797): Illuminate\\Database\\Migrations\\DatabaseMigrationRepository->repositoryExists()
#17 /Users/rifkinasss/Documents/workspace/Startup/NasLabs/internal-projects/Blog/vendor/laravel/framework/src/Illuminate/Database/Console/Migrations/StatusCommand.php(67): Illuminate\\Database\\Migrations\\Migrator->repositoryExists()
#18 /Users/rifkinasss/Documents/workspace/Startup/NasLabs/internal-projects/Blog/vendor/laravel/framework/src/Illuminate/Database/Migrations/Migrator.php(672): Illuminate\\Database\\Console\\Migrations\\StatusCommand->{closure:Illuminate\\Database\\Console\\Migrations\\StatusCommand::handle():66}()
#19 /Users/rifkinasss/Documents/workspace/Startup/NasLabs/internal-projects/Blog/vendor/laravel/framework/src/Illuminate/Database/Console/Migrations/StatusCommand.php(66): Illuminate\\Database\\Migrations\\Migrator->usingConnection(NULL, Object(Closure))
#20 /Users/rifkinasss/Documents/workspace/Startup/NasLabs/internal-projects/Blog/vendor/laravel/framework/src/Illuminate/Container/BoundMethod.php(36): Illuminate\\Database\\Console\\Migrations\\StatusCommand->handle()
#21 /Users/rifkinasss/Documents/workspace/Startup/NasLabs/internal-projects/Blog/vendor/laravel/framework/src/Illuminate/Container/Util.php(43): Illuminate\\Container\\BoundMethod::{closure:Illuminate\\Container\\BoundMethod::call():35}()
#22 /Users/rifkinasss/Documents/workspace/Startup/NasLabs/internal-projects/Blog/vendor/laravel/framework/src/Illuminate/Container/BoundMethod.php(96): Illuminate\\Container\\Util::unwrapIfClosure(Object(Closure))
#23 /Users/rifkinasss/Documents/workspace/Startup/NasLabs/internal-projects/Blog/vendor/laravel/framework/src/Illuminate/Container/BoundMethod.php(35): Illuminate\\Container\\BoundMethod::callBoundMethod(Object(Illuminate\\Foundation\\Application), Array, Object(Closure))
#24 /Users/rifkinasss/Documents/workspace/Startup/NasLabs/internal-projects/Blog/vendor/laravel/framework/src/Illuminate/Container/Container.php(803): Illuminate\\Container\\BoundMethod::call(Object(Illuminate\\Foundation\\Application), Array, Array, NULL)
#25 /Users/rifkinasss/Documents/workspace/Startup/NasLabs/internal-projects/Blog/vendor/laravel/framework/src/Illuminate/Console/Command.php(292): Illuminate\\Container\\Container->call(Array)
#26 /Users/rifkinasss/Documents/workspace/Startup/NasLabs/internal-projects/Blog/vendor/symfony/console/Command/Command.php(285): Illuminate\\Console\\Command->execute(Object(Symfony\\Component\\Console\\Input\\ArgvInput), Object(Illuminate\\Console\\OutputStyle))
#27 /Users/rifkinasss/Documents/workspace/Startup/NasLabs/internal-projects/Blog/vendor/laravel/framework/src/Illuminate/Console/Command.php(261): Symfony\\Component\\Console\\Command\\Command->run(Object(Symfony\\Component\\Console\\Input\\ArgvInput), Object(Illuminate\\Console\\OutputStyle))
#28 /Users/rifkinasss/Documents/workspace/Startup/NasLabs/internal-projects/Blog/vendor/symfony/console/Application.php(1144): Illuminate\\Console\\Command->run(Object(Symfony\\Component\\Console\\Input\\ArgvInput), Object(Symfony\\Component\\Console\\Output\\ConsoleOutput))
#29 /Users/rifkinasss/Documents/workspace/Startup/NasLabs/internal-projects/Blog/vendor/symfony/console/Application.php(379): Symfony\\Component\\Console\\Application->doRunCommand(Object(Illuminate\\Database\\Console\\Migrations\\StatusCommand), Object(Symfony\\Component\\Console\\Input\\ArgvInput), Object(Symfony\\Component\\Console\\Output\\ConsoleOutput))
#30 /Users/rifkinasss/Documents/workspace/Startup/NasLabs/internal-projects/Blog/vendor/symfony/console/Application.php(218): Symfony\\Component\\Console\\Application->doRun(Object(Symfony\\Component\\Console\\Input\\ArgvInput), Object(Symfony\\Component\\Console\\Output\\ConsoleOutput))
#31 /Users/rifkinasss/Documents/workspace/Startup/NasLabs/internal-projects/Blog/vendor/laravel/framework/src/Illuminate/Foundation/Console/Kernel.php(198): Symfony\\Component\\Console\\Application->run(Object(Symfony\\Component\\Console\\Input\\ArgvInput), Object(Symfony\\Component\\Console\\Output\\ConsoleOutput))
#32 /Users/rifkinasss/Documents/workspace/Startup/NasLabs/internal-projects/Blog/vendor/laravel/framework/src/Illuminate/Foundation/Application.php(1242): Illuminate\\Foundation\\Console\\Kernel->handle(Object(Symfony\\Component\\Console\\Input\\ArgvInput), Object(Symfony\\Component\\Console\\Output\\ConsoleOutput))
#33 /Users/rifkinasss/Documents/workspace/Startup/NasLabs/internal-projects/Blog/artisan(16): Illuminate\\Foundation\\Application->handleCommand(Object(Symfony\\Component\\Console\\Input\\ArgvInput))
#34 {main}
"} 
[2026-09-14 07:44:28] local.ERROR: Livewire page component layout view not found: [layouts.dashboard] {"userId":1,"exception":"[object] (Livewire\\Features\\SupportPageComponents\\MissingLayoutException(code: 0): Livewire page component layout view not found: [layouts.dashboard] at /Users/rifkinasss/Documents/workspace/Startup/NasLabs/internal-projects/Blog/vendor/livewire/livewire/src/Features/SupportPageComponents/SupportPageComponents.php:203)
[stacktrace]
#0 /Users/rifkinasss/Documents/workspace/Startup/NasLabs/internal-projects/Blog/vendor/livewire/livewire/src/Features/SupportPageComponents/HandlesPageComponents.php(26): Livewire\\Features\\SupportPageComponents\\SupportPageComponents::renderContentsIntoLayout('<div wire:snaps...', Object(Livewire\\Features\\SupportPageComponents\\PageComponentConfig))
#1 /Users/rifkinasss/Documents/workspace/Startup/NasLabs/internal-projects/Blog/vendor/laravel/framework/src/Illuminate/Routing/ControllerDispatcher.php(46): Livewire\\Component->__invoke()
#2 /Users/rifkinasss/Documents/workspace/Startup/NasLabs/internal-projects/Blog/vendor/laravel/framework/src/Illuminate/Routing/Route.php(276): Illuminate\\Routing\\ControllerDispatcher->dispatch(Object(Illuminate\\Routing\\Route), Object(App\\Livewire\\Dashboard\\DashboardOverview), '__invoke')
#3 /Users/rifkinasss/Documents/workspace/Startup/NasLabs/internal-projects/Blog/vendor/laravel/framework/src/Illuminate/Routing/Route.php(216): Illuminate\\Routing\\Route->runController()
#4 /Users/rifkinasss/Documents/workspace/Startup/NasLabs/internal-projects/Blog/vendor/laravel/framework/src/Illuminate/Routing/Router.php(822): Illuminate\\Routing\\Route->run()
#5 /Users/rifkinasss/Documents/workspace/Startup/NasLabs/internal-projects/Blog/vendor/laravel/framework/src/Illuminate/Pipeline/Pipeline.php(180): Illuminate\\Routing\\Router->{closure:Illuminate\\Routing\\Router::runRouteWithinStack():821}(Object(Illuminate\\Http\\Request))
#6 /Users/rifkinasss/Documents/workspace/Startup/NasLabs/internal-projects/Blog/vendor/laravel/framework/src/Illuminate/Http/Middleware/AddLinkHeadersForPreloadedAssets.php(32): Illuminate\\Pipeline\\Pipeline->{closure:Illuminate\\Pipeline\\Pipeline::prepareDestination():178}(Object(Illuminate\\Http\\Request))
#7 /Users/rifkinasss/Documents/workspace/Startup/NasLabs/internal-projects/Blog/vendor/laravel/framework/src/Illuminate/Pipeline/Pipeline.php(219): Illuminate\\Http\\Middleware\\AddLinkHeadersForPreloadedAssets->handle(Object(Illuminate\\Http\\Request), Object(Closure))
#8 /Users/rifkinasss/Documents/workspace/Startup/NasLabs/internal-projects/Blog/vendor/laravel/framework/src/Illuminate/Routing/Middleware/SubstituteBindings.php(52): Illuminate\\Pipeline\\Pipeline->{closure:{closure:Illuminate\\Pipeline\\Pipeline::carry():194}:195}(Object(Illuminate\\Http\\Request))
#9 /Users/rifkinasss/Documents/workspace/Startup/NasLabs/internal-projects/Blog/vendor/laravel/framework/src/Illuminate/Pipeline/Pipeline.php(219): Illuminate\\Routing\\Middleware\\SubstituteBindings->handle(Object(Illuminate\\Http\\Request), Object(Closure))
#10 /Users/rifkinasss/Documents/workspace/Startup/NasLabs/internal-projects/Blog/vendor/laravel/framework/src/Illuminate/Auth/Middleware/Authenticate.php(63): Illuminate\\Pipeline\\Pipeline->{closure:{closure:Illuminate\\Pipeline\\Pipeline::carry():194}:195}(Object(Illuminate\\Http\\Request))
#11 /Users/rifkinasss/Documents/workspace/Startup/NasLabs/internal-projects/Blog/vendor/laravel/framework/src/Illuminate/Pipeline/Pipeline.php(219): Illuminate\\Auth\\Middleware\\Authenticate->handle(Object(Illuminate\\Http\\Request), Object(Closure))
#12 /Users/rifkinasss/Documents/workspace/Startup/NasLabs/internal-projects/Blog/vendor/laravel/framework/src/Illuminate/Foundation/Http/Middleware/PreventRequestForgery.php(104): Illuminate\\Pipeline\\Pipeline->{closure:{closure:Illuminate\\Pipeline\\Pipeline::carry():194}:195}(Object(Illuminate\\Http\\Request))
#13 /Users/rifkinasss/Documents/workspace/Startup/NasLabs/internal-projects/Blog/vendor/laravel/framework/src/Illuminate/Pipeline/Pipeline.php(219): Illuminate\\Foundation\\Http\\Middleware\\PreventRequestForgery->handle(Object(Illuminate\\Http\\Request), Object(Closure))
#14 /Users/rifkinasss/Documents/workspace/Startup/NasLabs/internal-projects/Blog/vendor/laravel/framework/src/Illuminate/View/Middleware/ShareErrorsFromSession.php(48): Illuminate\\Pipeline\\Pipeline->{closure:{closure:Illuminate\\Pipeline\\Pipeline::carry():194}:195}(Object(Illuminate\\Http\\Request))
#15 /Users/rifkinasss/Documents/workspace/Startup/NasLabs/internal-projects/Blog/vendor/laravel/framework/src/Illuminate/Pipeline/Pipeline.php(219): Illuminate\\View\\Middleware\\ShareErrorsFromSession->handle(Object(Illuminate\\Http\\Request), Object(Closure))
#16 /Users/rifkinasss/Documents/workspace/Startup/NasLabs/internal-projects/Blog/vendor/laravel/framework/src/Illuminate/Session/Middleware/StartSession.php(120): Illuminate\\Pipeline\\Pipeline->{closure:{closure:Illuminate\\Pipeline\\Pipeline::carry():194}:195}(Object(Illuminate\\Http\\Request))
#17 /Users/rifkinasss/Documents/workspace/Startup/NasLabs/internal-projects/Blog/vendor/laravel/framework/src/Illuminate/Session/Middleware/StartSession.php(63): Illuminate\\Session\\Middleware\\StartSession->handleStatefulRequest(Object(Illuminate\\Http\\Request), Object(Illuminate\\Session\\Store), Object(Closure))
#18 /Users/rifkinasss/Documents/workspace/Startup/NasLabs/internal-projects/Blog/vendor/laravel/framework/src/Illuminate/Pipeline/Pipeline.php(219): Illuminate\\Session\\Middleware\\StartSession->handle(Object(Illuminate\\Http\\Request), Object(Closure))
#19 /Users/rifkinasss/Documents/workspace/Startup/NasLabs/internal-projects/Blog/vendor/laravel/framework/src/Illuminate/Cookie/Middleware/AddQueuedCookiesToResponse.php(36): Illuminate\\Pipeline\\Pipeline->{closure:{closure:Illuminate\\Pipeline\\Pipeline::carry():194}:195}(Object(Illuminate\\Http\\Request))
#20 /Users/rifkinasss/Documents/workspace/Startup/NasLabs/internal-projects/Blog/vendor/laravel/framework/src/Illuminate/Pipeline/Pipeline.php(219): Illuminate\\Cookie\\Middleware\\AddQueuedCookiesToResponse->handle(Object(Illuminate\\Http\\Request), Object(Closure))
#21 /Users/rifkinasss/Documents/workspace/Startup/NasLabs/internal-projects/Blog/vendor/laravel/framework/src/Illuminate/Cookie/Middleware/EncryptCookies.php(74): Illuminate\\Pipeline\\Pipeline->{closure:{closure:Illuminate\\Pipeline\\Pipeline::carry():194}:195}(Object(Illuminate\\Http\\Request))
#22 /Users/rifkinasss/Documents/workspace/Startup/NasLabs/internal-projects/Blog/vendor/laravel/framework/src/Illuminate/Pipeline/Pipeline.php(219): Illuminate\\Cookie\\Middleware\\EncryptCookies->handle(Object(Illuminate\\Http\\Request), Object(Closure))
#23 /Users/rifkinasss/Documents/workspace/Startup/NasLabs/internal-projects/Blog/vendor/laravel/framework/src/Illuminate/Pipeline/Pipeline.php(137): Illuminate\\Pipeline\\Pipeline->{closure:{closure:Illuminate\\Pipeline\\Pipeline::carry():194}:195}(Object(Illuminate\\Http\\Request))
#24 /Users/rifkinasss/Documents/workspace/Startup/NasLabs/internal-projects/Blog/vendor/laravel/framework/src/Illuminate/Routing/Router.php(821): Illuminate\\Pipeline\\Pipeline->then(Object(Closure))
#25 /Users/rifkinasss/Documents/workspace/Startup/NasLabs/internal-projects/Blog/vendor/laravel/framework/src/Illuminate/Routing/Router.php(800): Illuminate\\Routing\\Router->runRouteWithinStack(Object(Illuminate\\Routing\\Route), Object(Illuminate\\Http\\Request))
#26 /Users/rifkinasss/Documents/workspace/Startup/NasLabs/internal-projects/Blog/vendor/laravel/framework/src/Illuminate/Routing/Router.php(764): Illuminate\\Routing\\Router->runRoute(Object(Illuminate\\Http\\Request), Object(Illuminate\\Routing\\Route))
#27 /Users/rifkinasss/Documents/workspace/Startup/NasLabs/internal-projects/Blog/vendor/laravel/framework/src/Illuminate/Routing/Router.php(753): Illuminate\\Routing\\Router->dispatchToRoute(Object(Illuminate\\Http\\Request))
#28 /Users/rifkinasss/Documents/workspace/Startup/NasLabs/internal-projects/Blog/vendor/laravel/framework/src/Illuminate/Foundation/Http/Kernel.php(200): Illuminate\\Routing\\Router->dispatch(Object(Illuminate\\Http\\Request))
#29 /Users/rifkinasss/Documents/workspace/Startup/NasLabs/internal-projects/Blog/vendor/laravel/framework/src/Illuminate/Pipeline/Pipeline.php(180): Illuminate\\Foundation\\Http\\Kernel->{closure:Illuminate\\Foundation\\Http\\Kernel::dispatchToRouter():197}(Object(Illuminate\\Http\\Request))
#30 /Users/rifkinasss/Documents/workspace/Startup/NasLabs/internal-projects/Blog/vendor/livewire/livewire/src/Features/SupportDisablingBackButtonCache/DisableBackButtonCacheMiddleware.php(19): Illuminate\\Pipeline\\Pipeline->{closure:Illuminate\\Pipeline\\Pipeline::prepareDestination():178}(Object(Illuminate\\Http\\Request))
#31 /Users/rifkinasss/Documents/workspace/Startup/NasLabs/internal-projects/Blog/vendor/laravel/framework/src/Illuminate/Pipeline/Pipeline.php(219): Livewire\\Features\\SupportDisablingBackButtonCache\\DisableBackButtonCacheMiddleware->handle(Object(Illuminate\\Http\\Request), Object(Closure))
#32 /Users/rifkinasss/Documents/workspace/Startup/NasLabs/internal-projects/Blog/vendor/laravel/framework/src/Illuminate/Foundation/Http/Middleware/TransformsRequest.php(21): Illuminate\\Pipeline\\Pipeline->{closure:{closure:Illuminate\\Pipeline\\Pipeline::carry():194}:195}(Object(Illuminate\\Http\\Request))
#33 /Users/rifkinasss/Documents/workspace/Startup/NasLabs/internal-projects/Blog/vendor/laravel/framework/src/Illuminate/Foundation/Http/Middleware/ConvertEmptyStringsToNull.php(31): Illuminate\\Foundation\\Http\\Middleware\\TransformsRequest->handle(Object(Illuminate\\Http\\Request), Object(Closure))
#34 /Users/rifkinasss/Documents/workspace/Startup/NasLabs/internal-projects/Blog/vendor/laravel/framework/src/Illuminate/Pipeline/Pipeline.php(219): Illuminate\\Foundation\\Http\\Middleware\\ConvertEmptyStringsToNull->handle(Object(Illuminate\\Http\\Request), Object(Closure))
#35 /Users/rifkinasss/Documents/workspace/Startup/NasLabs/internal-projects/Blog/vendor/laravel/framework/src/Illuminate/Foundation/Http/Middleware/TransformsRequest.php(21): Illuminate\\Pipeline\\Pipeline->{closure:{closure:Illuminate\\Pipeline\\Pipeline::carry():194}:195}(Object(Illuminate\\Http\\Request))
#36 /Users/rifkinasss/Documents/workspace/Startup/NasLabs/internal-projects/Blog/vendor/laravel/framework/src/Illuminate/Foundation/Http/Middleware/TrimStrings.php(51): Illuminate\\Foundation\\Http\\Middleware\\TransformsRequest->handle(Object(Illuminate\\Http\\Request), Object(Closure))
#37 /Users/rifkinasss/Documents/workspace/Startup/NasLabs/internal-projects/Blog/vendor/laravel/framework/src/Illuminate/Pipeline/Pipeline.php(219): Illuminate\\Foundation\\Http\\Middleware\\TrimStrings->handle(Object(Illuminate\\Http\\Request), Object(Closure))
#38 /Users/rifkinasss/Documents/workspace/Startup/NasLabs/internal-projects/Blog/vendor/laravel/framework/src/Illuminate/Http/Middleware/ValidatePostSize.php(27): Illuminate\\Pipeline\\Pipeline->{closure:{closure:Illuminate\\Pipeline\\Pipeline::carry():194}:195}(Object(Illuminate\\Http\\Request))
#39 /Users/rifkinasss/Documents/workspace/Startup/NasLabs/internal-projects/Blog/vendor/laravel/framework/src/Illuminate/Pipeline/Pipeline.php(219): Illuminate\\Http\\Middleware\\ValidatePostSize->handle(Object(Illuminate\\Http\\Request), Object(Closure))
#40 /Users/rifkinasss/Documents/workspace/Startup/NasLabs/internal-projects/Blog/vendor/laravel/framework/src/Illuminate/Foundation/Http/Middleware/PreventRequestsDuringMaintenance.php(110): Illuminate\\Pipeline\\Pipeline->{closure:{closure:Illuminate\\Pipeline\\Pipeline::carry():194}:195}(Object(Illuminate\\Http\\Request))
#41 /Users/rifkinasss/Documents/workspace/Startup/NasLabs/internal-projects/Blog/vendor/laravel/framework/src/Illuminate/Pipeline/Pipeline.php(219): Illuminate\\Foundation\\Http\\Middleware\\PreventRequestsDuringMaintenance->handle(Object(Illuminate\\Http\\Request), Object(Closure))
#42 /Users/rifkinasss/Documents/workspace/Startup/NasLabs/internal-projects/Blog/vendor/laravel/framework/src/Illuminate/Http/Middleware/HandleCors.php(61): Illuminate\\Pipeline\\Pipeline->{closure:{closure:Illuminate\\Pipeline\\Pipeline::carry():194}:195}(Object(Illuminate\\Http\\Request))
#43 /Users/rifkinasss/Documents/workspace/Startup/NasLabs/internal-projects/Blog/vendor/laravel/framework/src/Illuminate/Pipeline/Pipeline.php(219): Illuminate\\Http\\Middleware\\HandleCors->handle(Object(Illuminate\\Http\\Request), Object(Closure))
#44 /Users/rifkinasss/Documents/workspace/Startup/NasLabs/internal-projects/Blog/vendor/laravel/framework/src/Illuminate/Http/Middleware/TrustProxies.php(58): Illuminate\\Pipeline\\Pipeline->{closure:{closure:Illuminate\\Pipeline\\Pipeline::carry():194}:195}(Object(Illuminate\\Http\\Request))
#45 /Users/rifkinasss/Documents/workspace/Startup/NasLabs/internal-projects/Blog/vendor/laravel/framework/src/Illuminate/Pipeline/Pipeline.php(219): Illuminate\\Http\\Middleware\\TrustProxies->handle(Object(Illuminate\\Http\\Request), Object(Closure))
#46 /Users/rifkinasss/Documents/workspace/Startup/NasLabs/internal-projects/Blog/vendor/laravel/framework/src/Illuminate/Foundation/Http/Middleware/InvokeDeferredCallbacks.php(22): Illuminate\\Pipeline\\Pipeline->{closure:{closure:Illuminate\\Pipeline\\Pipeline::carry():194}:195}(Object(Illuminate\\Http\\Request))
#47 /Users/rifkinasss/Documents/workspace/Startup/NasLabs/internal-projects/Blog/vendor/laravel/framework/src/Illuminate/Pipeline/Pipeline.php(219): Illuminate\\Foundation\\Http\\Middleware\\InvokeDeferredCallbacks->handle(Object(Illuminate\\Http\\Request), Object(Closure))
#48 /Users/rifkinasss/Documents/workspace/Startup/NasLabs/internal-projects/Blog/vendor/laravel/framework/src/Illuminate/Http/Middleware/ValidatePathEncoding.php(28): Illuminate\\Pipeline\\Pipeline->{closure:{closure:Illuminate\\Pipeline\\Pipeline::carry():194}:195}(Object(Illuminate\\Http\\Request))
#49 /Users/rifkinasss/Documents/workspace/Startup/NasLabs/internal-projects/Blog/vendor/laravel/framework/src/Illuminate/Pipeline/Pipeline.php(219): Illuminate\\Http\\Middleware\\ValidatePathEncoding->handle(Object(Illuminate\\Http\\Request), Object(Closure))
#50 /Users/rifkinasss/Documents/workspace/Startup/NasLabs/internal-projects/Blog/vendor/laravel/framework/src/Illuminate/Pipeline/Pipeline.php(137): Illuminate\\Pipeline\\Pipeline->{closure:{closure:Illuminate\\Pipeline\\Pipeline::carry():194}:195}(Object(Illuminate\\Http\\Request))
#51 /Users/rifkinasss/Documents/workspace/Startup/NasLabs/internal-projects/Blog/vendor/laravel/framework/src/Illuminate/Foundation/Http/Kernel.php(175): Illuminate\\Pipeline\\Pipeline->then(Object(Closure))
#52 /Users/rifkinasss/Documents/workspace/Startup/NasLabs/internal-projects/Blog/vendor/laravel/framework/src/Illuminate/Foundation/Http/Kernel.php(144): Illuminate\\Foundation\\Http\\Kernel->sendRequestThroughRouter(Object(Illuminate\\Http\\Request))
#53 /Users/rifkinasss/Documents/workspace/Startup/NasLabs/internal-projects/Blog/vendor/laravel/framework/src/Illuminate/Foundation/Application.php(1227): Illuminate\\Foundation\\Http\\Kernel->handle(Object(Illuminate\\Http\\Request))
#54 /Users/rifkinasss/Documents/workspace/Startup/NasLabs/internal-projects/Blog/public/index.php(20): Illuminate\\Foundation\\Application->handleRequest(Object(Illuminate\\Http\\Request))
#55 /Users/rifkinasss/Documents/workspace/Startup/NasLabs/internal-projects/Blog/vendor/laravel/framework/src/Illuminate/Foundation/resources/server.php(23): require_once('/Users/rifkinas...')
#56 {main}
"} 
[2026-09-14 07:44:34] local.ERROR: Livewire page component layout view not found: [layouts.dashboard] {"userId":1,"exception":"[object] (Livewire\\Features\\SupportPageComponents\\MissingLayoutException(code: 0): Livewire page component layout view not found: [layouts.dashboard] at /Users/rifkinasss/Documents/workspace/Startup/NasLabs/internal-projects/Blog/vendor/livewire/livewire/src/Features/SupportPageComponents/SupportPageComponents.php:203)
[stacktrace]
#0 /Users/rifkinasss/Documents/workspace/Startup/NasLabs/internal-projects/Blog/vendor/livewire/livewire/src/Features/SupportPageComponents/HandlesPageComponents.php(26): Livewire\\Features\\SupportPageComponents\\SupportPageComponents::renderContentsIntoLayout('<div wire:snaps...', Object(Livewire\\Features\\SupportPageComponents\\PageComponentConfig))
#1 /Users/rifkinasss/Documents/workspace/Startup/NasLabs/internal-projects/Blog/vendor/laravel/framework/src/Illuminate/Routing/ControllerDispatcher.php(46): Livewire\\Component->__invoke()
#2 /Users/rifkinasss/Documents/workspace/Startup/NasLabs/internal-projects/Blog/vendor/laravel/framework/src/Illuminate/Routing/Route.php(276): Illuminate\\Routing\\ControllerDispatcher->dispatch(Object(Illuminate\\Routing\\Route), Object(App\\Livewire\\Dashboard\\DashboardOverview), '__invoke')
#3 /Users/rifkinasss/Documents/workspace/Startup/NasLabs/internal-projects/Blog/vendor/laravel/framework/src/Illuminate/Routing/Route.php(216): Illuminate\\Routing\\Route->runController()
#4 /Users/rifkinasss/Documents/workspace/Startup/NasLabs/internal-projects/Blog/vendor/laravel/framework/src/Illuminate/Routing/Router.php(822): Illuminate\\Routing\\Route->run()
#5 /Users/rifkinasss/Documents/workspace/Startup/NasLabs/internal-projects/Blog/vendor/laravel/framework/src/Illuminate/Pipeline/Pipeline.php(180): Illuminate\\Routing\\Router->{closure:Illuminate\\Routing\\Router::runRouteWithinStack():821}(Object(Illuminate\\Http\\Request))
#6 /Users/rifkinasss/Documents/workspace/Startup/NasLabs/internal-projects/Blog/vendor/laravel/framework/src/Illuminate/Http/Middleware/AddLinkHeadersForPreloadedAssets.php(32): Illuminate\\Pipeline\\Pipeline->{closure:Illuminate\\Pipeline\\Pipeline::prepareDestination():178}(Object(Illuminate\\Http\\Request))
#7 /Users/rifkinasss/Documents/workspace/Startup/NasLabs/internal-projects/Blog/vendor/laravel/framework/src/Illuminate/Pipeline/Pipeline.php(219): Illuminate\\Http\\Middleware\\AddLinkHeadersForPreloadedAssets->handle(Object(Illuminate\\Http\\Request), Object(Closure))
#8 /Users/rifkinasss/Documents/workspace/Startup/NasLabs/internal-projects/Blog/vendor/laravel/framework/src/Illuminate/Routing/Middleware/SubstituteBindings.php(52): Illuminate\\Pipeline\\Pipeline->{closure:{closure:Illuminate\\Pipeline\\Pipeline::carry():194}:195}(Object(Illuminate\\Http\\Request))
#9 /Users/rifkinasss/Documents/workspace/Startup/NasLabs/internal-projects/Blog/vendor/laravel/framework/src/Illuminate/Pipeline/Pipeline.php(219): Illuminate\\Routing\\Middleware\\SubstituteBindings->handle(Object(Illuminate\\Http\\Request), Object(Closure))
#10 /Users/rifkinasss/Documents/workspace/Startup/NasLabs/internal-projects/Blog/vendor/laravel/framework/src/Illuminate/Auth/Middleware/Authenticate.php(63): Illuminate\\Pipeline\\Pipeline->{closure:{closure:Illuminate\\Pipeline\\Pipeline::carry():194}:195}(Object(Illuminate\\Http\\Request))
#11 /Users/rifkinasss/Documents/workspace/Startup/NasLabs/internal-projects/Blog/vendor/laravel/framework/src/Illuminate/Pipeline/Pipeline.php(219): Illuminate\\Auth\\Middleware\\Authenticate->handle(Object(Illuminate\\Http\\Request), Object(Closure))
#12 /Users/rifkinasss/Documents/workspace/Startup/NasLabs/internal-projects/Blog/vendor/laravel/framework/src/Illuminate/Foundation/Http/Middleware/PreventRequestForgery.php(104): Illuminate\\Pipeline\\Pipeline->{closure:{closure:Illuminate\\Pipeline\\Pipeline::carry():194}:195}(Object(Illuminate\\Http\\Request))
#13 /Users/rifkinasss/Documents/workspace/Startup/NasLabs/internal-projects/Blog/vendor/laravel/framework/src/Illuminate/Pipeline/Pipeline.php(219): Illuminate\\Foundation\\Http\\Middleware\\PreventRequestForgery->handle(Object(Illuminate\\Http\\Request), Object(Closure))
#14 /Users/rifkinasss/Documents/workspace/Startup/NasLabs/internal-projects/Blog/vendor/laravel/framework/src/Illuminate/View/Middleware/ShareErrorsFromSession.php(48): Illuminate\\Pipeline\\Pipeline->{closure:{closure:Illuminate\\Pipeline\\Pipeline::carry():194}:195}(Object(Illuminate\\Http\\Request))
#15 /Users/rifkinasss/Documents/workspace/Startup/NasLabs/internal-projects/Blog/vendor/laravel/framework/src/Illuminate/Pipeline/Pipeline.php(219): Illuminate\\View\\Middleware\\ShareErrorsFromSession->handle(Object(Illuminate\\Http\\Request), Object(Closure))
#16 /Users/rifkinasss/Documents/workspace/Startup/NasLabs/internal-projects/Blog/vendor/laravel/framework/src/Illuminate/Session/Middleware/StartSession.php(120): Illuminate\\Pipeline\\Pipeline->{closure:{closure:Illuminate\\Pipeline\\Pipeline::carry():194}:195}(Object(Illuminate\\Http\\Request))
#17 /Users/rifkinasss/Documents/workspace/Startup/NasLabs/internal-projects/Blog/vendor/laravel/framework/src/Illuminate/Session/Middleware/StartSession.php(63): Illuminate\\Session\\Middleware\\StartSession->handleStatefulRequest(Object(Illuminate\\Http\\Request), Object(Illuminate\\Session\\Store), Object(Closure))
#18 /Users/rifkinasss/Documents/workspace/Startup/NasLabs/internal-projects/Blog/vendor/laravel/framework/src/Illuminate/Pipeline/Pipeline.php(219): Illuminate\\Session\\Middleware\\StartSession->handle(Object(Illuminate\\Http\\Request), Object(Closure))
#19 /Users/rifkinasss/Documents/workspace/Startup/NasLabs/internal-projects/Blog/vendor/laravel/framework/src/Illuminate/Cookie/Middleware/AddQueuedCookiesToResponse.php(36): Illuminate\\Pipeline\\Pipeline->{closure:{closure:Illuminate\\Pipeline\\Pipeline::carry():194}:195}(Object(Illuminate\\Http\\Request))
#20 /Users/rifkinasss/Documents/workspace/Startup/NasLabs/internal-projects/Blog/vendor/laravel/framework/src/Illuminate/Pipeline/Pipeline.php(219): Illuminate\\Cookie\\Middleware\\AddQueuedCookiesToResponse->handle(Object(Illuminate\\Http\\Request), Object(Closure))
#21 /Users/rifkinasss/Documents/workspace/Startup/NasLabs/internal-projects/Blog/vendor/laravel/framework/src/Illuminate/Cookie/Middleware/EncryptCookies.php(74): Illuminate\\Pipeline\\Pipeline->{closure:{closure:Illuminate\\Pipeline\\Pipeline::carry():194}:195}(Object(Illuminate\\Http\\Request))
#22 /Users/rifkinasss/Documents/workspace/Startup/NasLabs/internal-projects/Blog/vendor/laravel/framework/src/Illuminate/Pipeline/Pipeline.php(219): Illuminate\\Cookie\\Middleware\\EncryptCookies->handle(Object(Illuminate\\Http\\Request), Object(Closure))
#23 /Users/rifkinasss/Documents/workspace/Startup/NasLabs/internal-projects/Blog/vendor/laravel/framework/src/Illuminate/Pipeline/Pipeline.php(137): Illuminate\\Pipeline\\Pipeline->{closure:{closure:Illuminate\\Pipeline\\Pipeline::carry():194}:195}(Object(Illuminate\\Http\\Request))
#24 /Users/rifkinasss/Documents/workspace/Startup/NasLabs/internal-projects/Blog/vendor/laravel/framework/src/Illuminate/Routing/Router.php(821): Illuminate\\Pipeline\\Pipeline->then(Object(Closure))
#25 /Users/rifkinasss/Documents/workspace/Startup/NasLabs/internal-projects/Blog/vendor/laravel/framework/src/Illuminate/Routing/Router.php(800): Illuminate\\Routing\\Router->runRouteWithinStack(Object(Illuminate\\Routing\\Route), Object(Illuminate\\Http\\Request))
#26 /Users/rifkinasss/Documents/workspace/Startup/NasLabs/internal-projects/Blog/vendor/laravel/framework/src/Illuminate/Routing/Router.php(764): Illuminate\\Routing\\Router->runRoute(Object(Illuminate\\Http\\Request), Object(Illuminate\\Routing\\Route))
#27 /Users/rifkinasss/Documents/workspace/Startup/NasLabs/internal-projects/Blog/vendor/laravel/framework/src/Illuminate/Routing/Router.php(753): Illuminate\\Routing\\Router->dispatchToRoute(Object(Illuminate\\Http\\Request))
#28 /Users/rifkinasss/Documents/workspace/Startup/NasLabs/internal-projects/Blog/vendor/laravel/framework/src/Illuminate/Foundation/Http/Kernel.php(200): Illuminate\\Routing\\Router->dispatch(Object(Illuminate\\Http\\Request))
#29 /Users/rifkinasss/Documents/workspace/Startup/NasLabs/internal-projects/Blog/vendor/laravel/framework/src/Illuminate/Pipeline/Pipeline.php(180): Illuminate\\Foundation\\Http\\Kernel->{closure:Illuminate\\Foundation\\Http\\Kernel::dispatchToRouter():197}(Object(Illuminate\\Http\\Request))
#30 /Users/rifkinasss/Documents/workspace/Startup/NasLabs/internal-projects/Blog/vendor/livewire/livewire/src/Features/SupportDisablingBackButtonCache/DisableBackButtonCacheMiddleware.php(19): Illuminate\\Pipeline\\Pipeline->{closure:Illuminate\\Pipeline\\Pipeline::prepareDestination():178}(Object(Illuminate\\Http\\Request))
#31 /Users/rifkinasss/Documents/workspace/Startup/NasLabs/internal-projects/Blog/vendor/laravel/framework/src/Illuminate/Pipeline/Pipeline.php(219): Livewire\\Features\\SupportDisablingBackButtonCache\\DisableBackButtonCacheMiddleware->handle(Object(Illuminate\\Http\\Request), Object(Closure))
#32 /Users/rifkinasss/Documents/workspace/Startup/NasLabs/internal-projects/Blog/vendor/laravel/framework/src/Illuminate/Foundation/Http/Middleware/TransformsRequest.php(21): Illuminate\\Pipeline\\Pipeline->{closure:{closure:Illuminate\\Pipeline\\Pipeline::carry():194}:195}(Object(Illuminate\\Http\\Request))
#33 /Users/rifkinasss/Documents/workspace/Startup/NasLabs/internal-projects/Blog/vendor/laravel/framework/src/Illuminate/Foundation/Http/Middleware/ConvertEmptyStringsToNull.php(31): Illuminate\\Foundation\\Http\\Middleware\\TransformsRequest->handle(Object(Illuminate\\Http\\Request), Object(Closure))
#34 /Users/rifkinasss/Documents/workspace/Startup/NasLabs/internal-projects/Blog/vendor/laravel/framework/src/Illuminate/Pipeline/Pipeline.php(219): Illuminate\\Foundation\\Http\\Middleware\\ConvertEmptyStringsToNull->handle(Object(Illuminate\\Http\\Request), Object(Closure))
#35 /Users/rifkinasss/Documents/workspace/Startup/NasLabs/internal-projects/Blog/vendor/laravel/framework/src/Illuminate/Foundation/Http/Middleware/TransformsRequest.php(21): Illuminate\\Pipeline\\Pipeline->{closure:{closure:Illuminate\\Pipeline\\Pipeline::carry():194}:195}(Object(Illuminate\\Http\\Request))
#36 /Users/rifkinasss/Documents/workspace/Startup/NasLabs/internal-projects/Blog/vendor/laravel/framework/src/Illuminate/Foundation/Http/Middleware/TrimStrings.php(51): Illuminate\\Foundation\\Http\\Middleware\\TransformsRequest->handle(Object(Illuminate\\Http\\Request), Object(Closure))
#37 /Users/rifkinasss/Documents/workspace/Startup/NasLabs/internal-projects/Blog/vendor/laravel/framework/src/Illuminate/Pipeline/Pipeline.php(219): Illuminate\\Foundation\\Http\\Middleware\\TrimStrings->handle(Object(Illuminate\\Http\\Request), Object(Closure))
#38 /Users/rifkinasss/Documents/workspace/Startup/NasLabs/internal-projects/Blog/vendor/laravel/framework/src/Illuminate/Http/Middleware/ValidatePostSize.php(27): Illuminate\\Pipeline\\Pipeline->{closure:{closure:Illuminate\\Pipeline\\Pipeline::carry():194}:195}(Object(Illuminate\\Http\\Request))
#39 /Users/rifkinasss/Documents/workspace/Startup/NasLabs/internal-projects/Blog/vendor/laravel/framework/src/Illuminate/Pipeline/Pipeline.php(219): Illuminate\\Http\\Middleware\\ValidatePostSize->handle(Object(Illuminate\\Http\\Request), Object(Closure))
#40 /Users/rifkinasss/Documents/workspace/Startup/NasLabs/internal-projects/Blog/vendor/laravel/framework/src/Illuminate/Foundation/Http/Middleware/PreventRequestsDuringMaintenance.php(110): Illuminate\\Pipeline\\Pipeline->{closure:{closure:Illuminate\\Pipeline\\Pipeline::carry():194}:195}(Object(Illuminate\\Http\\Request))
#41 /Users/rifkinasss/Documents/workspace/Startup/NasLabs/internal-projects/Blog/vendor/laravel/framework/src/Illuminate/Pipeline/Pipeline.php(219): Illuminate\\Foundation\\Http\\Middleware\\PreventRequestsDuringMaintenance->handle(Object(Illuminate\\Http\\Request), Object(Closure))
#42 /Users/rifkinasss/Documents/workspace/Startup/NasLabs/internal-projects/Blog/vendor/laravel/framework/src/Illuminate/Http/Middleware/HandleCors.php(61): Illuminate\\Pipeline\\Pipeline->{closure:{closure:Illuminate\\Pipeline\\Pipeline::carry():194}:195}(Object(Illuminate\\Http\\Request))
#43 /Users/rifkinasss/Documents/workspace/Startup/NasLabs/internal-projects/Blog/vendor/laravel/framework/src/Illuminate/Pipeline/Pipeline.php(219): Illuminate\\Http\\Middleware\\HandleCors->handle(Object(Illuminate\\Http\\Request), Object(Closure))
#44 /Users/rifkinasss/Documents/workspace/Startup/NasLabs/internal-projects/Blog/vendor/laravel/framework/src/Illuminate/Http/Middleware/TrustProxies.php(58): Illuminate\\Pipeline\\Pipeline->{closure:{closure:Illuminate\\Pipeline\\Pipeline::carry():194}:195}(Object(Illuminate\\Http\\Request))
#45 /Users/rifkinasss/Documents/workspace/Startup/NasLabs/internal-projects/Blog/vendor/laravel/framework/src/Illuminate/Pipeline/Pipeline.php(219): Illuminate\\Http\\Middleware\\TrustProxies->handle(Object(Illuminate\\Http\\Request), Object(Closure))
#46 /Users/rifkinasss/Documents/workspace/Startup/NasLabs/internal-projects/Blog/vendor/laravel/framework/src/Illuminate/Foundation/Http/Middleware/InvokeDeferredCallbacks.php(22): Illuminate\\Pipeline\\Pipeline->{closure:{closure:Illuminate\\Pipeline\\Pipeline::carry():194}:195}(Object(Illuminate\\Http\\Request))
#47 /Users/rifkinasss/Documents/workspace/Startup/NasLabs/internal-projects/Blog/vendor/laravel/framework/src/Illuminate/Pipeline/Pipeline.php(219): Illuminate\\Foundation\\Http\\Middleware\\InvokeDeferredCallbacks->handle(Object(Illuminate\\Http\\Request), Object(Closure))
#48 /Users/rifkinasss/Documents/workspace/Startup/NasLabs/internal-projects/Blog/vendor/laravel/framework/src/Illuminate/Http/Middleware/ValidatePathEncoding.php(28): Illuminate\\Pipeline\\Pipeline->{closure:{closure:Illuminate\\Pipeline\\Pipeline::carry():194}:195}(Object(Illuminate\\Http\\Request))
#49 /Users/rifkinasss/Documents/workspace/Startup/NasLabs/internal-projects/Blog/vendor/laravel/framework/src/Illuminate/Pipeline/Pipeline.php(219): Illuminate\\Http\\Middleware\\ValidatePathEncoding->handle(Object(Illuminate\\Http\\Request), Object(Closure))
#50 /Users/rifkinasss/Documents/workspace/Startup/NasLabs/internal-projects/Blog/vendor/laravel/framework/src/Illuminate/Pipeline/Pipeline.php(137): Illuminate\\Pipeline\\Pipeline->{closure:{closure:Illuminate\\Pipeline\\Pipeline::carry():194}:195}(Object(Illuminate\\Http\\Request))
#51 /Users/rifkinasss/Documents/workspace/Startup/NasLabs/internal-projects/Blog/vendor/laravel/framework/src/Illuminate/Foundation/Http/Kernel.php(175): Illuminate\\Pipeline\\Pipeline->then(Object(Closure))
#52 /Users/rifkinasss/Documents/workspace/Startup/NasLabs/internal-projects/Blog/vendor/laravel/framework/src/Illuminate/Foundation/Http/Kernel.php(144): Illuminate\\Foundation\\Http\\Kernel->sendRequestThroughRouter(Object(Illuminate\\Http\\Request))
#53 /Users/rifkinasss/Documents/workspace/Startup/NasLabs/internal-projects/Blog/vendor/laravel/framework/src/Illuminate/Foundation/Application.php(1227): Illuminate\\Foundation\\Http\\Kernel->handle(Object(Illuminate\\Http\\Request))
#54 /Users/rifkinasss/Documents/workspace/Startup/NasLabs/internal-projects/Blog/public/index.php(20): Illuminate\\Foundation\\Application->handleRequest(Object(Illuminate\\Http\\Request))
#55 /Users/rifkinasss/Documents/workspace/Startup/NasLabs/internal-projects/Blog/vendor/laravel/framework/src/Illuminate/Foundation/resources/server.php(23): require_once('/Users/rifkinas...')
#56 {main}
"} 
[2026-09-14 08:13:28] testing.ERROR: Livewire only supports one HTML element per component. Multiple root elements detected for component: [dashboard.articles.article-form] {"userId":1,"exception":"[object] (Livewire\\Features\\SupportMultipleRootElementDetection\\MultipleRootElementsDetectedException(code: 0): Livewire only supports one HTML element per component. Multiple root elements detected for component: [dashboard.articles.article-form] at /Users/rifkinasss/Documents/workspace/Startup/NasLabs/internal-projects/Blog/vendor/livewire/livewire/src/Features/SupportMultipleRootElementDetection/SupportMultipleRootElementDetection.php:26)
[stacktrace]
#0 /Users/rifkinasss/Documents/workspace/Startup/NasLabs/internal-projects/Blog/vendor/livewire/livewire/src/Features/SupportMultipleRootElementDetection/SupportMultipleRootElementDetection.php(16): Livewire\\Features\\SupportMultipleRootElementDetection\\SupportMultipleRootElementDetection->warnAgainstMoreThanOneRootElement(Object(App\\Livewire\\Dashboard\\Articles\\ArticleForm), '<div wire:snaps...')
#1 /Users/rifkinasss/Documents/workspace/Startup/NasLabs/internal-projects/Blog/vendor/livewire/livewire/src/EventBus.php(100): Livewire\\Features\\SupportMultipleRootElementDetection\\SupportMultipleRootElementDetection::{closure:{closure:Livewire\\Features\\SupportMultipleRootElementDetection\\SupportMultipleRootElementDetection::provide():12}:15}('<div wire:snaps...', Array)
#2 /Users/rifkinasss/Documents/workspace/Startup/NasLabs/internal-projects/Blog/vendor/livewire/livewire/src/Mechanisms/HandleComponents/HandleComponents.php(81): Livewire\\EventBus->{closure:Livewire\\EventBus::trigger():94}('<div wire:snaps...', Array)
#3 /Users/rifkinasss/Documents/workspace/Startup/NasLabs/internal-projects/Blog/vendor/livewire/livewire/src/LivewireManager.php(103): Livewire\\Mechanisms\\HandleComponents\\HandleComponents->mount('App\\\\Livewire\\\\Da...', Array, NULL, Array)
#4 /Users/rifkinasss/Documents/workspace/Startup/NasLabs/internal-projects/Blog/vendor/livewire/livewire/src/Features/SupportPageComponents/HandlesPageComponents.php(19): Livewire\\LivewireManager->mount('App\\\\Livewire\\\\Da...', Array)
#5 /Users/rifkinasss/Documents/workspace/Startup/NasLabs/internal-projects/Blog/vendor/livewire/livewire/src/Features/SupportPageComponents/SupportPageComponents.php(119): Livewire\\Component->{closure:Livewire\\Features\\SupportPageComponents\\HandlesPageComponents::__invoke():14}()
#6 /Users/rifkinasss/Documents/workspace/Startup/NasLabs/internal-projects/Blog/vendor/livewire/livewire/src/Features/SupportPageComponents/HandlesPageComponents.php(14): Livewire\\Features\\SupportPageComponents\\SupportPageComponents::interceptTheRenderOfTheComponentAndRetreiveTheLayoutConfiguration(Object(Closure))
#7 /Users/rifkinasss/Documents/workspace/Startup/NasLabs/internal-projects/Blog/vendor/laravel/framework/src/Illuminate/Routing/ControllerDispatcher.php(46): Livewire\\Component->__invoke()
#8 /Users/rifkinasss/Documents/workspace/Startup/NasLabs/internal-projects/Blog/vendor/laravel/framework/src/Illuminate/Routing/Route.php(276): Illuminate\\Routing\\ControllerDispatcher->dispatch(Object(Illuminate\\Routing\\Route), Object(App\\Livewire\\Dashboard\\Articles\\ArticleForm), '__invoke')
#9 /Users/rifkinasss/Documents/workspace/Startup/NasLabs/internal-projects/Blog/vendor/laravel/framework/src/Illuminate/Routing/Route.php(216): Illuminate\\Routing\\Route->runController()
#10 /Users/rifkinasss/Documents/workspace/Startup/NasLabs/internal-projects/Blog/vendor/laravel/framework/src/Illuminate/Routing/Router.php(822): Illuminate\\Routing\\Route->run()
#11 /Users/rifkinasss/Documents/workspace/Startup/NasLabs/internal-projects/Blog/vendor/laravel/framework/src/Illuminate/Pipeline/Pipeline.php(180): Illuminate\\Routing\\Router->{closure:Illuminate\\Routing\\Router::runRouteWithinStack():821}(Object(Illuminate\\Http\\Request))
#12 /Users/rifkinasss/Documents/workspace/Startup/NasLabs/internal-projects/Blog/vendor/laravel/framework/src/Illuminate/Http/Middleware/AddLinkHeadersForPreloadedAssets.php(32): Illuminate\\Pipeline\\Pipeline->{closure:Illuminate\\Pipeline\\Pipeline::prepareDestination():178}(Object(Illuminate\\Http\\Request))
#13 /Users/rifkinasss/Documents/workspace/Startup/NasLabs/internal-projects/Blog/vendor/laravel/framework/src/Illuminate/Pipeline/Pipeline.php(219): Illuminate\\Http\\Middleware\\AddLinkHeadersForPreloadedAssets->handle(Object(Illuminate\\Http\\Request), Object(Closure))
#14 /Users/rifkinasss/Documents/workspace/Startup/NasLabs/internal-projects/Blog/vendor/laravel/framework/src/Illuminate/Routing/Middleware/SubstituteBindings.php(52): Illuminate\\Pipeline\\Pipeline->{closure:{closure:Illuminate\\Pipeline\\Pipeline::carry():194}:195}(Object(Illuminate\\Http\\Request))
#15 /Users/rifkinasss/Documents/workspace/Startup/NasLabs/internal-projects/Blog/vendor/laravel/framework/src/Illuminate/Pipeline/Pipeline.php(219): Illuminate\\Routing\\Middleware\\SubstituteBindings->handle(Object(Illuminate\\Http\\Request), Object(Closure))
#16 /Users/rifkinasss/Documents/workspace/Startup/NasLabs/internal-projects/Blog/vendor/laravel/framework/src/Illuminate/Auth/Middleware/Authenticate.php(63): Illuminate\\Pipeline\\Pipeline->{closure:{closure:Illuminate\\Pipeline\\Pipeline::carry():194}:195}(Object(Illuminate\\Http\\Request))
#17 /Users/rifkinasss/Documents/workspace/Startup/NasLabs/internal-projects/Blog/vendor/laravel/framework/src/Illuminate/Pipeline/Pipeline.php(219): Illuminate\\Auth\\Middleware\\Authenticate->handle(Object(Illuminate\\Http\\Request), Object(Closure))
#18 /Users/rifkinasss/Documents/workspace/Startup/NasLabs/internal-projects/Blog/vendor/laravel/framework/src/Illuminate/Foundation/Http/Middleware/PreventRequestForgery.php(104): Illuminate\\Pipeline\\Pipeline->{closure:{closure:Illuminate\\Pipeline\\Pipeline::carry():194}:195}(Object(Illuminate\\Http\\Request))
#19 /Users/rifkinasss/Documents/workspace/Startup/NasLabs/internal-projects/Blog/vendor/laravel/framework/src/Illuminate/Pipeline/Pipeline.php(219): Illuminate\\Foundation\\Http\\Middleware\\PreventRequestForgery->handle(Object(Illuminate\\Http\\Request), Object(Closure))
#20 /Users/rifkinasss/Documents/workspace/Startup/NasLabs/internal-projects/Blog/vendor/laravel/framework/src/Illuminate/View/Middleware/ShareErrorsFromSession.php(48): Illuminate\\Pipeline\\Pipeline->{closure:{closure:Illuminate\\Pipeline\\Pipeline::carry():194}:195}(Object(Illuminate\\Http\\Request))
#21 /Users/rifkinasss/Documents/workspace/Startup/NasLabs/internal-projects/Blog/vendor/laravel/framework/src/Illuminate/Pipeline/Pipeline.php(219): Illuminate\\View\\Middleware\\ShareErrorsFromSession->handle(Object(Illuminate\\Http\\Request), Object(Closure))
#22 /Users/rifkinasss/Documents/workspace/Startup/NasLabs/internal-projects/Blog/vendor/laravel/framework/src/Illuminate/Session/Middleware/StartSession.php(120): Illuminate\\Pipeline\\Pipeline->{closure:{closure:Illuminate\\Pipeline\\Pipeline::carry():194}:195}(Object(Illuminate\\Http\\Request))
#23 /Users/rifkinasss/Documents/workspace/Startup/NasLabs/internal-projects/Blog/vendor/laravel/framework/src/Illuminate/Session/Middleware/StartSession.php(63): Illuminate\\Session\\Middleware\\StartSession->handleStatefulRequest(Object(Illuminate\\Http\\Request), Object(Illuminate\\Session\\Store), Object(Closure))
#24 /Users/rifkinasss/Documents/workspace/Startup/NasLabs/internal-projects/Blog/vendor/laravel/framework/src/Illuminate/Pipeline/Pipeline.php(219): Illuminate\\Session\\Middleware\\StartSession->handle(Object(Illuminate\\Http\\Request), Object(Closure))
#25 /Users/rifkinasss/Documents/workspace/Startup/NasLabs/internal-projects/Blog/vendor/laravel/framework/src/Illuminate/Cookie/Middleware/AddQueuedCookiesToResponse.php(36): Illuminate\\Pipeline\\Pipeline->{closure:{closure:Illuminate\\Pipeline\\Pipeline::carry():194}:195}(Object(Illuminate\\Http\\Request))
#26 /Users/rifkinasss/Documents/workspace/Startup/NasLabs/internal-projects/Blog/vendor/laravel/framework/src/Illuminate/Pipeline/Pipeline.php(219): Illuminate\\Cookie\\Middleware\\AddQueuedCookiesToResponse->handle(Object(Illuminate\\Http\\Request), Object(Closure))
#27 /Users/rifkinasss/Documents/workspace/Startup/NasLabs/internal-projects/Blog/vendor/laravel/framework/src/Illuminate/Cookie/Middleware/EncryptCookies.php(74): Illuminate\\Pipeline\\Pipeline->{closure:{closure:Illuminate\\Pipeline\\Pipeline::carry():194}:195}(Object(Illuminate\\Http\\Request))
#28 /Users/rifkinasss/Documents/workspace/Startup/NasLabs/internal-projects/Blog/vendor/laravel/framework/src/Illuminate/Pipeline/Pipeline.php(219): Illuminate\\Cookie\\Middleware\\EncryptCookies->handle(Object(Illuminate\\Http\\Request), Object(Closure))
#29 /Users/rifkinasss/Documents/workspace/Startup/NasLabs/internal-projects/Blog/vendor/laravel/framework/src/Illuminate/Pipeline/Pipeline.php(137): Illuminate\\Pipeline\\Pipeline->{closure:{closure:Illuminate\\Pipeline\\Pipeline::carry():194}:195}(Object(Illuminate\\Http\\Request))
#30 /Users/rifkinasss/Documents/workspace/Startup/NasLabs/internal-projects/Blog/vendor/laravel/framework/src/Illuminate/Routing/Router.php(821): Illuminate\\Pipeline\\Pipeline->then(Object(Closure))
#31 /Users/rifkinasss/Documents/workspace/Startup/NasLabs/internal-projects/Blog/vendor/laravel/framework/src/Illuminate/Routing/Router.php(800): Illuminate\\Routing\\Router->runRouteWithinStack(Object(Illuminate\\Routing\\Route), Object(Illuminate\\Http\\Request))
#32 /Users/rifkinasss/Documents/workspace/Startup/NasLabs/internal-projects/Blog/vendor/laravel/framework/src/Illuminate/Routing/Router.php(764): Illuminate\\Routing\\Router->runRoute(Object(Illuminate\\Http\\Request), Object(Illuminate\\Routing\\Route))
#33 /Users/rifkinasss/Documents/workspace/Startup/NasLabs/internal-projects/Blog/vendor/laravel/framework/src/Illuminate/Routing/Router.php(753): Illuminate\\Routing\\Router->dispatchToRoute(Object(Illuminate\\Http\\Request))
#34 /Users/rifkinasss/Documents/workspace/Startup/NasLabs/internal-projects/Blog/vendor/laravel/framework/src/Illuminate/Foundation/Http/Kernel.php(200): Illuminate\\Routing\\Router->dispatch(Object(Illuminate\\Http\\Request))
#35 /Users/rifkinasss/Documents/workspace/Startup/NasLabs/internal-projects/Blog/vendor/laravel/framework/src/Illuminate/Pipeline/Pipeline.php(180): Illuminate\\Foundation\\Http\\Kernel->{closure:Illuminate\\Foundation\\Http\\Kernel::dispatchToRouter():197}(Object(Illuminate\\Http\\Request))
#36 /Users/rifkinasss/Documents/workspace/Startup/NasLabs/internal-projects/Blog/vendor/livewire/livewire/src/Features/SupportDisablingBackButtonCache/DisableBackButtonCacheMiddleware.php(19): Illuminate\\Pipeline\\Pipeline->{closure:Illuminate\\Pipeline\\Pipeline::prepareDestination():178}(Object(Illuminate\\Http\\Request))
#37 /Users/rifkinasss/Documents/workspace/Startup/NasLabs/internal-projects/Blog/vendor/laravel/framework/src/Illuminate/Pipeline/Pipeline.php(219): Livewire\\Features\\SupportDisablingBackButtonCache\\DisableBackButtonCacheMiddleware->handle(Object(Illuminate\\Http\\Request), Object(Closure))
#38 /Users/rifkinasss/Documents/workspace/Startup/NasLabs/internal-projects/Blog/vendor/laravel/framework/src/Illuminate/Foundation/Http/Middleware/TransformsRequest.php(21): Illuminate\\Pipeline\\Pipeline->{closure:{closure:Illuminate\\Pipeline\\Pipeline::carry():194}:195}(Object(Illuminate\\Http\\Request))
#39 /Users/rifkinasss/Documents/workspace/Startup/NasLabs/internal-projects/Blog/vendor/laravel/framework/src/Illuminate/Foundation/Http/Middleware/ConvertEmptyStringsToNull.php(31): Illuminate\\Foundation\\Http\\Middleware\\TransformsRequest->handle(Object(Illuminate\\Http\\Request), Object(Closure))
#40 /Users/rifkinasss/Documents/workspace/Startup/NasLabs/internal-projects/Blog/vendor/laravel/framework/src/Illuminate/Pipeline/Pipeline.php(219): Illuminate\\Foundation\\Http\\Middleware\\ConvertEmptyStringsToNull->handle(Object(Illuminate\\Http\\Request), Object(Closure))
#41 /Users/rifkinasss/Documents/workspace/Startup/NasLabs/internal-projects/Blog/vendor/laravel/framework/src/Illuminate/Foundation/Http/Middleware/TransformsRequest.php(21): Illuminate\\Pipeline\\Pipeline->{closure:{closure:Illuminate\\Pipeline\\Pipeline::carry():194}:195}(Object(Illuminate\\Http\\Request))
#42 /Users/rifkinasss/Documents/workspace/Startup/NasLabs/internal-projects/Blog/vendor/laravel/framework/src/Illuminate/Foundation/Http/Middleware/TrimStrings.php(51): Illuminate\\Foundation\\Http\\Middleware\\TransformsRequest->handle(Object(Illuminate\\Http\\Request), Object(Closure))
#43 /Users/rifkinasss/Documents/workspace/Startup/NasLabs/internal-projects/Blog/vendor/laravel/framework/src/Illuminate/Pipeline/Pipeline.php(219): Illuminate\\Foundation\\Http\\Middleware\\TrimStrings->handle(Object(Illuminate\\Http\\Request), Object(Closure))
#44 /Users/rifkinasss/Documents/workspace/Startup/NasLabs/internal-projects/Blog/vendor/laravel/framework/src/Illuminate/Http/Middleware/ValidatePostSize.php(27): Illuminate\\Pipeline\\Pipeline->{closure:{closure:Illuminate\\Pipeline\\Pipeline::carry():194}:195}(Object(Illuminate\\Http\\Request))
#45 /Users/rifkinasss/Documents/workspace/Startup/NasLabs/internal-projects/Blog/vendor/laravel/framework/src/Illuminate/Pipeline/Pipeline.php(219): Illuminate\\Http\\Middleware\\ValidatePostSize->handle(Object(Illuminate\\Http\\Request), Object(Closure))
#46 /Users/rifkinasss/Documents/workspace/Startup/NasLabs/internal-projects/Blog/vendor/laravel/framework/src/Illuminate/Foundation/Http/Middleware/PreventRequestsDuringMaintenance.php(110): Illuminate\\Pipeline\\Pipeline->{closure:{closure:Illuminate\\Pipeline\\Pipeline::carry():194}:195}(Object(Illuminate\\Http\\Request))
#47 /Users/rifkinasss/Documents/workspace/Startup/NasLabs/internal-projects/Blog/vendor/laravel/framework/src/Illuminate/Pipeline/Pipeline.php(219): Illuminate\\Foundation\\Http\\Middleware\\PreventRequestsDuringMaintenance->handle(Object(Illuminate\\Http\\Request), Object(Closure))
#48 /Users/rifkinasss/Documents/workspace/Startup/NasLabs/internal-projects/Blog/vendor/laravel/framework/src/Illuminate/Http/Middleware/HandleCors.php(61): Illuminate\\Pipeline\\Pipeline->{closure:{closure:Illuminate\\Pipeline\\Pipeline::carry():194}:195}(Object(Illuminate\\Http\\Request))
#49 /Users/rifkinasss/Documents/workspace/Startup/NasLabs/internal-projects/Blog/vendor/laravel/framework/src/Illuminate/Pipeline/Pipeline.php(219): Illuminate\\Http\\Middleware\\HandleCors->handle(Object(Illuminate\\Http\\Request), Object(Closure))
#50 /Users/rifkinasss/Documents/workspace/Startup/NasLabs/internal-projects/Blog/vendor/laravel/framework/src/Illuminate/Http/Middleware/TrustProxies.php(58): Illuminate\\Pipeline\\Pipeline->{closure:{closure:Illuminate\\Pipeline\\Pipeline::carry():194}:195}(Object(Illuminate\\Http\\Request))
#51 /Users/rifkinasss/Documents/workspace/Startup/NasLabs/internal-projects/Blog/vendor/laravel/framework/src/Illuminate/Pipeline/Pipeline.php(219): Illuminate\\Http\\Middleware\\TrustProxies->handle(Object(Illuminate\\Http\\Request), Object(Closure))
#52 /Users/rifkinasss/Documents/workspace/Startup/NasLabs/internal-projects/Blog/vendor/laravel/framework/src/Illuminate/Foundation/Http/Middleware/InvokeDeferredCallbacks.php(22): Illuminate\\Pipeline\\Pipeline->{closure:{closure:Illuminate\\Pipeline\\Pipeline::carry():194}:195}(Object(Illuminate\\Http\\Request))
#53 /Users/rifkinasss/Documents/workspace/Startup/NasLabs/internal-projects/Blog/vendor/laravel/framework/src/Illuminate/Pipeline/Pipeline.php(219): Illuminate\\Foundation\\Http\\Middleware\\InvokeDeferredCallbacks->handle(Object(Illuminate\\Http\\Request), Object(Closure))
#54 /Users/rifkinasss/Documents/workspace/Startup/NasLabs/internal-projects/Blog/vendor/laravel/framework/src/Illuminate/Http/Middleware/ValidatePathEncoding.php(28): Illuminate\\Pipeline\\Pipeline->{closure:{closure:Illuminate\\Pipeline\\Pipeline::carry():194}:195}(Object(Illuminate\\Http\\Request))
#55 /Users/rifkinasss/Documents/workspace/Startup/NasLabs/internal-projects/Blog/vendor/laravel/framework/src/Illuminate/Pipeline/Pipeline.php(219): Illuminate\\Http\\Middleware\\ValidatePathEncoding->handle(Object(Illuminate\\Http\\Request), Object(Closure))
#56 /Users/rifkinasss/Documents/workspace/Startup/NasLabs/internal-projects/Blog/vendor/laravel/framework/src/Illuminate/Pipeline/Pipeline.php(137): Illuminate\\Pipeline\\Pipeline->{closure:{closure:Illuminate\\Pipeline\\Pipeline::carry():194}:195}(Object(Illuminate\\Http\\Request))
#57 /Users/rifkinasss/Documents/workspace/Startup/NasLabs/internal-projects/Blog/vendor/laravel/framework/src/Illuminate/Foundation/Http/Kernel.php(175): Illuminate\\Pipeline\\Pipeline->then(Object(Closure))
#58 /Users/rifkinasss/Documents/workspace/Startup/NasLabs/internal-projects/Blog/vendor/laravel/framework/src/Illuminate/Foundation/Http/Kernel.php(144): Illuminate\\Foundation\\Http\\Kernel->sendRequestThroughRouter(Object(Illuminate\\Http\\Request))
#59 /Users/rifkinasss/Documents/workspace/Startup/NasLabs/internal-projects/Blog/vendor/laravel/framework/src/Illuminate/Foundation/Testing/Concerns/MakesHttpRequests.php(638): Illuminate\\Foundation\\Http\\Kernel->handle(Object(Illuminate\\Http\\Request))
#60 /Users/rifkinasss/Documents/workspace/Startup/NasLabs/internal-projects/Blog/vendor/laravel/framework/src/Illuminate/Foundation/Testing/Concerns/MakesHttpRequests.php(368): Illuminate\\Foundation\\Testing\\TestCase->call('GET', '/dashboard/arti...', Array, Array, Array, Array)
#61 /Users/rifkinasss/Documents/workspace/Startup/NasLabs/internal-projects/Blog/tests/Feature/ArticleWorkflowTest.php(22): Illuminate\\Foundation\\Testing\\TestCase->get('/dashboard/arti...')
#62 /Users/rifkinasss/Documents/workspace/Startup/NasLabs/internal-projects/Blog/vendor/phpunit/phpunit/src/Framework/TestCase.php(1318): Tests\\Feature\\ArticleWorkflowTest->test_authenticated_user_can_create_a_draft_and_draft_is_not_public()
#63 /Users/rifkinasss/Documents/workspace/Startup/NasLabs/internal-projects/Blog/vendor/phpunit/phpunit/src/Framework/TestCase.php(1355): PHPUnit\\Framework\\TestCase->invokeTestMethod('test_authentica...', Array)
#64 /Users/rifkinasss/Documents/workspace/Startup/NasLabs/internal-projects/Blog/vendor/phpunit/phpunit/src/Framework/TestCase.php(521): PHPUnit\\Framework\\TestCase->runTest()
#65 /Users/rifkinasss/Documents/workspace/Startup/NasLabs/internal-projects/Blog/vendor/phpunit/phpunit/src/Framework/TestRunner/TestRunner.php(99): PHPUnit\\Framework\\TestCase->runBare()
#66 /Users/rifkinasss/Documents/workspace/Startup/NasLabs/internal-projects/Blog/vendor/phpunit/phpunit/src/Framework/TestCase.php(361): PHPUnit\\Framework\\TestRunner->run(Object(Tests\\Feature\\ArticleWorkflowTest))
#67 /Users/rifkinasss/Documents/workspace/Startup/NasLabs/internal-projects/Blog/vendor/phpunit/phpunit/src/Framework/TestSuite.php(374): PHPUnit\\Framework\\TestCase->run()
#68 /Users/rifkinasss/Documents/workspace/Startup/NasLabs/internal-projects/Blog/vendor/phpunit/phpunit/src/Framework/TestSuite.php(374): PHPUnit\\Framework\\TestSuite->run()
#69 /Users/rifkinasss/Documents/workspace/Startup/NasLabs/internal-projects/Blog/vendor/phpunit/phpunit/src/Framework/TestSuite.php(374): PHPUnit\\Framework\\TestSuite->run()
#70 /Users/rifkinasss/Documents/workspace/Startup/NasLabs/internal-projects/Blog/vendor/phpunit/phpunit/src/TextUI/TestRunner.php(64): PHPUnit\\Framework\\TestSuite->run()
#71 /Users/rifkinasss/Documents/workspace/Startup/NasLabs/internal-projects/Blog/vendor/phpunit/phpunit/src/TextUI/Application.php(229): PHPUnit\\TextUI\\TestRunner->run(Object(PHPUnit\\TextUI\\Configuration\\Configuration), Object(PHPUnit\\Runner\\ResultCache\\DefaultResultCache), Object(PHPUnit\\Framework\\TestSuite))
#72 /Users/rifkinasss/Documents/workspace/Startup/NasLabs/internal-projects/Blog/vendor/phpunit/phpunit/phpunit(104): PHPUnit\\TextUI\\Application->run(Array)
#73 {main}
"} 
[2026-09-14 08:28:11] local.ERROR: Route [blog.show] not defined. (View: /Users/rifkinasss/Documents/workspace/Startup/NasLabs/internal-projects/Blog/resources/views/livewire/dashboard/overview.blade.php) {"userId":1,"exception":"[object] (Illuminate\\View\\ViewException(code: 0): Route [blog.show] not defined. (View: /Users/rifkinasss/Documents/workspace/Startup/NasLabs/internal-projects/Blog/resources/views/livewire/dashboard/overview.blade.php) at /Users/rifkinasss/Documents/workspace/Startup/NasLabs/internal-projects/Blog/vendor/laravel/framework/src/Illuminate/Routing/UrlGenerator.php:542)
[stacktrace]
#0 /Users/rifkinasss/Documents/workspace/Startup/NasLabs/internal-projects/Blog/vendor/livewire/livewire/src/Mechanisms/ExtendBlade/ExtendedCompilerEngine.php(58): Illuminate\\View\\Engines\\CompilerEngine->handleViewException(Object(Symfony\\Component\\Routing\\Exception\\RouteNotFoundException), 1)
#1 /Users/rifkinasss/Documents/workspace/Startup/NasLabs/internal-projects/Blog/vendor/livewire/livewire/src/Mechanisms/ExtendBlade/ExtendedCompilerEngine.php(40): Livewire\\Mechanisms\\ExtendBlade\\ExtendedCompilerEngine->handleViewException(Object(Symfony\\Component\\Routing\\Exception\\RouteNotFoundException), 1)
#2 /Users/rifkinasss/Documents/workspace/Startup/NasLabs/internal-projects/Blog/vendor/laravel/framework/src/Illuminate/View/Engines/CompilerEngine.php(76): Livewire\\Mechanisms\\ExtendBlade\\ExtendedCompilerEngine->evaluatePath('/Users/rifkinas...', Array)
#3 /Users/rifkinasss/Documents/workspace/Startup/NasLabs/internal-projects/Blog/vendor/livewire/livewire/src/Mechanisms/ExtendBlade/ExtendedCompilerEngine.php(16): Illuminate\\View\\Engines\\CompilerEngine->get('/Users/rifkinas...', Array)
#4 /Users/rifkinasss/Documents/workspace/Startup/NasLabs/internal-projects/Blog/vendor/laravel/framework/src/Illuminate/View/View.php(208): Livewire\\Mechanisms\\ExtendBlade\\ExtendedCompilerEngine->get('/Users/rifkinas...', Array)
#5 /Users/rifkinasss/Documents/workspace/Startup/NasLabs/internal-projects/Blog/vendor/laravel/framework/src/Illuminate/View/View.php(191): Illuminate\\View\\View->getContents()
#6 /Users/rifkinasss/Documents/workspace/Startup/NasLabs/internal-projects/Blog/vendor/laravel/framework/src/Illuminate/View/View.php(160): Illuminate\\View\\View->renderContents()
#7 /Users/rifkinasss/Documents/workspace/Startup/NasLabs/internal-projects/Blog/vendor/livewire/livewire/src/Mechanisms/HandleComponents/HandleComponents.php(333): Illuminate\\View\\View->render(Object(Closure))
#8 /Users/rifkinasss/Documents/workspace/Startup/NasLabs/internal-projects/Blog/vendor/livewire/livewire/src/Mechanisms/HandleComponents/HandleComponents.php(384): Livewire\\Mechanisms\\HandleComponents\\HandleComponents->{closure:Livewire\\Mechanisms\\HandleComponents\\HandleComponents::render():325}()
#9 /Users/rifkinasss/Documents/workspace/Startup/NasLabs/internal-projects/Blog/vendor/livewire/livewire/src/Mechanisms/HandleComponents/HandleComponents.php(325): Livewire\\Mechanisms\\HandleComponents\\HandleComponents->trackInRenderStack(Object(App\\Livewire\\Dashboard\\DashboardOverview), Object(Closure))
#10 /Users/rifkinasss/Documents/workspace/Startup/NasLabs/internal-projects/Blog/vendor/livewire/livewire/src/Mechanisms/HandleComponents/HandleComponents.php(65): Livewire\\Mechanisms\\HandleComponents\\HandleComponents->render(Object(App\\Livewire\\Dashboard\\DashboardOverview), '<div></div>')
#11 /Users/rifkinasss/Documents/workspace/Startup/NasLabs/internal-projects/Blog/vendor/livewire/livewire/src/LivewireManager.php(103): Livewire\\Mechanisms\\HandleComponents\\HandleComponents->mount('App\\\\Livewire\\\\Da...', Array, NULL, Array)
#12 /Users/rifkinasss/Documents/workspace/Startup/NasLabs/internal-projects/Blog/vendor/livewire/livewire/src/Features/SupportPageComponents/HandlesPageComponents.php(19): Livewire\\LivewireManager->mount('App\\\\Livewire\\\\Da...', Array)
#13 /Users/rifkinasss/Documents/workspace/Startup/NasLabs/internal-projects/Blog/vendor/livewire/livewire/src/Features/SupportPageComponents/SupportPageComponents.php(119): Livewire\\Component->{closure:Livewire\\Features\\SupportPageComponents\\HandlesPageComponents::__invoke():14}()
#14 /Users/rifkinasss/Documents/workspace/Startup/NasLabs/internal-projects/Blog/vendor/livewire/livewire/src/Features/SupportPageComponents/HandlesPageComponents.php(14): Livewire\\Features\\SupportPageComponents\\SupportPageComponents::interceptTheRenderOfTheComponentAndRetreiveTheLayoutConfiguration(Object(Closure))
#15 /Users/rifkinasss/Documents/workspace/Startup/NasLabs/internal-projects/Blog/vendor/laravel/framework/src/Illuminate/Routing/ControllerDispatcher.php(46): Livewire\\Component->__invoke()
#16 /Users/rifkinasss/Documents/workspace/Startup/NasLabs/internal-projects/Blog/vendor/laravel/framework/src/Illuminate/Routing/Route.php(276): Illuminate\\Routing\\ControllerDispatcher->dispatch(Object(Illuminate\\Routing\\Route), Object(App\\Livewire\\Dashboard\\DashboardOverview), '__invoke')
#17 /Users/rifkinasss/Documents/workspace/Startup/NasLabs/internal-projects/Blog/vendor/laravel/framework/src/Illuminate/Routing/Route.php(216): Illuminate\\Routing\\Route->runController()
#18 /Users/rifkinasss/Documents/workspace/Startup/NasLabs/internal-projects/Blog/vendor/laravel/framework/src/Illuminate/Routing/Router.php(822): Illuminate\\Routing\\Route->run()
#19 /Users/rifkinasss/Documents/workspace/Startup/NasLabs/internal-projects/Blog/vendor/laravel/framework/src/Illuminate/Pipeline/Pipeline.php(180): Illuminate\\Routing\\Router->{closure:Illuminate\\Routing\\Router::runRouteWithinStack():821}(Object(Illuminate\\Http\\Request))
#20 /Users/rifkinasss/Documents/workspace/Startup/NasLabs/internal-projects/Blog/vendor/laravel/framework/src/Illuminate/Http/Middleware/AddLinkHeadersForPreloadedAssets.php(32): Illuminate\\Pipeline\\Pipeline->{closure:Illuminate\\Pipeline\\Pipeline::prepareDestination():178}(Object(Illuminate\\Http\\Request))
#21 /Users/rifkinasss/Documents/workspace/Startup/NasLabs/internal-projects/Blog/vendor/laravel/framework/src/Illuminate/Pipeline/Pipeline.php(219): Illuminate\\Http\\Middleware\\AddLinkHeadersForPreloadedAssets->handle(Object(Illuminate\\Http\\Request), Object(Closure))
#22 /Users/rifkinasss/Documents/workspace/Startup/NasLabs/internal-projects/Blog/vendor/laravel/framework/src/Illuminate/Routing/Middleware/SubstituteBindings.php(52): Illuminate\\Pipeline\\Pipeline->{closure:{closure:Illuminate\\Pipeline\\Pipeline::carry():194}:195}(Object(Illuminate\\Http\\Request))
#23 /Users/rifkinasss/Documents/workspace/Startup/NasLabs/internal-projects/Blog/vendor/laravel/framework/src/Illuminate/Pipeline/Pipeline.php(219): Illuminate\\Routing\\Middleware\\SubstituteBindings->handle(Object(Illuminate\\Http\\Request), Object(Closure))
#24 /Users/rifkinasss/Documents/workspace/Startup/NasLabs/internal-projects/Blog/vendor/laravel/framework/src/Illuminate/Auth/Middleware/Authenticate.php(63): Illuminate\\Pipeline\\Pipeline->{closure:{closure:Illuminate\\Pipeline\\Pipeline::carry():194}:195}(Object(Illuminate\\Http\\Request))
#25 /Users/rifkinasss/Documents/workspace/Startup/NasLabs/internal-projects/Blog/vendor/laravel/framework/src/Illuminate/Pipeline/Pipeline.php(219): Illuminate\\Auth\\Middleware\\Authenticate->handle(Object(Illuminate\\Http\\Request), Object(Closure))
#26 /Users/rifkinasss/Documents/workspace/Startup/NasLabs/internal-projects/Blog/vendor/laravel/framework/src/Illuminate/Foundation/Http/Middleware/PreventRequestForgery.php(104): Illuminate\\Pipeline\\Pipeline->{closure:{closure:Illuminate\\Pipeline\\Pipeline::carry():194}:195}(Object(Illuminate\\Http\\Request))
#27 /Users/rifkinasss/Documents/workspace/Startup/NasLabs/internal-projects/Blog/vendor/laravel/framework/src/Illuminate/Pipeline/Pipeline.php(219): Illuminate\\Foundation\\Http\\Middleware\\PreventRequestForgery->handle(Object(Illuminate\\Http\\Request), Object(Closure))
#28 /Users/rifkinasss/Documents/workspace/Startup/NasLabs/internal-projects/Blog/vendor/laravel/framework/src/Illuminate/View/Middleware/ShareErrorsFromSession.php(48): Illuminate\\Pipeline\\Pipeline->{closure:{closure:Illuminate\\Pipeline\\Pipeline::carry():194}:195}(Object(Illuminate\\Http\\Request))
#29 /Users/rifkinasss/Documents/workspace/Startup/NasLabs/internal-projects/Blog/vendor/laravel/framework/src/Illuminate/Pipeline/Pipeline.php(219): Illuminate\\View\\Middleware\\ShareErrorsFromSession->handle(Object(Illuminate\\Http\\Request), Object(Closure))
#30 /Users/rifkinasss/Documents/workspace/Startup/NasLabs/internal-projects/Blog/vendor/laravel/framework/src/Illuminate/Session/Middleware/StartSession.php(120): Illuminate\\Pipeline\\Pipeline->{closure:{closure:Illuminate\\Pipeline\\Pipeline::carry():194}:195}(Object(Illuminate\\Http\\Request))
#31 /Users/rifkinasss/Documents/workspace/Startup/NasLabs/internal-projects/Blog/vendor/laravel/framework/src/Illuminate/Session/Middleware/StartSession.php(63): Illuminate\\Session\\Middleware\\StartSession->handleStatefulRequest(Object(Illuminate\\Http\\Request), Object(Illuminate\\Session\\Store), Object(Closure))
#32 /Users/rifkinasss/Documents/workspace/Startup/NasLabs/internal-projects/Blog/vendor/laravel/framework/src/Illuminate/Pipeline/Pipeline.php(219): Illuminate\\Session\\Middleware\\StartSession->handle(Object(Illuminate\\Http\\Request), Object(Closure))
#33 /Users/rifkinasss/Documents/workspace/Startup/NasLabs/internal-projects/Blog/vendor/laravel/framework/src/Illuminate/Cookie/Middleware/AddQueuedCookiesToResponse.php(36): Illuminate\\Pipeline\\Pipeline->{closure:{closure:Illuminate\\Pipeline\\Pipeline::carry():194}:195}(Object(Illuminate\\Http\\Request))
#34 /Users/rifkinasss/Documents/workspace/Startup/NasLabs/internal-projects/Blog/vendor/laravel/framework/src/Illuminate/Pipeline/Pipeline.php(219): Illuminate\\Cookie\\Middleware\\AddQueuedCookiesToResponse->handle(Object(Illuminate\\Http\\Request), Object(Closure))
#35 /Users/rifkinasss/Documents/workspace/Startup/NasLabs/internal-projects/Blog/vendor/laravel/framework/src/Illuminate/Cookie/Middleware/EncryptCookies.php(74): Illuminate\\Pipeline\\Pipeline->{closure:{closure:Illuminate\\Pipeline\\Pipeline::carry():194}:195}(Object(Illuminate\\Http\\Request))
#36 /Users/rifkinasss/Documents/workspace/Startup/NasLabs/internal-projects/Blog/vendor/laravel/framework/src/Illuminate/Pipeline/Pipeline.php(219): Illuminate\\Cookie\\Middleware\\EncryptCookies->handle(Object(Illuminate\\Http\\Request), Object(Closure))
#37 /Users/rifkinasss/Documents/workspace/Startup/NasLabs/internal-projects/Blog/vendor/laravel/framework/src/Illuminate/Pipeline/Pipeline.php(137): Illuminate\\Pipeline\\Pipeline->{closure:{closure:Illuminate\\Pipeline\\Pipeline::carry():194}:195}(Object(Illuminate\\Http\\Request))
#38 /Users/rifkinasss/Documents/workspace/Startup/NasLabs/internal-projects/Blog/vendor/laravel/framework/src/Illuminate/Routing/Router.php(821): Illuminate\\Pipeline\\Pipeline->then(Object(Closure))
#39 /Users/rifkinasss/Documents/workspace/Startup/NasLabs/internal-projects/Blog/vendor/laravel/framework/src/Illuminate/Routing/Router.php(800): Illuminate\\Routing\\Router->runRouteWithinStack(Object(Illuminate\\Routing\\Route), Object(Illuminate\\Http\\Request))
#40 /Users/rifkinasss/Documents/workspace/Startup/NasLabs/internal-projects/Blog/vendor/laravel/framework/src/Illuminate/Routing/Router.php(764): Illuminate\\Routing\\Router->runRoute(Object(Illuminate\\Http\\Request), Object(Illuminate\\Routing\\Route))
#41 /Users/rifkinasss/Documents/workspace/Startup/NasLabs/internal-projects/Blog/vendor/laravel/framework/src/Illuminate/Routing/Router.php(753): Illuminate\\Routing\\Router->dispatchToRoute(Object(Illuminate\\Http\\Request))
#42 /Users/rifkinasss/Documents/workspace/Startup/NasLabs/internal-projects/Blog/vendor/laravel/framework/src/Illuminate/Foundation/Http/Kernel.php(200): Illuminate\\Routing\\Router->dispatch(Object(Illuminate\\Http\\Request))
#43 /Users/rifkinasss/Documents/workspace/Startup/NasLabs/internal-projects/Blog/vendor/laravel/framework/src/Illuminate/Pipeline/Pipeline.php(180): Illuminate\\Foundation\\Http\\Kernel->{closure:Illuminate\\Foundation\\Http\\Kernel::dispatchToRouter():197}(Object(Illuminate\\Http\\Request))
#44 /Users/rifkinasss/Documents/workspace/Startup/NasLabs/internal-projects/Blog/vendor/livewire/livewire/src/Features/SupportDisablingBackButtonCache/DisableBackButtonCacheMiddleware.php(19): Illuminate\\Pipeline\\Pipeline->{closure:Illuminate\\Pipeline\\Pipeline::prepareDestination():178}(Object(Illuminate\\Http\\Request))
#45 /Users/rifkinasss/Documents/workspace/Startup/NasLabs/internal-projects/Blog/vendor/laravel/framework/src/Illuminate/Pipeline/Pipeline.php(219): Livewire\\Features\\SupportDisablingBackButtonCache\\DisableBackButtonCacheMiddleware->handle(Object(Illuminate\\Http\\Request), Object(Closure))
#46 /Users/rifkinasss/Documents/workspace/Startup/NasLabs/internal-projects/Blog/vendor/laravel/framework/src/Illuminate/Foundation/Http/Middleware/TransformsRequest.php(21): Illuminate\\Pipeline\\Pipeline->{closure:{closure:Illuminate\\Pipeline\\Pipeline::carry():194}:195}(Object(Illuminate\\Http\\Request))
#47 /Users/rifkinasss/Documents/workspace/Startup/NasLabs/internal-projects/Blog/vendor/laravel/framework/src/Illuminate/Foundation/Http/Middleware/ConvertEmptyStringsToNull.php(31): Illuminate\\Foundation\\Http\\Middleware\\TransformsRequest->handle(Object(Illuminate\\Http\\Request), Object(Closure))
#48 /Users/rifkinasss/Documents/workspace/Startup/NasLabs/internal-projects/Blog/vendor/laravel/framework/src/Illuminate/Pipeline/Pipeline.php(219): Illuminate\\Foundation\\Http\\Middleware\\ConvertEmptyStringsToNull->handle(Object(Illuminate\\Http\\Request), Object(Closure))
#49 /Users/rifkinasss/Documents/workspace/Startup/NasLabs/internal-projects/Blog/vendor/laravel/framework/src/Illuminate/Foundation/Http/Middleware/TransformsRequest.php(21): Illuminate\\Pipeline\\Pipeline->{closure:{closure:Illuminate\\Pipeline\\Pipeline::carry():194}:195}(Object(Illuminate\\Http\\Request))
#50 /Users/rifkinasss/Documents/workspace/Startup/NasLabs/internal-projects/Blog/vendor/laravel/framework/src/Illuminate/Foundation/Http/Middleware/TrimStrings.php(51): Illuminate\\Foundation\\Http\\Middleware\\TransformsRequest->handle(Object(Illuminate\\Http\\Request), Object(Closure))
#51 /Users/rifkinasss/Documents/workspace/Startup/NasLabs/internal-projects/Blog/vendor/laravel/framework/src/Illuminate/Pipeline/Pipeline.php(219): Illuminate\\Foundation\\Http\\Middleware\\TrimStrings->handle(Object(Illuminate\\Http\\Request), Object(Closure))
#52 /Users/rifkinasss/Documents/workspace/Startup/NasLabs/internal-projects/Blog/vendor/laravel/framework/src/Illuminate/Http/Middleware/ValidatePostSize.php(27): Illuminate\\Pipeline\\Pipeline->{closure:{closure:Illuminate\\Pipeline\\Pipeline::carry():194}:195}(Object(Illuminate\\Http\\Request))
#53 /Users/rifkinasss/Documents/workspace/Startup/NasLabs/internal-projects/Blog/vendor/laravel/framework/src/Illuminate/Pipeline/Pipeline.php(219): Illuminate\\Http\\Middleware\\ValidatePostSize->handle(Object(Illuminate\\Http\\Request), Object(Closure))
#54 /Users/rifkinasss/Documents/workspace/Startup/NasLabs/internal-projects/Blog/vendor/laravel/framework/src/Illuminate/Foundation/Http/Middleware/PreventRequestsDuringMaintenance.php(110): Illuminate\\Pipeline\\Pipeline->{closure:{closure:Illuminate\\Pipeline\\Pipeline::carry():194}:195}(Object(Illuminate\\Http\\Request))
#55 /Users/rifkinasss/Documents/workspace/Startup/NasLabs/internal-projects/Blog/vendor/laravel/framework/src/Illuminate/Pipeline/Pipeline.php(219): Illuminate\\Foundation\\Http\\Middleware\\PreventRequestsDuringMaintenance->handle(Object(Illuminate\\Http\\Request), Object(Closure))
#56 /Users/rifkinasss/Documents/workspace/Startup/NasLabs/internal-projects/Blog/vendor/laravel/framework/src/Illuminate/Http/Middleware/HandleCors.php(61): Illuminate\\Pipeline\\Pipeline->{closure:{closure:Illuminate\\Pipeline\\Pipeline::carry():194}:195}(Object(Illuminate\\Http\\Request))
#57 /Users/rifkinasss/Documents/workspace/Startup/NasLabs/internal-projects/Blog/vendor/laravel/framework/src/Illuminate/Pipeline/Pipeline.php(219): Illuminate\\Http\\Middleware\\HandleCors->handle(Object(Illuminate\\Http\\Request), Object(Closure))
#58 /Users/rifkinasss/Documents/workspace/Startup/NasLabs/internal-projects/Blog/vendor/laravel/framework/src/Illuminate/Http/Middleware/TrustProxies.php(58): Illuminate\\Pipeline\\Pipeline->{closure:{closure:Illuminate\\Pipeline\\Pipeline::carry():194}:195}(Object(Illuminate\\Http\\Request))
#59 /Users/rifkinasss/Documents/workspace/Startup/NasLabs/internal-projects/Blog/vendor/laravel/framework/src/Illuminate/Pipeline/Pipeline.php(219): Illuminate\\Http\\Middleware\\TrustProxies->handle(Object(Illuminate\\Http\\Request), Object(Closure))
#60 /Users/rifkinasss/Documents/workspace/Startup/NasLabs/internal-projects/Blog/vendor/laravel/framework/src/Illuminate/Foundation/Http/Middleware/InvokeDeferredCallbacks.php(22): Illuminate\\Pipeline\\Pipeline->{closure:{closure:Illuminate\\Pipeline\\Pipeline::carry():194}:195}(Object(Illuminate\\Http\\Request))
#61 /Users/rifkinasss/Documents/workspace/Startup/NasLabs/internal-projects/Blog/vendor/laravel/framework/src/Illuminate/Pipeline/Pipeline.php(219): Illuminate\\Foundation\\Http\\Middleware\\InvokeDeferredCallbacks->handle(Object(Illuminate\\Http\\Request), Object(Closure))
#62 /Users/rifkinasss/Documents/workspace/Startup/NasLabs/internal-projects/Blog/vendor/laravel/framework/src/Illuminate/Http/Middleware/ValidatePathEncoding.php(28): Illuminate\\Pipeline\\Pipeline->{closure:{closure:Illuminate\\Pipeline\\Pipeline::carry():194}:195}(Object(Illuminate\\Http\\Request))
#63 /Users/rifkinasss/Documents/workspace/Startup/NasLabs/internal-projects/Blog/vendor/laravel/framework/src/Illuminate/Pipeline/Pipeline.php(219): Illuminate\\Http\\Middleware\\ValidatePathEncoding->handle(Object(Illuminate\\Http\\Request), Object(Closure))
#64 /Users/rifkinasss/Documents/workspace/Startup/NasLabs/internal-projects/Blog/vendor/laravel/framework/src/Illuminate/Pipeline/Pipeline.php(137): Illuminate\\Pipeline\\Pipeline->{closure:{closure:Illuminate\\Pipeline\\Pipeline::carry():194}:195}(Object(Illuminate\\Http\\Request))
#65 /Users/rifkinasss/Documents/workspace/Startup/NasLabs/internal-projects/Blog/vendor/laravel/framework/src/Illuminate/Foundation/Http/Kernel.php(175): Illuminate\\Pipeline\\Pipeline->then(Object(Closure))
#66 /Users/rifkinasss/Documents/workspace/Startup/NasLabs/internal-projects/Blog/vendor/laravel/framework/src/Illuminate/Foundation/Http/Kernel.php(144): Illuminate\\Foundation\\Http\\Kernel->sendRequestThroughRouter(Object(Illuminate\\Http\\Request))
#67 /Users/rifkinasss/Documents/workspace/Startup/NasLabs/internal-projects/Blog/vendor/laravel/framework/src/Illuminate/Foundation/Application.php(1227): Illuminate\\Foundation\\Http\\Kernel->handle(Object(Illuminate\\Http\\Request))
#68 /Users/rifkinasss/Documents/workspace/Startup/NasLabs/internal-projects/Blog/public/index.php(20): Illuminate\\Foundation\\Application->handleRequest(Object(Illuminate\\Http\\Request))
#69 /Users/rifkinasss/Documents/workspace/Startup/NasLabs/internal-projects/Blog/vendor/laravel/framework/src/Illuminate/Foundation/resources/server.php(23): require_once('/Users/rifkinas...')
#70 {main}

[previous exception] [object] (Symfony\\Component\\Routing\\Exception\\RouteNotFoundException(code: 0): Route [blog.show] not defined. at /Users/rifkinasss/Documents/workspace/Startup/NasLabs/internal-projects/Blog/vendor/laravel/framework/src/Illuminate/Routing/UrlGenerator.php:542)
[stacktrace]
#0 /Users/rifkinasss/Documents/workspace/Startup/NasLabs/internal-projects/Blog/vendor/laravel/framework/src/Illuminate/Foundation/helpers.php(870): Illuminate\\Routing\\UrlGenerator->route('blog.show', 'postgresql-mula...', true)
#1 /Users/rifkinasss/Documents/workspace/Startup/NasLabs/internal-projects/Blog/storage/framework/views/aa6bfaaf90ac30f406a688470537df65.php(309): route('blog.show', 'postgresql-mula...')
#2 /Users/rifkinasss/Documents/workspace/Startup/NasLabs/internal-projects/Blog/vendor/livewire/livewire/src/Mechanisms/ExtendBlade/ExtendedCompilerEngine.php(37): include('/Users/rifkinas...')
#3 /Users/rifkinasss/Documents/workspace/Startup/NasLabs/internal-projects/Blog/vendor/livewire/livewire/src/Mechanisms/ExtendBlade/ExtendedCompilerEngine.php(38): App\\Livewire\\Dashboard\\DashboardOverview->{closure:Livewire\\Mechanisms\\ExtendBlade\\ExtendedCompilerEngine::evaluatePath():35}()
#4 /Users/rifkinasss/Documents/workspace/Startup/NasLabs/internal-projects/Blog/vendor/laravel/framework/src/Illuminate/View/Engines/CompilerEngine.php(76): Livewire\\Mechanisms\\ExtendBlade\\ExtendedCompilerEngine->evaluatePath('/Users/rifkinas...', Array)
#5 /Users/rifkinasss/Documents/workspace/Startup/NasLabs/internal-projects/Blog/vendor/livewire/livewire/src/Mechanisms/ExtendBlade/ExtendedCompilerEngine.php(16): Illuminate\\View\\Engines\\CompilerEngine->get('/Users/rifkinas...', Array)
#6 /Users/rifkinasss/Documents/workspace/Startup/NasLabs/internal-projects/Blog/vendor/laravel/framework/src/Illuminate/View/View.php(208): Livewire\\Mechanisms\\ExtendBlade\\ExtendedCompilerEngine->get('/Users/rifkinas...', Array)
#7 /Users/rifkinasss/Documents/workspace/Startup/NasLabs/internal-projects/Blog/vendor/laravel/framework/src/Illuminate/View/View.php(191): Illuminate\\View\\View->getContents()
#8 /Users/rifkinasss/Documents/workspace/Startup/NasLabs/internal-projects/Blog/vendor/laravel/framework/src/Illuminate/View/View.php(160): Illuminate\\View\\View->renderContents()
#9 /Users/rifkinasss/Documents/workspace/Startup/NasLabs/internal-projects/Blog/vendor/livewire/livewire/src/Mechanisms/HandleComponents/HandleComponents.php(333): Illuminate\\View\\View->render(Object(Closure))
#10 /Users/rifkinasss/Documents/workspace/Startup/NasLabs/internal-projects/Blog/vendor/livewire/livewire/src/Mechanisms/HandleComponents/HandleComponents.php(384): Livewire\\Mechanisms\\HandleComponents\\HandleComponents->{closure:Livewire\\Mechanisms\\HandleComponents\\HandleComponents::render():325}()
#11 /Users/rifkinasss/Documents/workspace/Startup/NasLabs/internal-projects/Blog/vendor/livewire/livewire/src/Mechanisms/HandleComponents/HandleComponents.php(325): Livewire\\Mechanisms\\HandleComponents\\HandleComponents->trackInRenderStack(Object(App\\Livewire\\Dashboard\\DashboardOverview), Object(Closure))
#12 /Users/rifkinasss/Documents/workspace/Startup/NasLabs/internal-projects/Blog/vendor/livewire/livewire/src/Mechanisms/HandleComponents/HandleComponents.php(65): Livewire\\Mechanisms\\HandleComponents\\HandleComponents->render(Object(App\\Livewire\\Dashboard\\DashboardOverview), '<div></div>')
#13 /Users/rifkinasss/Documents/workspace/Startup/NasLabs/internal-projects/Blog/vendor/livewire/livewire/src/LivewireManager.php(103): Livewire\\Mechanisms\\HandleComponents\\HandleComponents->mount('App\\\\Livewire\\\\Da...', Array, NULL, Array)
#14 /Users/rifkinasss/Documents/workspace/Startup/NasLabs/internal-projects/Blog/vendor/livewire/livewire/src/Features/SupportPageComponents/HandlesPageComponents.php(19): Livewire\\LivewireManager->mount('App\\\\Livewire\\\\Da...', Array)
#15 /Users/rifkinasss/Documents/workspace/Startup/NasLabs/internal-projects/Blog/vendor/livewire/livewire/src/Features/SupportPageComponents/SupportPageComponents.php(119): Livewire\\Component->{closure:Livewire\\Features\\SupportPageComponents\\HandlesPageComponents::__invoke():14}()
#16 /Users/rifkinasss/Documents/workspace/Startup/NasLabs/internal-projects/Blog/vendor/livewire/livewire/src/Features/SupportPageComponents/HandlesPageComponents.php(14): Livewire\\Features\\SupportPageComponents\\SupportPageComponents::interceptTheRenderOfTheComponentAndRetreiveTheLayoutConfiguration(Object(Closure))
#17 /Users/rifkinasss/Documents/workspace/Startup/NasLabs/internal-projects/Blog/vendor/laravel/framework/src/Illuminate/Routing/ControllerDispatcher.php(46): Livewire\\Component->__invoke()
#18 /Users/rifkinasss/Documents/workspace/Startup/NasLabs/internal-projects/Blog/vendor/laravel/framework/src/Illuminate/Routing/Route.php(276): Illuminate\\Routing\\ControllerDispatcher->dispatch(Object(Illuminate\\Routing\\Route), Object(App\\Livewire\\Dashboard\\DashboardOverview), '__invoke')
#19 /Users/rifkinasss/Documents/workspace/Startup/NasLabs/internal-projects/Blog/vendor/laravel/framework/src/Illuminate/Routing/Route.php(216): Illuminate\\Routing\\Route->runController()
#20 /Users/rifkinasss/Documents/workspace/Startup/NasLabs/internal-projects/Blog/vendor/laravel/framework/src/Illuminate/Routing/Router.php(822): Illuminate\\Routing\\Route->run()
#21 /Users/rifkinasss/Documents/workspace/Startup/NasLabs/internal-projects/Blog/vendor/laravel/framework/src/Illuminate/Pipeline/Pipeline.php(180): Illuminate\\Routing\\Router->{closure:Illuminate\\Routing\\Router::runRouteWithinStack():821}(Object(Illuminate\\Http\\Request))
#22 /Users/rifkinasss/Documents/workspace/Startup/NasLabs/internal-projects/Blog/vendor/laravel/framework/src/Illuminate/Http/Middleware/AddLinkHeadersForPreloadedAssets.php(32): Illuminate\\Pipeline\\Pipeline->{closure:Illuminate\\Pipeline\\Pipeline::prepareDestination():178}(Object(Illuminate\\Http\\Request))
#23 /Users/rifkinasss/Documents/workspace/Startup/NasLabs/internal-projects/Blog/vendor/laravel/framework/src/Illuminate/Pipeline/Pipeline.php(219): Illuminate\\Http\\Middleware\\AddLinkHeadersForPreloadedAssets->handle(Object(Illuminate\\Http\\Request), Object(Closure))
#24 /Users/rifkinasss/Documents/workspace/Startup/NasLabs/internal-projects/Blog/vendor/laravel/framework/src/Illuminate/Routing/Middleware/SubstituteBindings.php(52): Illuminate\\Pipeline\\Pipeline->{closure:{closure:Illuminate\\Pipeline\\Pipeline::carry():194}:195}(Object(Illuminate\\Http\\Request))
#25 /Users/rifkinasss/Documents/workspace/Startup/NasLabs/internal-projects/Blog/vendor/laravel/framework/src/Illuminate/Pipeline/Pipeline.php(219): Illuminate\\Routing\\Middleware\\SubstituteBindings->handle(Object(Illuminate\\Http\\Request), Object(Closure))
#26 /Users/rifkinasss/Documents/workspace/Startup/NasLabs/internal-projects/Blog/vendor/laravel/framework/src/Illuminate/Auth/Middleware/Authenticate.php(63): Illuminate\\Pipeline\\Pipeline->{closure:{closure:Illuminate\\Pipeline\\Pipeline::carry():194}:195}(Object(Illuminate\\Http\\Request))
#27 /Users/rifkinasss/Documents/workspace/Startup/NasLabs/internal-projects/Blog/vendor/laravel/framework/src/Illuminate/Pipeline/Pipeline.php(219): Illuminate\\Auth\\Middleware\\Authenticate->handle(Object(Illuminate\\Http\\Request), Object(Closure))
#28 /Users/rifkinasss/Documents/workspace/Startup/NasLabs/internal-projects/Blog/vendor/laravel/framework/src/Illuminate/Foundation/Http/Middleware/PreventRequestForgery.php(104): Illuminate\\Pipeline\\Pipeline->{closure:{closure:Illuminate\\Pipeline\\Pipeline::carry():194}:195}(Object(Illuminate\\Http\\Request))
#29 /Users/rifkinasss/Documents/workspace/Startup/NasLabs/internal-projects/Blog/vendor/laravel/framework/src/Illuminate/Pipeline/Pipeline.php(219): Illuminate\\Foundation\\Http\\Middleware\\PreventRequestForgery->handle(Object(Illuminate\\Http\\Request), Object(Closure))
#30 /Users/rifkinasss/Documents/workspace/Startup/NasLabs/internal-projects/Blog/vendor/laravel/framework/src/Illuminate/View/Middleware/ShareErrorsFromSession.php(48): Illuminate\\Pipeline\\Pipeline->{closure:{closure:Illuminate\\Pipeline\\Pipeline::carry():194}:195}(Object(Illuminate\\Http\\Request))
#31 /Users/rifkinasss/Documents/workspace/Startup/NasLabs/internal-projects/Blog/vendor/laravel/framework/src/Illuminate/Pipeline/Pipeline.php(219): Illuminate\\View\\Middleware\\ShareErrorsFromSession->handle(Object(Illuminate\\Http\\Request), Object(Closure))
#32 /Users/rifkinasss/Documents/workspace/Startup/NasLabs/internal-projects/Blog/vendor/laravel/framework/src/Illuminate/Session/Middleware/StartSession.php(120): Illuminate\\Pipeline\\Pipeline->{closure:{closure:Illuminate\\Pipeline\\Pipeline::carry():194}:195}(Object(Illuminate\\Http\\Request))
#33 /Users/rifkinasss/Documents/workspace/Startup/NasLabs/internal-projects/Blog/vendor/laravel/framework/src/Illuminate/Session/Middleware/StartSession.php(63): Illuminate\\Session\\Middleware\\StartSession->handleStatefulRequest(Object(Illuminate\\Http\\Request), Object(Illuminate\\Session\\Store), Object(Closure))
#34 /Users/rifkinasss/Documents/workspace/Startup/NasLabs/internal-projects/Blog/vendor/laravel/framework/src/Illuminate/Pipeline/Pipeline.php(219): Illuminate\\Session\\Middleware\\StartSession->handle(Object(Illuminate\\Http\\Request), Object(Closure))
#35 /Users/rifkinasss/Documents/workspace/Startup/NasLabs/internal-projects/Blog/vendor/laravel/framework/src/Illuminate/Cookie/Middleware/AddQueuedCookiesToResponse.php(36): Illuminate\\Pipeline\\Pipeline->{closure:{closure:Illuminate\\Pipeline\\Pipeline::carry():194}:195}(Object(Illuminate\\Http\\Request))
#36 /Users/rifkinasss/Documents/workspace/Startup/NasLabs/internal-projects/Blog/vendor/laravel/framework/src/Illuminate/Pipeline/Pipeline.php(219): Illuminate\\Cookie\\Middleware\\AddQueuedCookiesToResponse->handle(Object(Illuminate\\Http\\Request), Object(Closure))
#37 /Users/rifkinasss/Documents/workspace/Startup/NasLabs/internal-projects/Blog/vendor/laravel/framework/src/Illuminate/Cookie/Middleware/EncryptCookies.php(74): Illuminate\\Pipeline\\Pipeline->{closure:{closure:Illuminate\\Pipeline\\Pipeline::carry():194}:195}(Object(Illuminate\\Http\\Request))
#38 /Users/rifkinasss/Documents/workspace/Startup/NasLabs/internal-projects/Blog/vendor/laravel/framework/src/Illuminate/Pipeline/Pipeline.php(219): Illuminate\\Cookie\\Middleware\\EncryptCookies->handle(Object(Illuminate\\Http\\Request), Object(Closure))
#39 /Users/rifkinasss/Documents/workspace/Startup/NasLabs/internal-projects/Blog/vendor/laravel/framework/src/Illuminate/Pipeline/Pipeline.php(137): Illuminate\\Pipeline\\Pipeline->{closure:{closure:Illuminate\\Pipeline\\Pipeline::carry():194}:195}(Object(Illuminate\\Http\\Request))
#40 /Users/rifkinasss/Documents/workspace/Startup/NasLabs/internal-projects/Blog/vendor/laravel/framework/src/Illuminate/Routing/Router.php(821): Illuminate\\Pipeline\\Pipeline->then(Object(Closure))
#41 /Users/rifkinasss/Documents/workspace/Startup/NasLabs/internal-projects/Blog/vendor/laravel/framework/src/Illuminate/Routing/Router.php(800): Illuminate\\Routing\\Router->runRouteWithinStack(Object(Illuminate\\Routing\\Route), Object(Illuminate\\Http\\Request))
#42 /Users/rifkinasss/Documents/workspace/Startup/NasLabs/internal-projects/Blog/vendor/laravel/framework/src/Illuminate/Routing/Router.php(764): Illuminate\\Routing\\Router->runRoute(Object(Illuminate\\Http\\Request), Object(Illuminate\\Routing\\Route))
#43 /Users/rifkinasss/Documents/workspace/Startup/NasLabs/internal-projects/Blog/vendor/laravel/framework/src/Illuminate/Routing/Router.php(753): Illuminate\\Routing\\Router->dispatchToRoute(Object(Illuminate\\Http\\Request))
#44 /Users/rifkinasss/Documents/workspace/Startup/NasLabs/internal-projects/Blog/vendor/laravel/framework/src/Illuminate/Foundation/Http/Kernel.php(200): Illuminate\\Routing\\Router->dispatch(Object(Illuminate\\Http\\Request))
#45 /Users/rifkinasss/Documents/workspace/Startup/NasLabs/internal-projects/Blog/vendor/laravel/framework/src/Illuminate/Pipeline/Pipeline.php(180): Illuminate\\Foundation\\Http\\Kernel->{closure:Illuminate\\Foundation\\Http\\Kernel::dispatchToRouter():197}(Object(Illuminate\\Http\\Request))
#46 /Users/rifkinasss/Documents/workspace/Startup/NasLabs/internal-projects/Blog/vendor/livewire/livewire/src/Features/SupportDisablingBackButtonCache/DisableBackButtonCacheMiddleware.php(19): Illuminate\\Pipeline\\Pipeline->{closure:Illuminate\\Pipeline\\Pipeline::prepareDestination():178}(Object(Illuminate\\Http\\Request))
#47 /Users/rifkinasss/Documents/workspace/Startup/NasLabs/internal-projects/Blog/vendor/laravel/framework/src/Illuminate/Pipeline/Pipeline.php(219): Livewire\\Features\\SupportDisablingBackButtonCache\\DisableBackButtonCacheMiddleware->handle(Object(Illuminate\\Http\\Request), Object(Closure))
#48 /Users/rifkinasss/Documents/workspace/Startup/NasLabs/internal-projects/Blog/vendor/laravel/framework/src/Illuminate/Foundation/Http/Middleware/TransformsRequest.php(21): Illuminate\\Pipeline\\Pipeline->{closure:{closure:Illuminate\\Pipeline\\Pipeline::carry():194}:195}(Object(Illuminate\\Http\\Request))
#49 /Users/rifkinasss/Documents/workspace/Startup/NasLabs/internal-projects/Blog/vendor/laravel/framework/src/Illuminate/Foundation/Http/Middleware/ConvertEmptyStringsToNull.php(31): Illuminate\\Foundation\\Http\\Middleware\\TransformsRequest->handle(Object(Illuminate\\Http\\Request), Object(Closure))
#50 /Users/rifkinasss/Documents/workspace/Startup/NasLabs/internal-projects/Blog/vendor/laravel/framework/src/Illuminate/Pipeline/Pipeline.php(219): Illuminate\\Foundation\\Http\\Middleware\\ConvertEmptyStringsToNull->handle(Object(Illuminate\\Http\\Request), Object(Closure))
#51 /Users/rifkinasss/Documents/workspace/Startup/NasLabs/internal-projects/Blog/vendor/laravel/framework/src/Illuminate/Foundation/Http/Middleware/TransformsRequest.php(21): Illuminate\\Pipeline\\Pipeline->{closure:{closure:Illuminate\\Pipeline\\Pipeline::carry():194}:195}(Object(Illuminate\\Http\\Request))
#52 /Users/rifkinasss/Documents/workspace/Startup/NasLabs/internal-projects/Blog/vendor/laravel/framework/src/Illuminate/Foundation/Http/Middleware/TrimStrings.php(51): Illuminate\\Foundation\\Http\\Middleware\\TransformsRequest->handle(Object(Illuminate\\Http\\Request), Object(Closure))
#53 /Users/rifkinasss/Documents/workspace/Startup/NasLabs/internal-projects/Blog/vendor/laravel/framework/src/Illuminate/Pipeline/Pipeline.php(219): Illuminate\\Foundation\\Http\\Middleware\\TrimStrings->handle(Object(Illuminate\\Http\\Request), Object(Closure))
#54 /Users/rifkinasss/Documents/workspace/Startup/NasLabs/internal-projects/Blog/vendor/laravel/framework/src/Illuminate/Http/Middleware/ValidatePostSize.php(27): Illuminate\\Pipeline\\Pipeline->{closure:{closure:Illuminate\\Pipeline\\Pipeline::carry():194}:195}(Object(Illuminate\\Http\\Request))
#55 /Users/rifkinasss/Documents/workspace/Startup/NasLabs/internal-projects/Blog/vendor/laravel/framework/src/Illuminate/Pipeline/Pipeline.php(219): Illuminate\\Http\\Middleware\\ValidatePostSize->handle(Object(Illuminate\\Http\\Request), Object(Closure))
#56 /Users/rifkinasss/Documents/workspace/Startup/NasLabs/internal-projects/Blog/vendor/laravel/framework/src/Illuminate/Foundation/Http/Middleware/PreventRequestsDuringMaintenance.php(110): Illuminate\\Pipeline\\Pipeline->{closure:{closure:Illuminate\\Pipeline\\Pipeline::carry():194}:195}(Object(Illuminate\\Http\\Request))
#57 /Users/rifkinasss/Documents/workspace/Startup/NasLabs/internal-projects/Blog/vendor/laravel/framework/src/Illuminate/Pipeline/Pipeline.php(219): Illuminate\\Foundation\\Http\\Middleware\\PreventRequestsDuringMaintenance->handle(Object(Illuminate\\Http\\Request), Object(Closure))
#58 /Users/rifkinasss/Documents/workspace/Startup/NasLabs/internal-projects/Blog/vendor/laravel/framework/src/Illuminate/Http/Middleware/HandleCors.php(61): Illuminate\\Pipeline\\Pipeline->{closure:{closure:Illuminate\\Pipeline\\Pipeline::carry():194}:195}(Object(Illuminate\\Http\\Request))
#59 /Users/rifkinasss/Documents/workspace/Startup/NasLabs/internal-projects/Blog/vendor/laravel/framework/src/Illuminate/Pipeline/Pipeline.php(219): Illuminate\\Http\\Middleware\\HandleCors->handle(Object(Illuminate\\Http\\Request), Object(Closure))
#60 /Users/rifkinasss/Documents/workspace/Startup/NasLabs/internal-projects/Blog/vendor/laravel/framework/src/Illuminate/Http/Middleware/TrustProxies.php(58): Illuminate\\Pipeline\\Pipeline->{closure:{closure:Illuminate\\Pipeline\\Pipeline::carry():194}:195}(Object(Illuminate\\Http\\Request))
#61 /Users/rifkinasss/Documents/workspace/Startup/NasLabs/internal-projects/Blog/vendor/laravel/framework/src/Illuminate/Pipeline/Pipeline.php(219): Illuminate\\Http\\Middleware\\TrustProxies->handle(Object(Illuminate\\Http\\Request), Object(Closure))
#62 /Users/rifkinasss/Documents/workspace/Startup/NasLabs/internal-projects/Blog/vendor/laravel/framework/src/Illuminate/Foundation/Http/Middleware/InvokeDeferredCallbacks.php(22): Illuminate\\Pipeline\\Pipeline->{closure:{closure:Illuminate\\Pipeline\\Pipeline::carry():194}:195}(Object(Illuminate\\Http\\Request))
#63 /Users/rifkinasss/Documents/workspace/Startup/NasLabs/internal-projects/Blog/vendor/laravel/framework/src/Illuminate/Pipeline/Pipeline.php(219): Illuminate\\Foundation\\Http\\Middleware\\InvokeDeferredCallbacks->handle(Object(Illuminate\\Http\\Request), Object(Closure))
#64 /Users/rifkinasss/Documents/workspace/Startup/NasLabs/internal-projects/Blog/vendor/laravel/framework/src/Illuminate/Http/Middleware/ValidatePathEncoding.php(28): Illuminate\\Pipeline\\Pipeline->{closure:{closure:Illuminate\\Pipeline\\Pipeline::carry():194}:195}(Object(Illuminate\\Http\\Request))
#65 /Users/rifkinasss/Documents/workspace/Startup/NasLabs/internal-projects/Blog/vendor/laravel/framework/src/Illuminate/Pipeline/Pipeline.php(219): Illuminate\\Http\\Middleware\\ValidatePathEncoding->handle(Object(Illuminate\\Http\\Request), Object(Closure))
#66 /Users/rifkinasss/Documents/workspace/Startup/NasLabs/internal-projects/Blog/vendor/laravel/framework/src/Illuminate/Pipeline/Pipeline.php(137): Illuminate\\Pipeline\\Pipeline->{closure:{closure:Illuminate\\Pipeline\\Pipeline::carry():194}:195}(Object(Illuminate\\Http\\Request))
#67 /Users/rifkinasss/Documents/workspace/Startup/NasLabs/internal-projects/Blog/vendor/laravel/framework/src/Illuminate/Foundation/Http/Kernel.php(175): Illuminate\\Pipeline\\Pipeline->then(Object(Closure))
#68 /Users/rifkinasss/Documents/workspace/Startup/NasLabs/internal-projects/Blog/vendor/laravel/framework/src/Illuminate/Foundation/Http/Kernel.php(144): Illuminate\\Foundation\\Http\\Kernel->sendRequestThroughRouter(Object(Illuminate\\Http\\Request))
#69 /Users/rifkinasss/Documents/workspace/Startup/NasLabs/internal-projects/Blog/vendor/laravel/framework/src/Illuminate/Foundation/Application.php(1227): Illuminate\\Foundation\\Http\\Kernel->handle(Object(Illuminate\\Http\\Request))
#70 /Users/rifkinasss/Documents/workspace/Startup/NasLabs/internal-projects/Blog/public/index.php(20): Illuminate\\Foundation\\Application->handleRequest(Object(Illuminate\\Http\\Request))
#71 /Users/rifkinasss/Documents/workspace/Startup/NasLabs/internal-projects/Blog/vendor/laravel/framework/src/Illuminate/Foundation/resources/server.php(23): require_once('/Users/rifkinas...')
#72 {main}
"} 
[2026-09-14 08:28:13] local.ERROR: Route [blog.show] not defined. (View: /Users/rifkinasss/Documents/workspace/Startup/NasLabs/internal-projects/Blog/resources/views/livewire/dashboard/overview.blade.php) {"userId":1,"exception":"[object] (Illuminate\\View\\ViewException(code: 0): Route [blog.show] not defined. (View: /Users/rifkinasss/Documents/workspace/Startup/NasLabs/internal-projects/Blog/resources/views/livewire/dashboard/overview.blade.php) at /Users/rifkinasss/Documents/workspace/Startup/NasLabs/internal-projects/Blog/vendor/laravel/framework/src/Illuminate/Routing/UrlGenerator.php:542)
[stacktrace]
#0 /Users/rifkinasss/Documents/workspace/Startup/NasLabs/internal-projects/Blog/vendor/livewire/livewire/src/Mechanisms/ExtendBlade/ExtendedCompilerEngine.php(58): Illuminate\\View\\Engines\\CompilerEngine->handleViewException(Object(Symfony\\Component\\Routing\\Exception\\RouteNotFoundException), 1)
#1 /Users/rifkinasss/Documents/workspace/Startup/NasLabs/internal-projects/Blog/vendor/livewire/livewire/src/Mechanisms/ExtendBlade/ExtendedCompilerEngine.php(40): Livewire\\Mechanisms\\ExtendBlade\\ExtendedCompilerEngine->handleViewException(Object(Symfony\\Component\\Routing\\Exception\\RouteNotFoundException), 1)
#2 /Users/rifkinasss/Documents/workspace/Startup/NasLabs/internal-projects/Blog/vendor/laravel/framework/src/Illuminate/View/Engines/CompilerEngine.php(76): Livewire\\Mechanisms\\ExtendBlade\\ExtendedCompilerEngine->evaluatePath('/Users/rifkinas...', Array)
#3 /Users/rifkinasss/Documents/workspace/Startup/NasLabs/internal-projects/Blog/vendor/livewire/livewire/src/Mechanisms/ExtendBlade/ExtendedCompilerEngine.php(16): Illuminate\\View\\Engines\\CompilerEngine->get('/Users/rifkinas...', Array)
#4 /Users/rifkinasss/Documents/workspace/Startup/NasLabs/internal-projects/Blog/vendor/laravel/framework/src/Illuminate/View/View.php(208): Livewire\\Mechanisms\\ExtendBlade\\ExtendedCompilerEngine->get('/Users/rifkinas...', Array)
#5 /Users/rifkinasss/Documents/workspace/Startup/NasLabs/internal-projects/Blog/vendor/laravel/framework/src/Illuminate/View/View.php(191): Illuminate\\View\\View->getContents()
#6 /Users/rifkinasss/Documents/workspace/Startup/NasLabs/internal-projects/Blog/vendor/laravel/framework/src/Illuminate/View/View.php(160): Illuminate\\View\\View->renderContents()
#7 /Users/rifkinasss/Documents/workspace/Startup/NasLabs/internal-projects/Blog/vendor/livewire/livewire/src/Mechanisms/HandleComponents/HandleComponents.php(333): Illuminate\\View\\View->render(Object(Closure))
#8 /Users/rifkinasss/Documents/workspace/Startup/NasLabs/internal-projects/Blog/vendor/livewire/livewire/src/Mechanisms/HandleComponents/HandleComponents.php(384): Livewire\\Mechanisms\\HandleComponents\\HandleComponents->{closure:Livewire\\Mechanisms\\HandleComponents\\HandleComponents::render():325}()
#9 /Users/rifkinasss/Documents/workspace/Startup/NasLabs/internal-projects/Blog/vendor/livewire/livewire/src/Mechanisms/HandleComponents/HandleComponents.php(325): Livewire\\Mechanisms\\HandleComponents\\HandleComponents->trackInRenderStack(Object(App\\Livewire\\Dashboard\\DashboardOverview), Object(Closure))
#10 /Users/rifkinasss/Documents/workspace/Startup/NasLabs/internal-projects/Blog/vendor/livewire/livewire/src/Mechanisms/HandleComponents/HandleComponents.php(65): Livewire\\Mechanisms\\HandleComponents\\HandleComponents->render(Object(App\\Livewire\\Dashboard\\DashboardOverview), '<div></div>')
#11 /Users/rifkinasss/Documents/workspace/Startup/NasLabs/internal-projects/Blog/vendor/livewire/livewire/src/LivewireManager.php(103): Livewire\\Mechanisms\\HandleComponents\\HandleComponents->mount('App\\\\Livewire\\\\Da...', Array, NULL, Array)
#12 /Users/rifkinasss/Documents/workspace/Startup/NasLabs/internal-projects/Blog/vendor/livewire/livewire/src/Features/SupportPageComponents/HandlesPageComponents.php(19): Livewire\\LivewireManager->mount('App\\\\Livewire\\\\Da...', Array)
#13 /Users/rifkinasss/Documents/workspace/Startup/NasLabs/internal-projects/Blog/vendor/livewire/livewire/src/Features/SupportPageComponents/SupportPageComponents.php(119): Livewire\\Component->{closure:Livewire\\Features\\SupportPageComponents\\HandlesPageComponents::__invoke():14}()
#14 /Users/rifkinasss/Documents/workspace/Startup/NasLabs/internal-projects/Blog/vendor/livewire/livewire/src/Features/SupportPageComponents/HandlesPageComponents.php(14): Livewire\\Features\\SupportPageComponents\\SupportPageComponents::interceptTheRenderOfTheComponentAndRetreiveTheLayoutConfiguration(Object(Closure))
#15 /Users/rifkinasss/Documents/workspace/Startup/NasLabs/internal-projects/Blog/vendor/laravel/framework/src/Illuminate/Routing/ControllerDispatcher.php(46): Livewire\\Component->__invoke()
#16 /Users/rifkinasss/Documents/workspace/Startup/NasLabs/internal-projects/Blog/vendor/laravel/framework/src/Illuminate/Routing/Route.php(276): Illuminate\\Routing\\ControllerDispatcher->dispatch(Object(Illuminate\\Routing\\Route), Object(App\\Livewire\\Dashboard\\DashboardOverview), '__invoke')
#17 /Users/rifkinasss/Documents/workspace/Startup/NasLabs/internal-projects/Blog/vendor/laravel/framework/src/Illuminate/Routing/Route.php(216): Illuminate\\Routing\\Route->runController()
#18 /Users/rifkinasss/Documents/workspace/Startup/NasLabs/internal-projects/Blog/vendor/laravel/framework/src/Illuminate/Routing/Router.php(822): Illuminate\\Routing\\Route->run()
#19 /Users/rifkinasss/Documents/workspace/Startup/NasLabs/internal-projects/Blog/vendor/laravel/framework/src/Illuminate/Pipeline/Pipeline.php(180): Illuminate\\Routing\\Router->{closure:Illuminate\\Routing\\Router::runRouteWithinStack():821}(Object(Illuminate\\Http\\Request))
#20 /Users/rifkinasss/Documents/workspace/Startup/NasLabs/internal-projects/Blog/vendor/laravel/framework/src/Illuminate/Http/Middleware/AddLinkHeadersForPreloadedAssets.php(32): Illuminate\\Pipeline\\Pipeline->{closure:Illuminate\\Pipeline\\Pipeline::prepareDestination():178}(Object(Illuminate\\Http\\Request))
#21 /Users/rifkinasss/Documents/workspace/Startup/NasLabs/internal-projects/Blog/vendor/laravel/framework/src/Illuminate/Pipeline/Pipeline.php(219): Illuminate\\Http\\Middleware\\AddLinkHeadersForPreloadedAssets->handle(Object(Illuminate\\Http\\Request), Object(Closure))
#22 /Users/rifkinasss/Documents/workspace/Startup/NasLabs/internal-projects/Blog/vendor/laravel/framework/src/Illuminate/Routing/Middleware/SubstituteBindings.php(52): Illuminate\\Pipeline\\Pipeline->{closure:{closure:Illuminate\\Pipeline\\Pipeline::carry():194}:195}(Object(Illuminate\\Http\\Request))
#23 /Users/rifkinasss/Documents/workspace/Startup/NasLabs/internal-projects/Blog/vendor/laravel/framework/src/Illuminate/Pipeline/Pipeline.php(219): Illuminate\\Routing\\Middleware\\SubstituteBindings->handle(Object(Illuminate\\Http\\Request), Object(Closure))
#24 /Users/rifkinasss/Documents/workspace/Startup/NasLabs/internal-projects/Blog/vendor/laravel/framework/src/Illuminate/Auth/Middleware/Authenticate.php(63): Illuminate\\Pipeline\\Pipeline->{closure:{closure:Illuminate\\Pipeline\\Pipeline::carry():194}:195}(Object(Illuminate\\Http\\Request))
#25 /Users/rifkinasss/Documents/workspace/Startup/NasLabs/internal-projects/Blog/vendor/laravel/framework/src/Illuminate/Pipeline/Pipeline.php(219): Illuminate\\Auth\\Middleware\\Authenticate->handle(Object(Illuminate\\Http\\Request), Object(Closure))
#26 /Users/rifkinasss/Documents/workspace/Startup/NasLabs/internal-projects/Blog/vendor/laravel/framework/src/Illuminate/Foundation/Http/Middleware/PreventRequestForgery.php(104): Illuminate\\Pipeline\\Pipeline->{closure:{closure:Illuminate\\Pipeline\\Pipeline::carry():194}:195}(Object(Illuminate\\Http\\Request))
#27 /Users/rifkinasss/Documents/workspace/Startup/NasLabs/internal-projects/Blog/vendor/laravel/framework/src/Illuminate/Pipeline/Pipeline.php(219): Illuminate\\Foundation\\Http\\Middleware\\PreventRequestForgery->handle(Object(Illuminate\\Http\\Request), Object(Closure))
#28 /Users/rifkinasss/Documents/workspace/Startup/NasLabs/internal-projects/Blog/vendor/laravel/framework/src/Illuminate/View/Middleware/ShareErrorsFromSession.php(48): Illuminate\\Pipeline\\Pipeline->{closure:{closure:Illuminate\\Pipeline\\Pipeline::carry():194}:195}(Object(Illuminate\\Http\\Request))
#29 /Users/rifkinasss/Documents/workspace/Startup/NasLabs/internal-projects/Blog/vendor/laravel/framework/src/Illuminate/Pipeline/Pipeline.php(219): Illuminate\\View\\Middleware\\ShareErrorsFromSession->handle(Object(Illuminate\\Http\\Request), Object(Closure))
#30 /Users/rifkinasss/Documents/workspace/Startup/NasLabs/internal-projects/Blog/vendor/laravel/framework/src/Illuminate/Session/Middleware/StartSession.php(120): Illuminate\\Pipeline\\Pipeline->{closure:{closure:Illuminate\\Pipeline\\Pipeline::carry():194}:195}(Object(Illuminate\\Http\\Request))
#31 /Users/rifkinasss/Documents/workspace/Startup/NasLabs/internal-projects/Blog/vendor/laravel/framework/src/Illuminate/Session/Middleware/StartSession.php(63): Illuminate\\Session\\Middleware\\StartSession->handleStatefulRequest(Object(Illuminate\\Http\\Request), Object(Illuminate\\Session\\Store), Object(Closure))
#32 /Users/rifkinasss/Documents/workspace/Startup/NasLabs/internal-projects/Blog/vendor/laravel/framework/src/Illuminate/Pipeline/Pipeline.php(219): Illuminate\\Session\\Middleware\\StartSession->handle(Object(Illuminate\\Http\\Request), Object(Closure))
#33 /Users/rifkinasss/Documents/workspace/Startup/NasLabs/internal-projects/Blog/vendor/laravel/framework/src/Illuminate/Cookie/Middleware/AddQueuedCookiesToResponse.php(36): Illuminate\\Pipeline\\Pipeline->{closure:{closure:Illuminate\\Pipeline\\Pipeline::carry():194}:195}(Object(Illuminate\\Http\\Request))
#34 /Users/rifkinasss/Documents/workspace/Startup/NasLabs/internal-projects/Blog/vendor/laravel/framework/src/Illuminate/Pipeline/Pipeline.php(219): Illuminate\\Cookie\\Middleware\\AddQueuedCookiesToResponse->handle(Object(Illuminate\\Http\\Request), Object(Closure))
#35 /Users/rifkinasss/Documents/workspace/Startup/NasLabs/internal-projects/Blog/vendor/laravel/framework/src/Illuminate/Cookie/Middleware/EncryptCookies.php(74): Illuminate\\Pipeline\\Pipeline->{closure:{closure:Illuminate\\Pipeline\\Pipeline::carry():194}:195}(Object(Illuminate\\Http\\Request))
#36 /Users/rifkinasss/Documents/workspace/Startup/NasLabs/internal-projects/Blog/vendor/laravel/framework/src/Illuminate/Pipeline/Pipeline.php(219): Illuminate\\Cookie\\Middleware\\EncryptCookies->handle(Object(Illuminate\\Http\\Request), Object(Closure))
#37 /Users/rifkinasss/Documents/workspace/Startup/NasLabs/internal-projects/Blog/vendor/laravel/framework/src/Illuminate/Pipeline/Pipeline.php(137): Illuminate\\Pipeline\\Pipeline->{closure:{closure:Illuminate\\Pipeline\\Pipeline::carry():194}:195}(Object(Illuminate\\Http\\Request))
#38 /Users/rifkinasss/Documents/workspace/Startup/NasLabs/internal-projects/Blog/vendor/laravel/framework/src/Illuminate/Routing/Router.php(821): Illuminate\\Pipeline\\Pipeline->then(Object(Closure))
#39 /Users/rifkinasss/Documents/workspace/Startup/NasLabs/internal-projects/Blog/vendor/laravel/framework/src/Illuminate/Routing/Router.php(800): Illuminate\\Routing\\Router->runRouteWithinStack(Object(Illuminate\\Routing\\Route), Object(Illuminate\\Http\\Request))
#40 /Users/rifkinasss/Documents/workspace/Startup/NasLabs/internal-projects/Blog/vendor/laravel/framework/src/Illuminate/Routing/Router.php(764): Illuminate\\Routing\\Router->runRoute(Object(Illuminate\\Http\\Request), Object(Illuminate\\Routing\\Route))
#41 /Users/rifkinasss/Documents/workspace/Startup/NasLabs/internal-projects/Blog/vendor/laravel/framework/src/Illuminate/Routing/Router.php(753): Illuminate\\Routing\\Router->dispatchToRoute(Object(Illuminate\\Http\\Request))
#42 /Users/rifkinasss/Documents/workspace/Startup/NasLabs/internal-projects/Blog/vendor/laravel/framework/src/Illuminate/Foundation/Http/Kernel.php(200): Illuminate\\Routing\\Router->dispatch(Object(Illuminate\\Http\\Request))
#43 /Users/rifkinasss/Documents/workspace/Startup/NasLabs/internal-projects/Blog/vendor/laravel/framework/src/Illuminate/Pipeline/Pipeline.php(180): Illuminate\\Foundation\\Http\\Kernel->{closure:Illuminate\\Foundation\\Http\\Kernel::dispatchToRouter():197}(Object(Illuminate\\Http\\Request))
#44 /Users/rifkinasss/Documents/workspace/Startup/NasLabs/internal-projects/Blog/vendor/livewire/livewire/src/Features/SupportDisablingBackButtonCache/DisableBackButtonCacheMiddleware.php(19): Illuminate\\Pipeline\\Pipeline->{closure:Illuminate\\Pipeline\\Pipeline::prepareDestination():178}(Object(Illuminate\\Http\\Request))
#45 /Users/rifkinasss/Documents/workspace/Startup/NasLabs/internal-projects/Blog/vendor/laravel/framework/src/Illuminate/Pipeline/Pipeline.php(219): Livewire\\Features\\SupportDisablingBackButtonCache\\DisableBackButtonCacheMiddleware->handle(Object(Illuminate\\Http\\Request), Object(Closure))
#46 /Users/rifkinasss/Documents/workspace/Startup/NasLabs/internal-projects/Blog/vendor/laravel/framework/src/Illuminate/Foundation/Http/Middleware/TransformsRequest.php(21): Illuminate\\Pipeline\\Pipeline->{closure:{closure:Illuminate\\Pipeline\\Pipeline::carry():194}:195}(Object(Illuminate\\Http\\Request))
#47 /Users/rifkinasss/Documents/workspace/Startup/NasLabs/internal-projects/Blog/vendor/laravel/framework/src/Illuminate/Foundation/Http/Middleware/ConvertEmptyStringsToNull.php(31): Illuminate\\Foundation\\Http\\Middleware\\TransformsRequest->handle(Object(Illuminate\\Http\\Request), Object(Closure))
#48 /Users/rifkinasss/Documents/workspace/Startup/NasLabs/internal-projects/Blog/vendor/laravel/framework/src/Illuminate/Pipeline/Pipeline.php(219): Illuminate\\Foundation\\Http\\Middleware\\ConvertEmptyStringsToNull->handle(Object(Illuminate\\Http\\Request), Object(Closure))
#49 /Users/rifkinasss/Documents/workspace/Startup/NasLabs/internal-projects/Blog/vendor/laravel/framework/src/Illuminate/Foundation/Http/Middleware/TransformsRequest.php(21): Illuminate\\Pipeline\\Pipeline->{closure:{closure:Illuminate\\Pipeline\\Pipeline::carry():194}:195}(Object(Illuminate\\Http\\Request))
#50 /Users/rifkinasss/Documents/workspace/Startup/NasLabs/internal-projects/Blog/vendor/laravel/framework/src/Illuminate/Foundation/Http/Middleware/TrimStrings.php(51): Illuminate\\Foundation\\Http\\Middleware\\TransformsRequest->handle(Object(Illuminate\\Http\\Request), Object(Closure))
#51 /Users/rifkinasss/Documents/workspace/Startup/NasLabs/internal-projects/Blog/vendor/laravel/framework/src/Illuminate/Pipeline/Pipeline.php(219): Illuminate\\Foundation\\Http\\Middleware\\TrimStrings->handle(Object(Illuminate\\Http\\Request), Object(Closure))
#52 /Users/rifkinasss/Documents/workspace/Startup/NasLabs/internal-projects/Blog/vendor/laravel/framework/src/Illuminate/Http/Middleware/ValidatePostSize.php(27): Illuminate\\Pipeline\\Pipeline->{closure:{closure:Illuminate\\Pipeline\\Pipeline::carry():194}:195}(Object(Illuminate\\Http\\Request))
#53 /Users/rifkinasss/Documents/workspace/Startup/NasLabs/internal-projects/Blog/vendor/laravel/framework/src/Illuminate/Pipeline/Pipeline.php(219): Illuminate\\Http\\Middleware\\ValidatePostSize->handle(Object(Illuminate\\Http\\Request), Object(Closure))
#54 /Users/rifkinasss/Documents/workspace/Startup/NasLabs/internal-projects/Blog/vendor/laravel/framework/src/Illuminate/Foundation/Http/Middleware/PreventRequestsDuringMaintenance.php(110): Illuminate\\Pipeline\\Pipeline->{closure:{closure:Illuminate\\Pipeline\\Pipeline::carry():194}:195}(Object(Illuminate\\Http\\Request))
#55 /Users/rifkinasss/Documents/workspace/Startup/NasLabs/internal-projects/Blog/vendor/laravel/framework/src/Illuminate/Pipeline/Pipeline.php(219): Illuminate\\Foundation\\Http\\Middleware\\PreventRequestsDuringMaintenance->handle(Object(Illuminate\\Http\\Request), Object(Closure))
#56 /Users/rifkinasss/Documents/workspace/Startup/NasLabs/internal-projects/Blog/vendor/laravel/framework/src/Illuminate/Http/Middleware/HandleCors.php(61): Illuminate\\Pipeline\\Pipeline->{closure:{closure:Illuminate\\Pipeline\\Pipeline::carry():194}:195}(Object(Illuminate\\Http\\Request))
#57 /Users/rifkinasss/Documents/workspace/Startup/NasLabs/internal-projects/Blog/vendor/laravel/framework/src/Illuminate/Pipeline/Pipeline.php(219): Illuminate\\Http\\Middleware\\HandleCors->handle(Object(Illuminate\\Http\\Request), Object(Closure))
#58 /Users/rifkinasss/Documents/workspace/Startup/NasLabs/internal-projects/Blog/vendor/laravel/framework/src/Illuminate/Http/Middleware/TrustProxies.php(58): Illuminate\\Pipeline\\Pipeline->{closure:{closure:Illuminate\\Pipeline\\Pipeline::carry():194}:195}(Object(Illuminate\\Http\\Request))
#59 /Users/rifkinasss/Documents/workspace/Startup/NasLabs/internal-projects/Blog/vendor/laravel/framework/src/Illuminate/Pipeline/Pipeline.php(219): Illuminate\\Http\\Middleware\\TrustProxies->handle(Object(Illuminate\\Http\\Request), Object(Closure))
#60 /Users/rifkinasss/Documents/workspace/Startup/NasLabs/internal-projects/Blog/vendor/laravel/framework/src/Illuminate/Foundation/Http/Middleware/InvokeDeferredCallbacks.php(22): Illuminate\\Pipeline\\Pipeline->{closure:{closure:Illuminate\\Pipeline\\Pipeline::carry():194}:195}(Object(Illuminate\\Http\\Request))
#61 /Users/rifkinasss/Documents/workspace/Startup/NasLabs/internal-projects/Blog/vendor/laravel/framework/src/Illuminate/Pipeline/Pipeline.php(219): Illuminate\\Foundation\\Http\\Middleware\\InvokeDeferredCallbacks->handle(Object(Illuminate\\Http\\Request), Object(Closure))
#62 /Users/rifkinasss/Documents/workspace/Startup/NasLabs/internal-projects/Blog/vendor/laravel/framework/src/Illuminate/Http/Middleware/ValidatePathEncoding.php(28): Illuminate\\Pipeline\\Pipeline->{closure:{closure:Illuminate\\Pipeline\\Pipeline::carry():194}:195}(Object(Illuminate\\Http\\Request))
#63 /Users/rifkinasss/Documents/workspace/Startup/NasLabs/internal-projects/Blog/vendor/laravel/framework/src/Illuminate/Pipeline/Pipeline.php(219): Illuminate\\Http\\Middleware\\ValidatePathEncoding->handle(Object(Illuminate\\Http\\Request), Object(Closure))
#64 /Users/rifkinasss/Documents/workspace/Startup/NasLabs/internal-projects/Blog/vendor/laravel/framework/src/Illuminate/Pipeline/Pipeline.php(137): Illuminate\\Pipeline\\Pipeline->{closure:{closure:Illuminate\\Pipeline\\Pipeline::carry():194}:195}(Object(Illuminate\\Http\\Request))
#65 /Users/rifkinasss/Documents/workspace/Startup/NasLabs/internal-projects/Blog/vendor/laravel/framework/src/Illuminate/Foundation/Http/Kernel.php(175): Illuminate\\Pipeline\\Pipeline->then(Object(Closure))
#66 /Users/rifkinasss/Documents/workspace/Startup/NasLabs/internal-projects/Blog/vendor/laravel/framework/src/Illuminate/Foundation/Http/Kernel.php(144): Illuminate\\Foundation\\Http\\Kernel->sendRequestThroughRouter(Object(Illuminate\\Http\\Request))
#67 /Users/rifkinasss/Documents/workspace/Startup/NasLabs/internal-projects/Blog/vendor/laravel/framework/src/Illuminate/Foundation/Application.php(1227): Illuminate\\Foundation\\Http\\Kernel->handle(Object(Illuminate\\Http\\Request))
#68 /Users/rifkinasss/Documents/workspace/Startup/NasLabs/internal-projects/Blog/public/index.php(20): Illuminate\\Foundation\\Application->handleRequest(Object(Illuminate\\Http\\Request))
#69 /Users/rifkinasss/Documents/workspace/Startup/NasLabs/internal-projects/Blog/vendor/laravel/framework/src/Illuminate/Foundation/resources/server.php(23): require_once('/Users/rifkinas...')
#70 {main}

[previous exception] [object] (Symfony\\Component\\Routing\\Exception\\RouteNotFoundException(code: 0): Route [blog.show] not defined. at /Users/rifkinasss/Documents/workspace/Startup/NasLabs/internal-projects/Blog/vendor/laravel/framework/src/Illuminate/Routing/UrlGenerator.php:542)
[stacktrace]
#0 /Users/rifkinasss/Documents/workspace/Startup/NasLabs/internal-projects/Blog/vendor/laravel/framework/src/Illuminate/Foundation/helpers.php(870): Illuminate\\Routing\\UrlGenerator->route('blog.show', 'postgresql-mula...', true)
#1 /Users/rifkinasss/Documents/workspace/Startup/NasLabs/internal-projects/Blog/storage/framework/views/aa6bfaaf90ac30f406a688470537df65.php(309): route('blog.show', 'postgresql-mula...')
#2 /Users/rifkinasss/Documents/workspace/Startup/NasLabs/internal-projects/Blog/vendor/livewire/livewire/src/Mechanisms/ExtendBlade/ExtendedCompilerEngine.php(37): include('/Users/rifkinas...')
#3 /Users/rifkinasss/Documents/workspace/Startup/NasLabs/internal-projects/Blog/vendor/livewire/livewire/src/Mechanisms/ExtendBlade/ExtendedCompilerEngine.php(38): App\\Livewire\\Dashboard\\DashboardOverview->{closure:Livewire\\Mechanisms\\ExtendBlade\\ExtendedCompilerEngine::evaluatePath():35}()
#4 /Users/rifkinasss/Documents/workspace/Startup/NasLabs/internal-projects/Blog/vendor/laravel/framework/src/Illuminate/View/Engines/CompilerEngine.php(76): Livewire\\Mechanisms\\ExtendBlade\\ExtendedCompilerEngine->evaluatePath('/Users/rifkinas...', Array)
#5 /Users/rifkinasss/Documents/workspace/Startup/NasLabs/internal-projects/Blog/vendor/livewire/livewire/src/Mechanisms/ExtendBlade/ExtendedCompilerEngine.php(16): Illuminate\\View\\Engines\\CompilerEngine->get('/Users/rifkinas...', Array)
#6 /Users/rifkinasss/Documents/workspace/Startup/NasLabs/internal-projects/Blog/vendor/laravel/framework/src/Illuminate/View/View.php(208): Livewire\\Mechanisms\\ExtendBlade\\ExtendedCompilerEngine->get('/Users/rifkinas...', Array)
#7 /Users/rifkinasss/Documents/workspace/Startup/NasLabs/internal-projects/Blog/vendor/laravel/framework/src/Illuminate/View/View.php(191): Illuminate\\View\\View->getContents()
#8 /Users/rifkinasss/Documents/workspace/Startup/NasLabs/internal-projects/Blog/vendor/laravel/framework/src/Illuminate/View/View.php(160): Illuminate\\View\\View->renderContents()
#9 /Users/rifkinasss/Documents/workspace/Startup/NasLabs/internal-projects/Blog/vendor/livewire/livewire/src/Mechanisms/HandleComponents/HandleComponents.php(333): Illuminate\\View\\View->render(Object(Closure))
#10 /Users/rifkinasss/Documents/workspace/Startup/NasLabs/internal-projects/Blog/vendor/livewire/livewire/src/Mechanisms/HandleComponents/HandleComponents.php(384): Livewire\\Mechanisms\\HandleComponents\\HandleComponents->{closure:Livewire\\Mechanisms\\HandleComponents\\HandleComponents::render():325}()
#11 /Users/rifkinasss/Documents/workspace/Startup/NasLabs/internal-projects/Blog/vendor/livewire/livewire/src/Mechanisms/HandleComponents/HandleComponents.php(325): Livewire\\Mechanisms\\HandleComponents\\HandleComponents->trackInRenderStack(Object(App\\Livewire\\Dashboard\\DashboardOverview), Object(Closure))
#12 /Users/rifkinasss/Documents/workspace/Startup/NasLabs/internal-projects/Blog/vendor/livewire/livewire/src/Mechanisms/HandleComponents/HandleComponents.php(65): Livewire\\Mechanisms\\HandleComponents\\HandleComponents->render(Object(App\\Livewire\\Dashboard\\DashboardOverview), '<div></div>')
#13 /Users/rifkinasss/Documents/workspace/Startup/NasLabs/internal-projects/Blog/vendor/livewire/livewire/src/LivewireManager.php(103): Livewire\\Mechanisms\\HandleComponents\\HandleComponents->mount('App\\\\Livewire\\\\Da...', Array, NULL, Array)
#14 /Users/rifkinasss/Documents/workspace/Startup/NasLabs/internal-projects/Blog/vendor/livewire/livewire/src/Features/SupportPageComponents/HandlesPageComponents.php(19): Livewire\\LivewireManager->mount('App\\\\Livewire\\\\Da...', Array)
#15 /Users/rifkinasss/Documents/workspace/Startup/NasLabs/internal-projects/Blog/vendor/livewire/livewire/src/Features/SupportPageComponents/SupportPageComponents.php(119): Livewire\\Component->{closure:Livewire\\Features\\SupportPageComponents\\HandlesPageComponents::__invoke():14}()
#16 /Users/rifkinasss/Documents/workspace/Startup/NasLabs/internal-projects/Blog/vendor/livewire/livewire/src/Features/SupportPageComponents/HandlesPageComponents.php(14): Livewire\\Features\\SupportPageComponents\\SupportPageComponents::interceptTheRenderOfTheComponentAndRetreiveTheLayoutConfiguration(Object(Closure))
#17 /Users/rifkinasss/Documents/workspace/Startup/NasLabs/internal-projects/Blog/vendor/laravel/framework/src/Illuminate/Routing/ControllerDispatcher.php(46): Livewire\\Component->__invoke()
#18 /Users/rifkinasss/Documents/workspace/Startup/NasLabs/internal-projects/Blog/vendor/laravel/framework/src/Illuminate/Routing/Route.php(276): Illuminate\\Routing\\ControllerDispatcher->dispatch(Object(Illuminate\\Routing\\Route), Object(App\\Livewire\\Dashboard\\DashboardOverview), '__invoke')
#19 /Users/rifkinasss/Documents/workspace/Startup/NasLabs/internal-projects/Blog/vendor/laravel/framework/src/Illuminate/Routing/Route.php(216): Illuminate\\Routing\\Route->runController()
#20 /Users/rifkinasss/Documents/workspace/Startup/NasLabs/internal-projects/Blog/vendor/laravel/framework/src/Illuminate/Routing/Router.php(822): Illuminate\\Routing\\Route->run()
#21 /Users/rifkinasss/Documents/workspace/Startup/NasLabs/internal-projects/Blog/vendor/laravel/framework/src/Illuminate/Pipeline/Pipeline.php(180): Illuminate\\Routing\\Router->{closure:Illuminate\\Routing\\Router::runRouteWithinStack():821}(Object(Illuminate\\Http\\Request))
#22 /Users/rifkinasss/Documents/workspace/Startup/NasLabs/internal-projects/Blog/vendor/laravel/framework/src/Illuminate/Http/Middleware/AddLinkHeadersForPreloadedAssets.php(32): Illuminate\\Pipeline\\Pipeline->{closure:Illuminate\\Pipeline\\Pipeline::prepareDestination():178}(Object(Illuminate\\Http\\Request))
#23 /Users/rifkinasss/Documents/workspace/Startup/NasLabs/internal-projects/Blog/vendor/laravel/framework/src/Illuminate/Pipeline/Pipeline.php(219): Illuminate\\Http\\Middleware\\AddLinkHeadersForPreloadedAssets->handle(Object(Illuminate\\Http\\Request), Object(Closure))
#24 /Users/rifkinasss/Documents/workspace/Startup/NasLabs/internal-projects/Blog/vendor/laravel/framework/src/Illuminate/Routing/Middleware/SubstituteBindings.php(52): Illuminate\\Pipeline\\Pipeline->{closure:{closure:Illuminate\\Pipeline\\Pipeline::carry():194}:195}(Object(Illuminate\\Http\\Request))
#25 /Users/rifkinasss/Documents/workspace/Startup/NasLabs/internal-projects/Blog/vendor/laravel/framework/src/Illuminate/Pipeline/Pipeline.php(219): Illuminate\\Routing\\Middleware\\SubstituteBindings->handle(Object(Illuminate\\Http\\Request), Object(Closure))
#26 /Users/rifkinasss/Documents/workspace/Startup/NasLabs/internal-projects/Blog/vendor/laravel/framework/src/Illuminate/Auth/Middleware/Authenticate.php(63): Illuminate\\Pipeline\\Pipeline->{closure:{closure:Illuminate\\Pipeline\\Pipeline::carry():194}:195}(Object(Illuminate\\Http\\Request))
#27 /Users/rifkinasss/Documents/workspace/Startup/NasLabs/internal-projects/Blog/vendor/laravel/framework/src/Illuminate/Pipeline/Pipeline.php(219): Illuminate\\Auth\\Middleware\\Authenticate->handle(Object(Illuminate\\Http\\Request), Object(Closure))
#28 /Users/rifkinasss/Documents/workspace/Startup/NasLabs/internal-projects/Blog/vendor/laravel/framework/src/Illuminate/Foundation/Http/Middleware/PreventRequestForgery.php(104): Illuminate\\Pipeline\\Pipeline->{closure:{closure:Illuminate\\Pipeline\\Pipeline::carry():194}:195}(Object(Illuminate\\Http\\Request))
#29 /Users/rifkinasss/Documents/workspace/Startup/NasLabs/internal-projects/Blog/vendor/laravel/framework/src/Illuminate/Pipeline/Pipeline.php(219): Illuminate\\Foundation\\Http\\Middleware\\PreventRequestForgery->handle(Object(Illuminate\\Http\\Request), Object(Closure))
#30 /Users/rifkinasss/Documents/workspace/Startup/NasLabs/internal-projects/Blog/vendor/laravel/framework/src/Illuminate/View/Middleware/ShareErrorsFromSession.php(48): Illuminate\\Pipeline\\Pipeline->{closure:{closure:Illuminate\\Pipeline\\Pipeline::carry():194}:195}(Object(Illuminate\\Http\\Request))
#31 /Users/rifkinasss/Documents/workspace/Startup/NasLabs/internal-projects/Blog/vendor/laravel/framework/src/Illuminate/Pipeline/Pipeline.php(219): Illuminate\\View\\Middleware\\ShareErrorsFromSession->handle(Object(Illuminate\\Http\\Request), Object(Closure))
#32 /Users/rifkinasss/Documents/workspace/Startup/NasLabs/internal-projects/Blog/vendor/laravel/framework/src/Illuminate/Session/Middleware/StartSession.php(120): Illuminate\\Pipeline\\Pipeline->{closure:{closure:Illuminate\\Pipeline\\Pipeline::carry():194}:195}(Object(Illuminate\\Http\\Request))
#33 /Users/rifkinasss/Documents/workspace/Startup/NasLabs/internal-projects/Blog/vendor/laravel/framework/src/Illuminate/Session/Middleware/StartSession.php(63): Illuminate\\Session\\Middleware\\StartSession->handleStatefulRequest(Object(Illuminate\\Http\\Request), Object(Illuminate\\Session\\Store), Object(Closure))
#34 /Users/rifkinasss/Documents/workspace/Startup/NasLabs/internal-projects/Blog/vendor/laravel/framework/src/Illuminate/Pipeline/Pipeline.php(219): Illuminate\\Session\\Middleware\\StartSession->handle(Object(Illuminate\\Http\\Request), Object(Closure))
#35 /Users/rifkinasss/Documents/workspace/Startup/NasLabs/internal-projects/Blog/vendor/laravel/framework/src/Illuminate/Cookie/Middleware/AddQueuedCookiesToResponse.php(36): Illuminate\\Pipeline\\Pipeline->{closure:{closure:Illuminate\\Pipeline\\Pipeline::carry():194}:195}(Object(Illuminate\\Http\\Request))
#36 /Users/rifkinasss/Documents/workspace/Startup/NasLabs/internal-projects/Blog/vendor/laravel/framework/src/Illuminate/Pipeline/Pipeline.php(219): Illuminate\\Cookie\\Middleware\\AddQueuedCookiesToResponse->handle(Object(Illuminate\\Http\\Request), Object(Closure))
#37 /Users/rifkinasss/Documents/workspace/Startup/NasLabs/internal-projects/Blog/vendor/laravel/framework/src/Illuminate/Cookie/Middleware/EncryptCookies.php(74): Illuminate\\Pipeline\\Pipeline->{closure:{closure:Illuminate\\Pipeline\\Pipeline::carry():194}:195}(Object(Illuminate\\Http\\Request))
#38 /Users/rifkinasss/Documents/workspace/Startup/NasLabs/internal-projects/Blog/vendor/laravel/framework/src/Illuminate/Pipeline/Pipeline.php(219): Illuminate\\Cookie\\Middleware\\EncryptCookies->handle(Object(Illuminate\\Http\\Request), Object(Closure))
#39 /Users/rifkinasss/Documents/workspace/Startup/NasLabs/internal-projects/Blog/vendor/laravel/framework/src/Illuminate/Pipeline/Pipeline.php(137): Illuminate\\Pipeline\\Pipeline->{closure:{closure:Illuminate\\Pipeline\\Pipeline::carry():194}:195}(Object(Illuminate\\Http\\Request))
#40 /Users/rifkinasss/Documents/workspace/Startup/NasLabs/internal-projects/Blog/vendor/laravel/framework/src/Illuminate/Routing/Router.php(821): Illuminate\\Pipeline\\Pipeline->then(Object(Closure))
#41 /Users/rifkinasss/Documents/workspace/Startup/NasLabs/internal-projects/Blog/vendor/laravel/framework/src/Illuminate/Routing/Router.php(800): Illuminate\\Routing\\Router->runRouteWithinStack(Object(Illuminate\\Routing\\Route), Object(Illuminate\\Http\\Request))
#42 /Users/rifkinasss/Documents/workspace/Startup/NasLabs/internal-projects/Blog/vendor/laravel/framework/src/Illuminate/Routing/Router.php(764): Illuminate\\Routing\\Router->runRoute(Object(Illuminate\\Http\\Request), Object(Illuminate\\Routing\\Route))
#43 /Users/rifkinasss/Documents/workspace/Startup/NasLabs/internal-projects/Blog/vendor/laravel/framework/src/Illuminate/Routing/Router.php(753): Illuminate\\Routing\\Router->dispatchToRoute(Object(Illuminate\\Http\\Request))
#44 /Users/rifkinasss/Documents/workspace/Startup/NasLabs/internal-projects/Blog/vendor/laravel/framework/src/Illuminate/Foundation/Http/Kernel.php(200): Illuminate\\Routing\\Router->dispatch(Object(Illuminate\\Http\\Request))
#45 /Users/rifkinasss/Documents/workspace/Startup/NasLabs/internal-projects/Blog/vendor/laravel/framework/src/Illuminate/Pipeline/Pipeline.php(180): Illuminate\\Foundation\\Http\\Kernel->{closure:Illuminate\\Foundation\\Http\\Kernel::dispatchToRouter():197}(Object(Illuminate\\Http\\Request))
#46 /Users/rifkinasss/Documents/workspace/Startup/NasLabs/internal-projects/Blog/vendor/livewire/livewire/src/Features/SupportDisablingBackButtonCache/DisableBackButtonCacheMiddleware.php(19): Illuminate\\Pipeline\\Pipeline->{closure:Illuminate\\Pipeline\\Pipeline::prepareDestination():178}(Object(Illuminate\\Http\\Request))
#47 /Users/rifkinasss/Documents/workspace/Startup/NasLabs/internal-projects/Blog/vendor/laravel/framework/src/Illuminate/Pipeline/Pipeline.php(219): Livewire\\Features\\SupportDisablingBackButtonCache\\DisableBackButtonCacheMiddleware->handle(Object(Illuminate\\Http\\Request), Object(Closure))
#48 /Users/rifkinasss/Documents/workspace/Startup/NasLabs/internal-projects/Blog/vendor/laravel/framework/src/Illuminate/Foundation/Http/Middleware/TransformsRequest.php(21): Illuminate\\Pipeline\\Pipeline->{closure:{closure:Illuminate\\Pipeline\\Pipeline::carry():194}:195}(Object(Illuminate\\Http\\Request))
#49 /Users/rifkinasss/Documents/workspace/Startup/NasLabs/internal-projects/Blog/vendor/laravel/framework/src/Illuminate/Foundation/Http/Middleware/ConvertEmptyStringsToNull.php(31): Illuminate\\Foundation\\Http\\Middleware\\TransformsRequest->handle(Object(Illuminate\\Http\\Request), Object(Closure))
#50 /Users/rifkinasss/Documents/workspace/Startup/NasLabs/internal-projects/Blog/vendor/laravel/framework/src/Illuminate/Pipeline/Pipeline.php(219): Illuminate\\Foundation\\Http\\Middleware\\ConvertEmptyStringsToNull->handle(Object(Illuminate\\Http\\Request), Object(Closure))
#51 /Users/rifkinasss/Documents/workspace/Startup/NasLabs/internal-projects/Blog/vendor/laravel/framework/src/Illuminate/Foundation/Http/Middleware/TransformsRequest.php(21): Illuminate\\Pipeline\\Pipeline->{closure:{closure:Illuminate\\Pipeline\\Pipeline::carry():194}:195}(Object(Illuminate\\Http\\Request))
#52 /Users/rifkinasss/Documents/workspace/Startup/NasLabs/internal-projects/Blog/vendor/laravel/framework/src/Illuminate/Foundation/Http/Middleware/TrimStrings.php(51): Illuminate\\Foundation\\Http\\Middleware\\TransformsRequest->handle(Object(Illuminate\\Http\\Request), Object(Closure))
#53 /Users/rifkinasss/Documents/workspace/Startup/NasLabs/internal-projects/Blog/vendor/laravel/framework/src/Illuminate/Pipeline/Pipeline.php(219): Illuminate\\Foundation\\Http\\Middleware\\TrimStrings->handle(Object(Illuminate\\Http\\Request), Object(Closure))
#54 /Users/rifkinasss/Documents/workspace/Startup/NasLabs/internal-projects/Blog/vendor/laravel/framework/src/Illuminate/Http/Middleware/ValidatePostSize.php(27): Illuminate\\Pipeline\\Pipeline->{closure:{closure:Illuminate\\Pipeline\\Pipeline::carry():194}:195}(Object(Illuminate\\Http\\Request))
#55 /Users/rifkinasss/Documents/workspace/Startup/NasLabs/internal-projects/Blog/vendor/laravel/framework/src/Illuminate/Pipeline/Pipeline.php(219): Illuminate\\Http\\Middleware\\ValidatePostSize->handle(Object(Illuminate\\Http\\Request), Object(Closure))
#56 /Users/rifkinasss/Documents/workspace/Startup/NasLabs/internal-projects/Blog/vendor/laravel/framework/src/Illuminate/Foundation/Http/Middleware/PreventRequestsDuringMaintenance.php(110): Illuminate\\Pipeline\\Pipeline->{closure:{closure:Illuminate\\Pipeline\\Pipeline::carry():194}:195}(Object(Illuminate\\Http\\Request))
#57 /Users/rifkinasss/Documents/workspace/Startup/NasLabs/internal-projects/Blog/vendor/laravel/framework/src/Illuminate/Pipeline/Pipeline.php(219): Illuminate\\Foundation\\Http\\Middleware\\PreventRequestsDuringMaintenance->handle(Object(Illuminate\\Http\\Request), Object(Closure))
#58 /Users/rifkinasss/Documents/workspace/Startup/NasLabs/internal-projects/Blog/vendor/laravel/framework/src/Illuminate/Http/Middleware/HandleCors.php(61): Illuminate\\Pipeline\\Pipeline->{closure:{closure:Illuminate\\Pipeline\\Pipeline::carry():194}:195}(Object(Illuminate\\Http\\Request))
#59 /Users/rifkinasss/Documents/workspace/Startup/NasLabs/internal-projects/Blog/vendor/laravel/framework/src/Illuminate/Pipeline/Pipeline.php(219): Illuminate\\Http\\Middleware\\HandleCors->handle(Object(Illuminate\\Http\\Request), Object(Closure))
#60 /Users/rifkinasss/Documents/workspace/Startup/NasLabs/internal-projects/Blog/vendor/laravel/framework/src/Illuminate/Http/Middleware/TrustProxies.php(58): Illuminate\\Pipeline\\Pipeline->{closure:{closure:Illuminate\\Pipeline\\Pipeline::carry():194}:195}(Object(Illuminate\\Http\\Request))
#61 /Users/rifkinasss/Documents/workspace/Startup/NasLabs/internal-projects/Blog/vendor/laravel/framework/src/Illuminate/Pipeline/Pipeline.php(219): Illuminate\\Http\\Middleware\\TrustProxies->handle(Object(Illuminate\\Http\\Request), Object(Closure))
#62 /Users/rifkinasss/Documents/workspace/Startup/NasLabs/internal-projects/Blog/vendor/laravel/framework/src/Illuminate/Foundation/Http/Middleware/InvokeDeferredCallbacks.php(22): Illuminate\\Pipeline\\Pipeline->{closure:{closure:Illuminate\\Pipeline\\Pipeline::carry():194}:195}(Object(Illuminate\\Http\\Request))
#63 /Users/rifkinasss/Documents/workspace/Startup/NasLabs/internal-projects/Blog/vendor/laravel/framework/src/Illuminate/Pipeline/Pipeline.php(219): Illuminate\\Foundation\\Http\\Middleware\\InvokeDeferredCallbacks->handle(Object(Illuminate\\Http\\Request), Object(Closure))
#64 /Users/rifkinasss/Documents/workspace/Startup/NasLabs/internal-projects/Blog/vendor/laravel/framework/src/Illuminate/Http/Middleware/ValidatePathEncoding.php(28): Illuminate\\Pipeline\\Pipeline->{closure:{closure:Illuminate\\Pipeline\\Pipeline::carry():194}:195}(Object(Illuminate\\Http\\Request))
#65 /Users/rifkinasss/Documents/workspace/Startup/NasLabs/internal-projects/Blog/vendor/laravel/framework/src/Illuminate/Pipeline/Pipeline.php(219): Illuminate\\Http\\Middleware\\ValidatePathEncoding->handle(Object(Illuminate\\Http\\Request), Object(Closure))
#66 /Users/rifkinasss/Documents/workspace/Startup/NasLabs/internal-projects/Blog/vendor/laravel/framework/src/Illuminate/Pipeline/Pipeline.php(137): Illuminate\\Pipeline\\Pipeline->{closure:{closure:Illuminate\\Pipeline\\Pipeline::carry():194}:195}(Object(Illuminate\\Http\\Request))
#67 /Users/rifkinasss/Documents/workspace/Startup/NasLabs/internal-projects/Blog/vendor/laravel/framework/src/Illuminate/Foundation/Http/Kernel.php(175): Illuminate\\Pipeline\\Pipeline->then(Object(Closure))
#68 /Users/rifkinasss/Documents/workspace/Startup/NasLabs/internal-projects/Blog/vendor/laravel/framework/src/Illuminate/Foundation/Http/Kernel.php(144): Illuminate\\Foundation\\Http\\Kernel->sendRequestThroughRouter(Object(Illuminate\\Http\\Request))
#69 /Users/rifkinasss/Documents/workspace/Startup/NasLabs/internal-projects/Blog/vendor/laravel/framework/src/Illuminate/Foundation/Application.php(1227): Illuminate\\Foundation\\Http\\Kernel->handle(Object(Illuminate\\Http\\Request))
#70 /Users/rifkinasss/Documents/workspace/Startup/NasLabs/internal-projects/Blog/public/index.php(20): Illuminate\\Foundation\\Application->handleRequest(Object(Illuminate\\Http\\Request))
#71 /Users/rifkinasss/Documents/workspace/Startup/NasLabs/internal-projects/Blog/vendor/laravel/framework/src/Illuminate/Foundation/resources/server.php(23): require_once('/Users/rifkinas...')
#72 {main}
"} 
[2026-09-14 08:28:50] local.ERROR: The "--columns" option does not exist. {"exception":"[object] (Symfony\\Component\\Console\\Exception\\RuntimeException(code: 0): The \"--columns\" option does not exist. at /Users/rifkinasss/Documents/workspace/Startup/NasLabs/internal-projects/Blog/vendor/symfony/console/Input/ArgvInput.php:226)
[stacktrace]
#0 /Users/rifkinasss/Documents/workspace/Startup/NasLabs/internal-projects/Blog/vendor/symfony/console/Input/ArgvInput.php(153): Symfony\\Component\\Console\\Input\\ArgvInput->addLongOption('columns', 'name,uri')
#1 /Users/rifkinasss/Documents/workspace/Startup/NasLabs/internal-projects/Blog/vendor/symfony/console/Input/ArgvInput.php(88): Symfony\\Component\\Console\\Input\\ArgvInput->parseLongOption('--columns=name,...')
#2 /Users/rifkinasss/Documents/workspace/Startup/NasLabs/internal-projects/Blog/vendor/symfony/console/Input/ArgvInput.php(77): Symfony\\Component\\Console\\Input\\ArgvInput->parseToken('--columns=name,...', true)
#3 /Users/rifkinasss/Documents/workspace/Startup/NasLabs/internal-projects/Blog/vendor/symfony/console/Input/Input.php(53): Symfony\\Component\\Console\\Input\\ArgvInput->parse()
#4 /Users/rifkinasss/Documents/workspace/Startup/NasLabs/internal-projects/Blog/vendor/symfony/console/Command/Command.php(238): Symfony\\Component\\Console\\Input\\Input->bind(Object(Symfony\\Component\\Console\\Input\\InputDefinition))
#5 /Users/rifkinasss/Documents/workspace/Startup/NasLabs/internal-projects/Blog/vendor/laravel/framework/src/Illuminate/Console/Command.php(261): Symfony\\Component\\Console\\Command\\Command->run(Object(Symfony\\Component\\Console\\Input\\ArgvInput), Object(Illuminate\\Console\\OutputStyle))
#6 /Users/rifkinasss/Documents/workspace/Startup/NasLabs/internal-projects/Blog/vendor/symfony/console/Application.php(1144): Illuminate\\Console\\Command->run(Object(Symfony\\Component\\Console\\Input\\ArgvInput), Object(Symfony\\Component\\Console\\Output\\ConsoleOutput))
#7 /Users/rifkinasss/Documents/workspace/Startup/NasLabs/internal-projects/Blog/vendor/symfony/console/Application.php(379): Symfony\\Component\\Console\\Application->doRunCommand(Object(Illuminate\\Foundation\\Console\\RouteListCommand), Object(Symfony\\Component\\Console\\Input\\ArgvInput), Object(Symfony\\Component\\Console\\Output\\ConsoleOutput))
#8 /Users/rifkinasss/Documents/workspace/Startup/NasLabs/internal-projects/Blog/vendor/symfony/console/Application.php(218): Symfony\\Component\\Console\\Application->doRun(Object(Symfony\\Component\\Console\\Input\\ArgvInput), Object(Symfony\\Component\\Console\\Output\\ConsoleOutput))
#9 /Users/rifkinasss/Documents/workspace/Startup/NasLabs/internal-projects/Blog/vendor/laravel/framework/src/Illuminate/Foundation/Console/Kernel.php(198): Symfony\\Component\\Console\\Application->run(Object(Symfony\\Component\\Console\\Input\\ArgvInput), Object(Symfony\\Component\\Console\\Output\\ConsoleOutput))
#10 /Users/rifkinasss/Documents/workspace/Startup/NasLabs/internal-projects/Blog/vendor/laravel/framework/src/Illuminate/Foundation/Application.php(1242): Illuminate\\Foundation\\Console\\Kernel->handle(Object(Symfony\\Component\\Console\\Input\\ArgvInput), Object(Symfony\\Component\\Console\\Output\\ConsoleOutput))
#11 /Users/rifkinasss/Documents/workspace/Startup/NasLabs/internal-projects/Blog/artisan(16): Illuminate\\Foundation\\Application->handleCommand(Object(Symfony\\Component\\Console\\Input\\ArgvInput))
#12 {main}
"} 
[2026-09-15 15:17:19] testing.ERROR: Unclosed '[' on line 18 does not match ')' (View: /Users/rifkinasss/Documents/workspace/Startup/NasLabs/internal-projects/Blog/resources/views/blog/show.blade.php) {"exception":"[object] (Illuminate\\View\\ViewException(code: 0): Unclosed '[' on line 18 does not match ')' (View: /Users/rifkinasss/Documents/workspace/Startup/NasLabs/internal-projects/Blog/resources/views/blog/show.blade.php) at /Users/rifkinasss/Documents/workspace/Startup/NasLabs/internal-projects/Blog/storage/framework/views/764c5e7e6adb5fe4e376bf2c764c4c6e.php:19)
[stacktrace]
#0 /Users/rifkinasss/Documents/workspace/Startup/NasLabs/internal-projects/Blog/vendor/livewire/livewire/src/Mechanisms/ExtendBlade/ExtendedCompilerEngine.php(58): Illuminate\\View\\Engines\\CompilerEngine->handleViewException(Object(ParseError), 1)
#1 /Users/rifkinasss/Documents/workspace/Startup/NasLabs/internal-projects/Blog/vendor/laravel/framework/src/Illuminate/View/Engines/PhpEngine.php(59): Livewire\\Mechanisms\\ExtendBlade\\ExtendedCompilerEngine->handleViewException(Object(ParseError), 1)
#2 /Users/rifkinasss/Documents/workspace/Startup/NasLabs/internal-projects/Blog/vendor/livewire/livewire/src/Mechanisms/ExtendBlade/ExtendedCompilerEngine.php(22): Illuminate\\View\\Engines\\PhpEngine->evaluatePath('/Users/rifkinas...', Array)
#3 /Users/rifkinasss/Documents/workspace/Startup/NasLabs/internal-projects/Blog/vendor/laravel/framework/src/Illuminate/View/Engines/CompilerEngine.php(76): Livewire\\Mechanisms\\ExtendBlade\\ExtendedCompilerEngine->evaluatePath('/Users/rifkinas...', Array)
#4 /Users/rifkinasss/Documents/workspace/Startup/NasLabs/internal-projects/Blog/vendor/livewire/livewire/src/Mechanisms/ExtendBlade/ExtendedCompilerEngine.php(10): Illuminate\\View\\Engines\\CompilerEngine->get('/Users/rifkinas...', Array)
#5 /Users/rifkinasss/Documents/workspace/Startup/NasLabs/internal-projects/Blog/vendor/laravel/framework/src/Illuminate/View/View.php(208): Livewire\\Mechanisms\\ExtendBlade\\ExtendedCompilerEngine->get('/Users/rifkinas...', Array)
#6 /Users/rifkinasss/Documents/workspace/Startup/NasLabs/internal-projects/Blog/vendor/laravel/framework/src/Illuminate/View/View.php(191): Illuminate\\View\\View->getContents()
#7 /Users/rifkinasss/Documents/workspace/Startup/NasLabs/internal-projects/Blog/vendor/laravel/framework/src/Illuminate/View/View.php(160): Illuminate\\View\\View->renderContents()
#8 /Users/rifkinasss/Documents/workspace/Startup/NasLabs/internal-projects/Blog/vendor/laravel/framework/src/Illuminate/Http/Response.php(82): Illuminate\\View\\View->render()
#9 /Users/rifkinasss/Documents/workspace/Startup/NasLabs/internal-projects/Blog/vendor/laravel/framework/src/Illuminate/Http/Response.php(40): Illuminate\\Http\\Response->setContent(Object(Illuminate\\View\\View))
#10 /Users/rifkinasss/Documents/workspace/Startup/NasLabs/internal-projects/Blog/vendor/laravel/framework/src/Illuminate/Routing/Router.php(939): Illuminate\\Http\\Response->__construct(Object(Illuminate\\View\\View), 200, Array)
#11 /Users/rifkinasss/Documents/workspace/Startup/NasLabs/internal-projects/Blog/vendor/laravel/framework/src/Illuminate/Routing/Router.php(906): Illuminate\\Routing\\Router::toResponse(Object(Illuminate\\Http\\Request), Object(Illuminate\\View\\View))
#12 /Users/rifkinasss/Documents/workspace/Startup/NasLabs/internal-projects/Blog/vendor/laravel/framework/src/Illuminate/Routing/Router.php(821): Illuminate\\Routing\\Router->prepareResponse(Object(Illuminate\\Http\\Request), Object(Illuminate\\View\\View))
#13 /Users/rifkinasss/Documents/workspace/Startup/NasLabs/internal-projects/Blog/vendor/laravel/framework/src/Illuminate/Pipeline/Pipeline.php(180): Illuminate\\Routing\\Router->{closure:Illuminate\\Routing\\Router::runRouteWithinStack():821}(Object(Illuminate\\Http\\Request))
#14 /Users/rifkinasss/Documents/workspace/Startup/NasLabs/internal-projects/Blog/vendor/laravel/framework/src/Illuminate/Http/Middleware/AddLinkHeadersForPreloadedAssets.php(32): Illuminate\\Pipeline\\Pipeline->{closure:Illuminate\\Pipeline\\Pipeline::prepareDestination():178}(Object(Illuminate\\Http\\Request))
#15 /Users/rifkinasss/Documents/workspace/Startup/NasLabs/internal-projects/Blog/vendor/laravel/framework/src/Illuminate/Pipeline/Pipeline.php(219): Illuminate\\Http\\Middleware\\AddLinkHeadersForPreloadedAssets->handle(Object(Illuminate\\Http\\Request), Object(Closure))
#16 /Users/rifkinasss/Documents/workspace/Startup/NasLabs/internal-projects/Blog/vendor/laravel/framework/src/Illuminate/Routing/Middleware/SubstituteBindings.php(52): Illuminate\\Pipeline\\Pipeline->{closure:{closure:Illuminate\\Pipeline\\Pipeline::carry():194}:195}(Object(Illuminate\\Http\\Request))
#17 /Users/rifkinasss/Documents/workspace/Startup/NasLabs/internal-projects/Blog/vendor/laravel/framework/src/Illuminate/Pipeline/Pipeline.php(219): Illuminate\\Routing\\Middleware\\SubstituteBindings->handle(Object(Illuminate\\Http\\Request), Object(Closure))
#18 /Users/rifkinasss/Documents/workspace/Startup/NasLabs/internal-projects/Blog/vendor/laravel/framework/src/Illuminate/Foundation/Http/Middleware/PreventRequestForgery.php(104): Illuminate\\Pipeline\\Pipeline->{closure:{closure:Illuminate\\Pipeline\\Pipeline::carry():194}:195}(Object(Illuminate\\Http\\Request))
#19 /Users/rifkinasss/Documents/workspace/Startup/NasLabs/internal-projects/Blog/vendor/laravel/framework/src/Illuminate/Pipeline/Pipeline.php(219): Illuminate\\Foundation\\Http\\Middleware\\PreventRequestForgery->handle(Object(Illuminate\\Http\\Request), Object(Closure))
#20 /Users/rifkinasss/Documents/workspace/Startup/NasLabs/internal-projects/Blog/vendor/laravel/framework/src/Illuminate/View/Middleware/ShareErrorsFromSession.php(48): Illuminate\\Pipeline\\Pipeline->{closure:{closure:Illuminate\\Pipeline\\Pipeline::carry():194}:195}(Object(Illuminate\\Http\\Request))
#21 /Users/rifkinasss/Documents/workspace/Startup/NasLabs/internal-projects/Blog/vendor/laravel/framework/src/Illuminate/Pipeline/Pipeline.php(219): Illuminate\\View\\Middleware\\ShareErrorsFromSession->handle(Object(Illuminate\\Http\\Request), Object(Closure))
#22 /Users/rifkinasss/Documents/workspace/Startup/NasLabs/internal-projects/Blog/vendor/laravel/framework/src/Illuminate/Session/Middleware/StartSession.php(120): Illuminate\\Pipeline\\Pipeline->{closure:{closure:Illuminate\\Pipeline\\Pipeline::carry():194}:195}(Object(Illuminate\\Http\\Request))
#23 /Users/rifkinasss/Documents/workspace/Startup/NasLabs/internal-projects/Blog/vendor/laravel/framework/src/Illuminate/Session/Middleware/StartSession.php(63): Illuminate\\Session\\Middleware\\StartSession->handleStatefulRequest(Object(Illuminate\\Http\\Request), Object(Illuminate\\Session\\Store), Object(Closure))
#24 /Users/rifkinasss/Documents/workspace/Startup/NasLabs/internal-projects/Blog/vendor/laravel/framework/src/Illuminate/Pipeline/Pipeline.php(219): Illuminate\\Session\\Middleware\\StartSession->handle(Object(Illuminate\\Http\\Request), Object(Closure))
#25 /Users/rifkinasss/Documents/workspace/Startup/NasLabs/internal-projects/Blog/vendor/laravel/framework/src/Illuminate/Cookie/Middleware/AddQueuedCookiesToResponse.php(36): Illuminate\\Pipeline\\Pipeline->{closure:{closure:Illuminate\\Pipeline\\Pipeline::carry():194}:195}(Object(Illuminate\\Http\\Request))
#26 /Users/rifkinasss/Documents/workspace/Startup/NasLabs/internal-projects/Blog/vendor/laravel/framework/src/Illuminate/Pipeline/Pipeline.php(219): Illuminate\\Cookie\\Middleware\\AddQueuedCookiesToResponse->handle(Object(Illuminate\\Http\\Request), Object(Closure))
#27 /Users/rifkinasss/Documents/workspace/Startup/NasLabs/internal-projects/Blog/vendor/laravel/framework/src/Illuminate/Cookie/Middleware/EncryptCookies.php(74): Illuminate\\Pipeline\\Pipeline->{closure:{closure:Illuminate\\Pipeline\\Pipeline::carry():194}:195}(Object(Illuminate\\Http\\Request))
#28 /Users/rifkinasss/Documents/workspace/Startup/NasLabs/internal-projects/Blog/vendor/laravel/framework/src/Illuminate/Pipeline/Pipeline.php(219): Illuminate\\Cookie\\Middleware\\EncryptCookies->handle(Object(Illuminate\\Http\\Request), Object(Closure))
#29 /Users/rifkinasss/Documents/workspace/Startup/NasLabs/internal-projects/Blog/vendor/laravel/framework/src/Illuminate/Pipeline/Pipeline.php(137): Illuminate\\Pipeline\\Pipeline->{closure:{closure:Illuminate\\Pipeline\\Pipeline::carry():194}:195}(Object(Illuminate\\Http\\Request))
#30 /Users/rifkinasss/Documents/workspace/Startup/NasLabs/internal-projects/Blog/vendor/laravel/framework/src/Illuminate/Routing/Router.php(821): Illuminate\\Pipeline\\Pipeline->then(Object(Closure))
#31 /Users/rifkinasss/Documents/workspace/Startup/NasLabs/internal-projects/Blog/vendor/laravel/framework/src/Illuminate/Routing/Router.php(800): Illuminate\\Routing\\Router->runRouteWithinStack(Object(Illuminate\\Routing\\Route), Object(Illuminate\\Http\\Request))
#32 /Users/rifkinasss/Documents/workspace/Startup/NasLabs/internal-projects/Blog/vendor/laravel/framework/src/Illuminate/Routing/Router.php(764): Illuminate\\Routing\\Router->runRoute(Object(Illuminate\\Http\\Request), Object(Illuminate\\Routing\\Route))
#33 /Users/rifkinasss/Documents/workspace/Startup/NasLabs/internal-projects/Blog/vendor/laravel/framework/src/Illuminate/Routing/Router.php(753): Illuminate\\Routing\\Router->dispatchToRoute(Object(Illuminate\\Http\\Request))
#34 /Users/rifkinasss/Documents/workspace/Startup/NasLabs/internal-projects/Blog/vendor/laravel/framework/src/Illuminate/Foundation/Http/Kernel.php(200): Illuminate\\Routing\\Router->dispatch(Object(Illuminate\\Http\\Request))
#35 /Users/rifkinasss/Documents/workspace/Startup/NasLabs/internal-projects/Blog/vendor/laravel/framework/src/Illuminate/Pipeline/Pipeline.php(180): Illuminate\\Foundation\\Http\\Kernel->{closure:Illuminate\\Foundation\\Http\\Kernel::dispatchToRouter():197}(Object(Illuminate\\Http\\Request))
#36 /Users/rifkinasss/Documents/workspace/Startup/NasLabs/internal-projects/Blog/vendor/livewire/livewire/src/Features/SupportDisablingBackButtonCache/DisableBackButtonCacheMiddleware.php(19): Illuminate\\Pipeline\\Pipeline->{closure:Illuminate\\Pipeline\\Pipeline::prepareDestination():178}(Object(Illuminate\\Http\\Request))
#37 /Users/rifkinasss/Documents/workspace/Startup/NasLabs/internal-projects/Blog/vendor/laravel/framework/src/Illuminate/Pipeline/Pipeline.php(219): Livewire\\Features\\SupportDisablingBackButtonCache\\DisableBackButtonCacheMiddleware->handle(Object(Illuminate\\Http\\Request), Object(Closure))
#38 /Users/rifkinasss/Documents/workspace/Startup/NasLabs/internal-projects/Blog/vendor/laravel/framework/src/Illuminate/Foundation/Http/Middleware/TransformsRequest.php(21): Illuminate\\Pipeline\\Pipeline->{closure:{closure:Illuminate\\Pipeline\\Pipeline::carry():194}:195}(Object(Illuminate\\Http\\Request))
#39 /Users/rifkinasss/Documents/workspace/Startup/NasLabs/internal-projects/Blog/vendor/laravel/framework/src/Illuminate/Foundation/Http/Middleware/ConvertEmptyStringsToNull.php(31): Illuminate\\Foundation\\Http\\Middleware\\TransformsRequest->handle(Object(Illuminate\\Http\\Request), Object(Closure))
#40 /Users/rifkinasss/Documents/workspace/Startup/NasLabs/internal-projects/Blog/vendor/laravel/framework/src/Illuminate/Pipeline/Pipeline.php(219): Illuminate\\Foundation\\Http\\Middleware\\ConvertEmptyStringsToNull->handle(Object(Illuminate\\Http\\Request), Object(Closure))
#41 /Users/rifkinasss/Documents/workspace/Startup/NasLabs/internal-projects/Blog/vendor/laravel/framework/src/Illuminate/Foundation/Http/Middleware/TransformsRequest.php(21): Illuminate\\Pipeline\\Pipeline->{closure:{closure:Illuminate\\Pipeline\\Pipeline::carry():194}:195}(Object(Illuminate\\Http\\Request))
#42 /Users/rifkinasss/Documents/workspace/Startup/NasLabs/internal-projects/Blog/vendor/laravel/framework/src/Illuminate/Foundation/Http/Middleware/TrimStrings.php(51): Illuminate\\Foundation\\Http\\Middleware\\TransformsRequest->handle(Object(Illuminate\\Http\\Request), Object(Closure))
#43 /Users/rifkinasss/Documents/workspace/Startup/NasLabs/internal-projects/Blog/vendor/laravel/framework/src/Illuminate/Pipeline/Pipeline.php(219): Illuminate\\Foundation\\Http\\Middleware\\TrimStrings->handle(Object(Illuminate\\Http\\Request), Object(Closure))
#44 /Users/rifkinasss/Documents/workspace/Startup/NasLabs/internal-projects/Blog/vendor/laravel/framework/src/Illuminate/Http/Middleware/ValidatePostSize.php(27): Illuminate\\Pipeline\\Pipeline->{closure:{closure:Illuminate\\Pipeline\\Pipeline::carry():194}:195}(Object(Illuminate\\Http\\Request))
#45 /Users/rifkinasss/Documents/workspace/Startup/NasLabs/internal-projects/Blog/vendor/laravel/framework/src/Illuminate/Pipeline/Pipeline.php(219): Illuminate\\Http\\Middleware\\ValidatePostSize->handle(Object(Illuminate\\Http\\Request), Object(Closure))
#46 /Users/rifkinasss/Documents/workspace/Startup/NasLabs/internal-projects/Blog/vendor/laravel/framework/src/Illuminate/Foundation/Http/Middleware/PreventRequestsDuringMaintenance.php(110): Illuminate\\Pipeline\\Pipeline->{closure:{closure:Illuminate\\Pipeline\\Pipeline::carry():194}:195}(Object(Illuminate\\Http\\Request))
#47 /Users/rifkinasss/Documents/workspace/Startup/NasLabs/internal-projects/Blog/vendor/laravel/framework/src/Illuminate/Pipeline/Pipeline.php(219): Illuminate\\Foundation\\Http\\Middleware\\PreventRequestsDuringMaintenance->handle(Object(Illuminate\\Http\\Request), Object(Closure))
#48 /Users/rifkinasss/Documents/workspace/Startup/NasLabs/internal-projects/Blog/vendor/laravel/framework/src/Illuminate/Http/Middleware/HandleCors.php(61): Illuminate\\Pipeline\\Pipeline->{closure:{closure:Illuminate\\Pipeline\\Pipeline::carry():194}:195}(Object(Illuminate\\Http\\Request))
#49 /Users/rifkinasss/Documents/workspace/Startup/NasLabs/internal-projects/Blog/vendor/laravel/framework/src/Illuminate/Pipeline/Pipeline.php(219): Illuminate\\Http\\Middleware\\HandleCors->handle(Object(Illuminate\\Http\\Request), Object(Closure))
#50 /Users/rifkinasss/Documents/workspace/Startup/NasLabs/internal-projects/Blog/vendor/laravel/framework/src/Illuminate/Http/Middleware/TrustProxies.php(58): Illuminate\\Pipeline\\Pipeline->{closure:{closure:Illuminate\\Pipeline\\Pipeline::carry():194}:195}(Object(Illuminate\\Http\\Request))
#51 /Users/rifkinasss/Documents/workspace/Startup/NasLabs/internal-projects/Blog/vendor/laravel/framework/src/Illuminate/Pipeline/Pipeline.php(219): Illuminate\\Http\\Middleware\\TrustProxies->handle(Object(Illuminate\\Http\\Request), Object(Closure))
#52 /Users/rifkinasss/Documents/workspace/Startup/NasLabs/internal-projects/Blog/vendor/laravel/framework/src/Illuminate/Foundation/Http/Middleware/InvokeDeferredCallbacks.php(22): Illuminate\\Pipeline\\Pipeline->{closure:{closure:Illuminate\\Pipeline\\Pipeline::carry():194}:195}(Object(Illuminate\\Http\\Request))
#53 /Users/rifkinasss/Documents/workspace/Startup/NasLabs/internal-projects/Blog/vendor/laravel/framework/src/Illuminate/Pipeline/Pipeline.php(219): Illuminate\\Foundation\\Http\\Middleware\\InvokeDeferredCallbacks->handle(Object(Illuminate\\Http\\Request), Object(Closure))
#54 /Users/rifkinasss/Documents/workspace/Startup/NasLabs/internal-projects/Blog/vendor/laravel/framework/src/Illuminate/Http/Middleware/ValidatePathEncoding.php(28): Illuminate\\Pipeline\\Pipeline->{closure:{closure:Illuminate\\Pipeline\\Pipeline::carry():194}:195}(Object(Illuminate\\Http\\Request))
#55 /Users/rifkinasss/Documents/workspace/Startup/NasLabs/internal-projects/Blog/vendor/laravel/framework/src/Illuminate/Pipeline/Pipeline.php(219): Illuminate\\Http\\Middleware\\ValidatePathEncoding->handle(Object(Illuminate\\Http\\Request), Object(Closure))
#56 /Users/rifkinasss/Documents/workspace/Startup/NasLabs/internal-projects/Blog/vendor/laravel/framework/src/Illuminate/Pipeline/Pipeline.php(137): Illuminate\\Pipeline\\Pipeline->{closure:{closure:Illuminate\\Pipeline\\Pipeline::carry():194}:195}(Object(Illuminate\\Http\\Request))
#57 /Users/rifkinasss/Documents/workspace/Startup/NasLabs/internal-projects/Blog/vendor/laravel/framework/src/Illuminate/Foundation/Http/Kernel.php(175): Illuminate\\Pipeline\\Pipeline->then(Object(Closure))
#58 /Users/rifkinasss/Documents/workspace/Startup/NasLabs/internal-projects/Blog/vendor/laravel/framework/src/Illuminate/Foundation/Http/Kernel.php(144): Illuminate\\Foundation\\Http\\Kernel->sendRequestThroughRouter(Object(Illuminate\\Http\\Request))
#59 /Users/rifkinasss/Documents/workspace/Startup/NasLabs/internal-projects/Blog/vendor/laravel/framework/src/Illuminate/Foundation/Testing/Concerns/MakesHttpRequests.php(638): Illuminate\\Foundation\\Http\\Kernel->handle(Object(Illuminate\\Http\\Request))
#60 /Users/rifkinasss/Documents/workspace/Startup/NasLabs/internal-projects/Blog/vendor/laravel/framework/src/Illuminate/Foundation/Testing/Concerns/MakesHttpRequests.php(368): Illuminate\\Foundation\\Testing\\TestCase->call('GET', '/articles/publi...', Array, Array, Array, Array)
#61 /Users/rifkinasss/Documents/workspace/Startup/NasLabs/internal-projects/Blog/tests/Feature/ArticleWorkflowTest.php(33): Illuminate\\Foundation\\Testing\\TestCase->get('/articles/publi...')
#62 /Users/rifkinasss/Documents/workspace/Startup/NasLabs/internal-projects/Blog/vendor/phpunit/phpunit/src/Framework/TestCase.php(1318): Tests\\Feature\\ArticleWorkflowTest->test_published_article_is_public()
#63 /Users/rifkinasss/Documents/workspace/Startup/NasLabs/internal-projects/Blog/vendor/phpunit/phpunit/src/Framework/TestCase.php(1355): PHPUnit\\Framework\\TestCase->invokeTestMethod('test_published_...', Array)
#64 /Users/rifkinasss/Documents/workspace/Startup/NasLabs/internal-projects/Blog/vendor/phpunit/phpunit/src/Framework/TestCase.php(521): PHPUnit\\Framework\\TestCase->runTest()
#65 /Users/rifkinasss/Documents/workspace/Startup/NasLabs/internal-projects/Blog/vendor/phpunit/phpunit/src/Framework/TestRunner/TestRunner.php(99): PHPUnit\\Framework\\TestCase->runBare()
#66 /Users/rifkinasss/Documents/workspace/Startup/NasLabs/internal-projects/Blog/vendor/phpunit/phpunit/src/Framework/TestCase.php(361): PHPUnit\\Framework\\TestRunner->run(Object(Tests\\Feature\\ArticleWorkflowTest))
#67 /Users/rifkinasss/Documents/workspace/Startup/NasLabs/internal-projects/Blog/vendor/phpunit/phpunit/src/Framework/TestSuite.php(374): PHPUnit\\Framework\\TestCase->run()
#68 /Users/rifkinasss/Documents/workspace/Startup/NasLabs/internal-projects/Blog/vendor/phpunit/phpunit/src/Framework/TestSuite.php(374): PHPUnit\\Framework\\TestSuite->run()
#69 /Users/rifkinasss/Documents/workspace/Startup/NasLabs/internal-projects/Blog/vendor/phpunit/phpunit/src/Framework/TestSuite.php(374): PHPUnit\\Framework\\TestSuite->run()
#70 /Users/rifkinasss/Documents/workspace/Startup/NasLabs/internal-projects/Blog/vendor/phpunit/phpunit/src/TextUI/TestRunner.php(64): PHPUnit\\Framework\\TestSuite->run()
#71 /Users/rifkinasss/Documents/workspace/Startup/NasLabs/internal-projects/Blog/vendor/phpunit/phpunit/src/TextUI/Application.php(229): PHPUnit\\TextUI\\TestRunner->run(Object(PHPUnit\\TextUI\\Configuration\\Configuration), Object(PHPUnit\\Runner\\ResultCache\\DefaultResultCache), Object(PHPUnit\\Framework\\TestSuite))
#72 /Users/rifkinasss/Documents/workspace/Startup/NasLabs/internal-projects/Blog/vendor/phpunit/phpunit/phpunit(104): PHPUnit\\TextUI\\Application->run(Array)
#73 {main}

[previous exception] [object] (ParseError(code: 0): Unclosed '[' on line 18 does not match ')' at /Users/rifkinasss/Documents/workspace/Startup/NasLabs/internal-projects/Blog/storage/framework/views/764c5e7e6adb5fe4e376bf2c764c4c6e.php:19)
[stacktrace]
#0 /Users/rifkinasss/Documents/workspace/Startup/NasLabs/internal-projects/Blog/vendor/laravel/framework/src/Illuminate/Filesystem/Filesystem.php(124): Illuminate\\Filesystem\\Filesystem::{closure:Illuminate\\Filesystem\\Filesystem::getRequire():120}()
#1 /Users/rifkinasss/Documents/workspace/Startup/NasLabs/internal-projects/Blog/vendor/laravel/framework/src/Illuminate/View/Engines/PhpEngine.php(57): Illuminate\\Filesystem\\Filesystem->getRequire('/Users/rifkinas...', Array)
#2 /Users/rifkinasss/Documents/workspace/Startup/NasLabs/internal-projects/Blog/vendor/livewire/livewire/src/Mechanisms/ExtendBlade/ExtendedCompilerEngine.php(22): Illuminate\\View\\Engines\\PhpEngine->evaluatePath('/Users/rifkinas...', Array)
#3 /Users/rifkinasss/Documents/workspace/Startup/NasLabs/internal-projects/Blog/vendor/laravel/framework/src/Illuminate/View/Engines/CompilerEngine.php(76): Livewire\\Mechanisms\\ExtendBlade\\ExtendedCompilerEngine->evaluatePath('/Users/rifkinas...', Array)
#4 /Users/rifkinasss/Documents/workspace/Startup/NasLabs/internal-projects/Blog/vendor/livewire/livewire/src/Mechanisms/ExtendBlade/ExtendedCompilerEngine.php(10): Illuminate\\View\\Engines\\CompilerEngine->get('/Users/rifkinas...', Array)
#5 /Users/rifkinasss/Documents/workspace/Startup/NasLabs/internal-projects/Blog/vendor/laravel/framework/src/Illuminate/View/View.php(208): Livewire\\Mechanisms\\ExtendBlade\\ExtendedCompilerEngine->get('/Users/rifkinas...', Array)
#6 /Users/rifkinasss/Documents/workspace/Startup/NasLabs/internal-projects/Blog/vendor/laravel/framework/src/Illuminate/View/View.php(191): Illuminate\\View\\View->getContents()
#7 /Users/rifkinasss/Documents/workspace/Startup/NasLabs/internal-projects/Blog/vendor/laravel/framework/src/Illuminate/View/View.php(160): Illuminate\\View\\View->renderContents()
#8 /Users/rifkinasss/Documents/workspace/Startup/NasLabs/internal-projects/Blog/vendor/laravel/framework/src/Illuminate/Http/Response.php(82): Illuminate\\View\\View->render()
#9 /Users/rifkinasss/Documents/workspace/Startup/NasLabs/internal-projects/Blog/vendor/laravel/framework/src/Illuminate/Http/Response.php(40): Illuminate\\Http\\Response->setContent(Object(Illuminate\\View\\View))
#10 /Users/rifkinasss/Documents/workspace/Startup/NasLabs/internal-projects/Blog/vendor/laravel/framework/src/Illuminate/Routing/Router.php(939): Illuminate\\Http\\Response->__construct(Object(Illuminate\\View\\View), 200, Array)
#11 /Users/rifkinasss/Documents/workspace/Startup/NasLabs/internal-projects/Blog/vendor/laravel/framework/src/Illuminate/Routing/Router.php(906): Illuminate\\Routing\\Router::toResponse(Object(Illuminate\\Http\\Request), Object(Illuminate\\View\\View))
#12 /Users/rifkinasss/Documents/workspace/Startup/NasLabs/internal-projects/Blog/vendor/laravel/framework/src/Illuminate/Routing/Router.php(821): Illuminate\\Routing\\Router->prepareResponse(Object(Illuminate\\Http\\Request), Object(Illuminate\\View\\View))
#13 /Users/rifkinasss/Documents/workspace/Startup/NasLabs/internal-projects/Blog/vendor/laravel/framework/src/Illuminate/Pipeline/Pipeline.php(180): Illuminate\\Routing\\Router->{closure:Illuminate\\Routing\\Router::runRouteWithinStack():821}(Object(Illuminate\\Http\\Request))
#14 /Users/rifkinasss/Documents/workspace/Startup/NasLabs/internal-projects/Blog/vendor/laravel/framework/src/Illuminate/Http/Middleware/AddLinkHeadersForPreloadedAssets.php(32): Illuminate\\Pipeline\\Pipeline->{closure:Illuminate\\Pipeline\\Pipeline::prepareDestination():178}(Object(Illuminate\\Http\\Request))
#15 /Users/rifkinasss/Documents/workspace/Startup/NasLabs/internal-projects/Blog/vendor/laravel/framework/src/Illuminate/Pipeline/Pipeline.php(219): Illuminate\\Http\\Middleware\\AddLinkHeadersForPreloadedAssets->handle(Object(Illuminate\\Http\\Request), Object(Closure))
#16 /Users/rifkinasss/Documents/workspace/Startup/NasLabs/internal-projects/Blog/vendor/laravel/framework/src/Illuminate/Routing/Middleware/SubstituteBindings.php(52): Illuminate\\Pipeline\\Pipeline->{closure:{closure:Illuminate\\Pipeline\\Pipeline::carry():194}:195}(Object(Illuminate\\Http\\Request))
#17 /Users/rifkinasss/Documents/workspace/Startup/NasLabs/internal-projects/Blog/vendor/laravel/framework/src/Illuminate/Pipeline/Pipeline.php(219): Illuminate\\Routing\\Middleware\\SubstituteBindings->handle(Object(Illuminate\\Http\\Request), Object(Closure))
#18 /Users/rifkinasss/Documents/workspace/Startup/NasLabs/internal-projects/Blog/vendor/laravel/framework/src/Illuminate/Foundation/Http/Middleware/PreventRequestForgery.php(104): Illuminate\\Pipeline\\Pipeline->{closure:{closure:Illuminate\\Pipeline\\Pipeline::carry():194}:195}(Object(Illuminate\\Http\\Request))
#19 /Users/rifkinasss/Documents/workspace/Startup/NasLabs/internal-projects/Blog/vendor/laravel/framework/src/Illuminate/Pipeline/Pipeline.php(219): Illuminate\\Foundation\\Http\\Middleware\\PreventRequestForgery->handle(Object(Illuminate\\Http\\Request), Object(Closure))
#20 /Users/rifkinasss/Documents/workspace/Startup/NasLabs/internal-projects/Blog/vendor/laravel/framework/src/Illuminate/View/Middleware/ShareErrorsFromSession.php(48): Illuminate\\Pipeline\\Pipeline->{closure:{closure:Illuminate\\Pipeline\\Pipeline::carry():194}:195}(Object(Illuminate\\Http\\Request))
#21 /Users/rifkinasss/Documents/workspace/Startup/NasLabs/internal-projects/Blog/vendor/laravel/framework/src/Illuminate/Pipeline/Pipeline.php(219): Illuminate\\View\\Middleware\\ShareErrorsFromSession->handle(Object(Illuminate\\Http\\Request), Object(Closure))
#22 /Users/rifkinasss/Documents/workspace/Startup/NasLabs/internal-projects/Blog/vendor/laravel/framework/src/Illuminate/Session/Middleware/StartSession.php(120): Illuminate\\Pipeline\\Pipeline->{closure:{closure:Illuminate\\Pipeline\\Pipeline::carry():194}:195}(Object(Illuminate\\Http\\Request))
#23 /Users/rifkinasss/Documents/workspace/Startup/NasLabs/internal-projects/Blog/vendor/laravel/framework/src/Illuminate/Session/Middleware/StartSession.php(63): Illuminate\\Session\\Middleware\\StartSession->handleStatefulRequest(Object(Illuminate\\Http\\Request), Object(Illuminate\\Session\\Store), Object(Closure))
#24 /Users/rifkinasss/Documents/workspace/Startup/NasLabs/internal-projects/Blog/vendor/laravel/framework/src/Illuminate/Pipeline/Pipeline.php(219): Illuminate\\Session\\Middleware\\StartSession->handle(Object(Illuminate\\Http\\Request), Object(Closure))
#25 /Users/rifkinasss/Documents/workspace/Startup/NasLabs/internal-projects/Blog/vendor/laravel/framework/src/Illuminate/Cookie/Middleware/AddQueuedCookiesToResponse.php(36): Illuminate\\Pipeline\\Pipeline->{closure:{closure:Illuminate\\Pipeline\\Pipeline::carry():194}:195}(Object(Illuminate\\Http\\Request))
#26 /Users/rifkinasss/Documents/workspace/Startup/NasLabs/internal-projects/Blog/vendor/laravel/framework/src/Illuminate/Pipeline/Pipeline.php(219): Illuminate\\Cookie\\Middleware\\AddQueuedCookiesToResponse->handle(Object(Illuminate\\Http\\Request), Object(Closure))
#27 /Users/rifkinasss/Documents/workspace/Startup/NasLabs/internal-projects/Blog/vendor/laravel/framework/src/Illuminate/Cookie/Middleware/EncryptCookies.php(74): Illuminate\\Pipeline\\Pipeline->{closure:{closure:Illuminate\\Pipeline\\Pipeline::carry():194}:195}(Object(Illuminate\\Http\\Request))
#28 /Users/rifkinasss/Documents/workspace/Startup/NasLabs/internal-projects/Blog/vendor/laravel/framework/src/Illuminate/Pipeline/Pipeline.php(219): Illuminate\\Cookie\\Middleware\\EncryptCookies->handle(Object(Illuminate\\Http\\Request), Object(Closure))
#29 /Users/rifkinasss/Documents/workspace/Startup/NasLabs/internal-projects/Blog/vendor/laravel/framework/src/Illuminate/Pipeline/Pipeline.php(137): Illuminate\\Pipeline\\Pipeline->{closure:{closure:Illuminate\\Pipeline\\Pipeline::carry():194}:195}(Object(Illuminate\\Http\\Request))
#30 /Users/rifkinasss/Documents/workspace/Startup/NasLabs/internal-projects/Blog/vendor/laravel/framework/src/Illuminate/Routing/Router.php(821): Illuminate\\Pipeline\\Pipeline->then(Object(Closure))
#31 /Users/rifkinasss/Documents/workspace/Startup/NasLabs/internal-projects/Blog/vendor/laravel/framework/src/Illuminate/Routing/Router.php(800): Illuminate\\Routing\\Router->runRouteWithinStack(Object(Illuminate\\Routing\\Route), Object(Illuminate\\Http\\Request))
#32 /Users/rifkinasss/Documents/workspace/Startup/NasLabs/internal-projects/Blog/vendor/laravel/framework/src/Illuminate/Routing/Router.php(764): Illuminate\\Routing\\Router->runRoute(Object(Illuminate\\Http\\Request), Object(Illuminate\\Routing\\Route))
#33 /Users/rifkinasss/Documents/workspace/Startup/NasLabs/internal-projects/Blog/vendor/laravel/framework/src/Illuminate/Routing/Router.php(753): Illuminate\\Routing\\Router->dispatchToRoute(Object(Illuminate\\Http\\Request))
#34 /Users/rifkinasss/Documents/workspace/Startup/NasLabs/internal-projects/Blog/vendor/laravel/framework/src/Illuminate/Foundation/Http/Kernel.php(200): Illuminate\\Routing\\Router->dispatch(Object(Illuminate\\Http\\Request))
#35 /Users/rifkinasss/Documents/workspace/Startup/NasLabs/internal-projects/Blog/vendor/laravel/framework/src/Illuminate/Pipeline/Pipeline.php(180): Illuminate\\Foundation\\Http\\Kernel->{closure:Illuminate\\Foundation\\Http\\Kernel::dispatchToRouter():197}(Object(Illuminate\\Http\\Request))
#36 /Users/rifkinasss/Documents/workspace/Startup/NasLabs/internal-projects/Blog/vendor/livewire/livewire/src/Features/SupportDisablingBackButtonCache/DisableBackButtonCacheMiddleware.php(19): Illuminate\\Pipeline\\Pipeline->{closure:Illuminate\\Pipeline\\Pipeline::prepareDestination():178}(Object(Illuminate\\Http\\Request))
#37 /Users/rifkinasss/Documents/workspace/Startup/NasLabs/internal-projects/Blog/vendor/laravel/framework/src/Illuminate/Pipeline/Pipeline.php(219): Livewire\\Features\\SupportDisablingBackButtonCache\\DisableBackButtonCacheMiddleware->handle(Object(Illuminate\\Http\\Request), Object(Closure))
#38 /Users/rifkinasss/Documents/workspace/Startup/NasLabs/internal-projects/Blog/vendor/laravel/framework/src/Illuminate/Foundation/Http/Middleware/TransformsRequest.php(21): Illuminate\\Pipeline\\Pipeline->{closure:{closure:Illuminate\\Pipeline\\Pipeline::carry():194}:195}(Object(Illuminate\\Http\\Request))
#39 /Users/rifkinasss/Documents/workspace/Startup/NasLabs/internal-projects/Blog/vendor/laravel/framework/src/Illuminate/Foundation/Http/Middleware/ConvertEmptyStringsToNull.php(31): Illuminate\\Foundation\\Http\\Middleware\\TransformsRequest->handle(Object(Illuminate\\Http\\Request), Object(Closure))
#40 /Users/rifkinasss/Documents/workspace/Startup/NasLabs/internal-projects/Blog/vendor/laravel/framework/src/Illuminate/Pipeline/Pipeline.php(219): Illuminate\\Foundation\\Http\\Middleware\\ConvertEmptyStringsToNull->handle(Object(Illuminate\\Http\\Request), Object(Closure))
#41 /Users/rifkinasss/Documents/workspace/Startup/NasLabs/internal-projects/Blog/vendor/laravel/framework/src/Illuminate/Foundation/Http/Middleware/TransformsRequest.php(21): Illuminate\\Pipeline\\Pipeline->{closure:{closure:Illuminate\\Pipeline\\Pipeline::carry():194}:195}(Object(Illuminate\\Http\\Request))
#42 /Users/rifkinasss/Documents/workspace/Startup/NasLabs/internal-projects/Blog/vendor/laravel/framework/src/Illuminate/Foundation/Http/Middleware/TrimStrings.php(51): Illuminate\\Foundation\\Http\\Middleware\\TransformsRequest->handle(Object(Illuminate\\Http\\Request), Object(Closure))
#43 /Users/rifkinasss/Documents/workspace/Startup/NasLabs/internal-projects/Blog/vendor/laravel/framework/src/Illuminate/Pipeline/Pipeline.php(219): Illuminate\\Foundation\\Http\\Middleware\\TrimStrings->handle(Object(Illuminate\\Http\\Request), Object(Closure))
#44 /Users/rifkinasss/Documents/workspace/Startup/NasLabs/internal-projects/Blog/vendor/laravel/framework/src/Illuminate/Http/Middleware/ValidatePostSize.php(27): Illuminate\\Pipeline\\Pipeline->{closure:{closure:Illuminate\\Pipeline\\Pipeline::carry():194}:195}(Object(Illuminate\\Http\\Request))
#45 /Users/rifkinasss/Documents/workspace/Startup/NasLabs/internal-projects/Blog/vendor/laravel/framework/src/Illuminate/Pipeline/Pipeline.php(219): Illuminate\\Http\\Middleware\\ValidatePostSize->handle(Object(Illuminate\\Http\\Request), Object(Closure))
#46 /Users/rifkinasss/Documents/workspace/Startup/NasLabs/internal-projects/Blog/vendor/laravel/framework/src/Illuminate/Foundation/Http/Middleware/PreventRequestsDuringMaintenance.php(110): Illuminate\\Pipeline\\Pipeline->{closure:{closure:Illuminate\\Pipeline\\Pipeline::carry():194}:195}(Object(Illuminate\\Http\\Request))
#47 /Users/rifkinasss/Documents/workspace/Startup/NasLabs/internal-projects/Blog/vendor/laravel/framework/src/Illuminate/Pipeline/Pipeline.php(219): Illuminate\\Foundation\\Http\\Middleware\\PreventRequestsDuringMaintenance->handle(Object(Illuminate\\Http\\Request), Object(Closure))
#48 /Users/rifkinasss/Documents/workspace/Startup/NasLabs/internal-projects/Blog/vendor/laravel/framework/src/Illuminate/Http/Middleware/HandleCors.php(61): Illuminate\\Pipeline\\Pipeline->{closure:{closure:Illuminate\\Pipeline\\Pipeline::carry():194}:195}(Object(Illuminate\\Http\\Request))
#49 /Users/rifkinasss/Documents/workspace/Startup/NasLabs/internal-projects/Blog/vendor/laravel/framework/src/Illuminate/Pipeline/Pipeline.php(219): Illuminate\\Http\\Middleware\\HandleCors->handle(Object(Illuminate\\Http\\Request), Object(Closure))
#50 /Users/rifkinasss/Documents/workspace/Startup/NasLabs/internal-projects/Blog/vendor/laravel/framework/src/Illuminate/Http/Middleware/TrustProxies.php(58): Illuminate\\Pipeline\\Pipeline->{closure:{closure:Illuminate\\Pipeline\\Pipeline::carry():194}:195}(Object(Illuminate\\Http\\Request))
#51 /Users/rifkinasss/Documents/workspace/Startup/NasLabs/internal-projects/Blog/vendor/laravel/framework/src/Illuminate/Pipeline/Pipeline.php(219): Illuminate\\Http\\Middleware\\TrustProxies->handle(Object(Illuminate\\Http\\Request), Object(Closure))
#52 /Users/rifkinasss/Documents/workspace/Startup/NasLabs/internal-projects/Blog/vendor/laravel/framework/src/Illuminate/Foundation/Http/Middleware/InvokeDeferredCallbacks.php(22): Illuminate\\Pipeline\\Pipeline->{closure:{closure:Illuminate\\Pipeline\\Pipeline::carry():194}:195}(Object(Illuminate\\Http\\Request))
#53 /Users/rifkinasss/Documents/workspace/Startup/NasLabs/internal-projects/Blog/vendor/laravel/framework/src/Illuminate/Pipeline/Pipeline.php(219): Illuminate\\Foundation\\Http\\Middleware\\InvokeDeferredCallbacks->handle(Object(Illuminate\\Http\\Request), Object(Closure))
#54 /Users/rifkinasss/Documents/workspace/Startup/NasLabs/internal-projects/Blog/vendor/laravel/framework/src/Illuminate/Http/Middleware/ValidatePathEncoding.php(28): Illuminate\\Pipeline\\Pipeline->{closure:{closure:Illuminate\\Pipeline\\Pipeline::carry():194}:195}(Object(Illuminate\\Http\\Request))
#55 /Users/rifkinasss/Documents/workspace/Startup/NasLabs/internal-projects/Blog/vendor/laravel/framework/src/Illuminate/Pipeline/Pipeline.php(219): Illuminate\\Http\\Middleware\\ValidatePathEncoding->handle(Object(Illuminate\\Http\\Request), Object(Closure))
#56 /Users/rifkinasss/Documents/workspace/Startup/NasLabs/internal-projects/Blog/vendor/laravel/framework/src/Illuminate/Pipeline/Pipeline.php(137): Illuminate\\Pipeline\\Pipeline->{closure:{closure:Illuminate\\Pipeline\\Pipeline::carry():194}:195}(Object(Illuminate\\Http\\Request))
#57 /Users/rifkinasss/Documents/workspace/Startup/NasLabs/internal-projects/Blog/vendor/laravel/framework/src/Illuminate/Foundation/Http/Kernel.php(175): Illuminate\\Pipeline\\Pipeline->then(Object(Closure))
#58 /Users/rifkinasss/Documents/workspace/Startup/NasLabs/internal-projects/Blog/vendor/laravel/framework/src/Illuminate/Foundation/Http/Kernel.php(144): Illuminate\\Foundation\\Http\\Kernel->sendRequestThroughRouter(Object(Illuminate\\Http\\Request))
#59 /Users/rifkinasss/Documents/workspace/Startup/NasLabs/internal-projects/Blog/vendor/laravel/framework/src/Illuminate/Foundation/Testing/Concerns/MakesHttpRequests.php(638): Illuminate\\Foundation\\Http\\Kernel->handle(Object(Illuminate\\Http\\Request))
#60 /Users/rifkinasss/Documents/workspace/Startup/NasLabs/internal-projects/Blog/vendor/laravel/framework/src/Illuminate/Foundation/Testing/Concerns/MakesHttpRequests.php(368): Illuminate\\Foundation\\Testing\\TestCase->call('GET', '/articles/publi...', Array, Array, Array, Array)
#61 /Users/rifkinasss/Documents/workspace/Startup/NasLabs/internal-projects/Blog/tests/Feature/ArticleWorkflowTest.php(33): Illuminate\\Foundation\\Testing\\TestCase->get('/articles/publi...')
#62 /Users/rifkinasss/Documents/workspace/Startup/NasLabs/internal-projects/Blog/vendor/phpunit/phpunit/src/Framework/TestCase.php(1318): Tests\\Feature\\ArticleWorkflowTest->test_published_article_is_public()
#63 /Users/rifkinasss/Documents/workspace/Startup/NasLabs/internal-projects/Blog/vendor/phpunit/phpunit/src/Framework/TestCase.php(1355): PHPUnit\\Framework\\TestCase->invokeTestMethod('test_published_...', Array)
#64 /Users/rifkinasss/Documents/workspace/Startup/NasLabs/internal-projects/Blog/vendor/phpunit/phpunit/src/Framework/TestCase.php(521): PHPUnit\\Framework\\TestCase->runTest()
#65 /Users/rifkinasss/Documents/workspace/Startup/NasLabs/internal-projects/Blog/vendor/phpunit/phpunit/src/Framework/TestRunner/TestRunner.php(99): PHPUnit\\Framework\\TestCase->runBare()
#66 /Users/rifkinasss/Documents/workspace/Startup/NasLabs/internal-projects/Blog/vendor/phpunit/phpunit/src/Framework/TestCase.php(361): PHPUnit\\Framework\\TestRunner->run(Object(Tests\\Feature\\ArticleWorkflowTest))
#67 /Users/rifkinasss/Documents/workspace/Startup/NasLabs/internal-projects/Blog/vendor/phpunit/phpunit/src/Framework/TestSuite.php(374): PHPUnit\\Framework\\TestCase->run()
#68 /Users/rifkinasss/Documents/workspace/Startup/NasLabs/internal-projects/Blog/vendor/phpunit/phpunit/src/Framework/TestSuite.php(374): PHPUnit\\Framework\\TestSuite->run()
#69 /Users/rifkinasss/Documents/workspace/Startup/NasLabs/internal-projects/Blog/vendor/phpunit/phpunit/src/Framework/TestSuite.php(374): PHPUnit\\Framework\\TestSuite->run()
#70 /Users/rifkinasss/Documents/workspace/Startup/NasLabs/internal-projects/Blog/vendor/phpunit/phpunit/src/TextUI/TestRunner.php(64): PHPUnit\\Framework\\TestSuite->run()
#71 /Users/rifkinasss/Documents/workspace/Startup/NasLabs/internal-projects/Blog/vendor/phpunit/phpunit/src/TextUI/Application.php(229): PHPUnit\\TextUI\\TestRunner->run(Object(PHPUnit\\TextUI\\Configuration\\Configuration), Object(PHPUnit\\Runner\\ResultCache\\DefaultResultCache), Object(PHPUnit\\Framework\\TestSuite))
#72 /Users/rifkinasss/Documents/workspace/Startup/NasLabs/internal-projects/Blog/vendor/phpunit/phpunit/phpunit(104): PHPUnit\\TextUI\\Application->run(Array)
#73 {main}
"} 
[2026-09-15 15:37:39] local.ERROR: SQLSTATE[42P01]: Undefined table: 7 ERROR:  relation "site_settings" does not exist
LINE 1: select "value" from "site_settings" where "key" = $1 limit 1
                            ^ (Connection: pgsql, Host: 127.0.0.1, Port: 5432, Database: naslabs_blog, SQL: select "value" from "site_settings" where "key" = site_name limit 1) {"userId":1,"exception":"[object] (Illuminate\\Database\\QueryException(code: 42P01): SQLSTATE[42P01]: Undefined table: 7 ERROR:  relation \"site_settings\" does not exist
LINE 1: select \"value\" from \"site_settings\" where \"key\" = $1 limit 1
                            ^ (Connection: pgsql, Host: 127.0.0.1, Port: 5432, Database: naslabs_blog, SQL: select \"value\" from \"site_settings\" where \"key\" = site_name limit 1) at /Users/rifkinasss/Documents/workspace/Startup/NasLabs/internal-projects/Blog/vendor/laravel/framework/src/Illuminate/Database/Connection.php:857)
[stacktrace]
#0 /Users/rifkinasss/Documents/workspace/Startup/NasLabs/internal-projects/Blog/vendor/laravel/framework/src/Illuminate/Database/Connection.php(813): Illuminate\\Database\\Connection->runQueryCallback('select \"value\" ...', Array, Object(Closure))
#1 /Users/rifkinasss/Documents/workspace/Startup/NasLabs/internal-projects/Blog/vendor/laravel/framework/src/Illuminate/Database/Connection.php(426): Illuminate\\Database\\Connection->run('select \"value\" ...', Array, Object(Closure))
#2 /Users/rifkinasss/Documents/workspace/Startup/NasLabs/internal-projects/Blog/vendor/laravel/framework/src/Illuminate/Database/Query/Builder.php(3629): Illuminate\\Database\\Connection->select('select \"value\" ...', Array, true, Array)
#3 /Users/rifkinasss/Documents/workspace/Startup/NasLabs/internal-projects/Blog/vendor/laravel/framework/src/Illuminate/Database/Query/Builder.php(3613): Illuminate\\Database\\Query\\Builder->runSelect()
#4 /Users/rifkinasss/Documents/workspace/Startup/NasLabs/internal-projects/Blog/vendor/laravel/framework/src/Illuminate/Database/Eloquent/Builder.php(931): Illuminate\\Database\\Query\\Builder->get(Array)
#5 /Users/rifkinasss/Documents/workspace/Startup/NasLabs/internal-projects/Blog/vendor/laravel/framework/src/Illuminate/Database/Eloquent/Builder.php(913): Illuminate\\Database\\Eloquent\\Builder->getModels(Array)
#6 /Users/rifkinasss/Documents/workspace/Startup/NasLabs/internal-projects/Blog/vendor/laravel/framework/src/Illuminate/Database/Concerns/BuildsQueries.php(408): Illuminate\\Database\\Eloquent\\Builder->get(Array)
#7 /Users/rifkinasss/Documents/workspace/Startup/NasLabs/internal-projects/Blog/vendor/laravel/framework/src/Illuminate/Database/Eloquent/Builder.php(862): Illuminate\\Database\\Eloquent\\Builder->first(Array)
#8 /Users/rifkinasss/Documents/workspace/Startup/NasLabs/internal-projects/Blog/app/Models/SiteSetting.php(13): Illuminate\\Database\\Eloquent\\Builder->value('value')
#9 /Users/rifkinasss/Documents/workspace/Startup/NasLabs/internal-projects/Blog/app/Livewire/Dashboard/Settings/SettingsIndex.php(29): App\\Models\\SiteSetting::value('site_name', 'NasLabs Journal')
#10 /Users/rifkinasss/Documents/workspace/Startup/NasLabs/internal-projects/Blog/vendor/laravel/framework/src/Illuminate/Container/BoundMethod.php(36): App\\Livewire\\Dashboard\\Settings\\SettingsIndex->mount()
#11 /Users/rifkinasss/Documents/workspace/Startup/NasLabs/internal-projects/Blog/vendor/laravel/framework/src/Illuminate/Container/Util.php(43): Illuminate\\Container\\BoundMethod::{closure:Illuminate\\Container\\BoundMethod::call():35}()
#12 /Users/rifkinasss/Documents/workspace/Startup/NasLabs/internal-projects/Blog/vendor/laravel/framework/src/Illuminate/Container/BoundMethod.php(96): Illuminate\\Container\\Util::unwrapIfClosure(Object(Closure))
#13 /Users/rifkinasss/Documents/workspace/Startup/NasLabs/internal-projects/Blog/vendor/laravel/framework/src/Illuminate/Container/BoundMethod.php(35): Illuminate\\Container\\BoundMethod::callBoundMethod(Object(Illuminate\\Foundation\\Application), Array, Object(Closure))
#14 /Users/rifkinasss/Documents/workspace/Startup/NasLabs/internal-projects/Blog/vendor/livewire/livewire/src/Wrapped.php(23): Illuminate\\Container\\BoundMethod::call(Object(Illuminate\\Foundation\\Application), Array, Array)
#15 /Users/rifkinasss/Documents/workspace/Startup/NasLabs/internal-projects/Blog/vendor/livewire/livewire/src/Features/SupportLifecycleHooks/SupportLifecycleHooks.php(175): Livewire\\Wrapped->__call('mount', Array)
#16 /Users/rifkinasss/Documents/workspace/Startup/NasLabs/internal-projects/Blog/vendor/livewire/livewire/src/Features/SupportLifecycleHooks/SupportLifecycleHooks.php(34): Livewire\\Features\\SupportLifecycleHooks\\SupportLifecycleHooks->callHook('mount', Array)
#17 /Users/rifkinasss/Documents/workspace/Startup/NasLabs/internal-projects/Blog/vendor/livewire/livewire/src/ComponentHook.php(19): Livewire\\Features\\SupportLifecycleHooks\\SupportLifecycleHooks->mount(Array, false, Array)
#18 /Users/rifkinasss/Documents/workspace/Startup/NasLabs/internal-projects/Blog/vendor/livewire/livewire/src/ComponentHookRegistry.php(45): Livewire\\ComponentHook->callMount(Array, false, Array)
#19 /Users/rifkinasss/Documents/workspace/Startup/NasLabs/internal-projects/Blog/vendor/livewire/livewire/src/EventBus.php(87): Livewire\\ComponentHookRegistry::{closure:Livewire\\ComponentHookRegistry::boot():39}(Object(App\\Livewire\\Dashboard\\Settings\\SettingsIndex), Array, NULL, false, Array)
#20 /Users/rifkinasss/Documents/workspace/Startup/NasLabs/internal-projects/Blog/vendor/livewire/livewire/src/helpers.php(98): Livewire\\EventBus->trigger('mount', Object(App\\Livewire\\Dashboard\\Settings\\SettingsIndex), Array, NULL, false, Array)
#21 /Users/rifkinasss/Documents/workspace/Startup/NasLabs/internal-projects/Blog/vendor/livewire/livewire/src/Mechanisms/HandleComponents/HandleComponents.php(61): Livewire\\trigger('mount', Object(App\\Livewire\\Dashboard\\Settings\\SettingsIndex), Array, NULL, false, Array)
#22 /Users/rifkinasss/Documents/workspace/Startup/NasLabs/internal-projects/Blog/vendor/livewire/livewire/src/LivewireManager.php(103): Livewire\\Mechanisms\\HandleComponents\\HandleComponents->mount('App\\\\Livewire\\\\Da...', Array, NULL, Array)
#23 /Users/rifkinasss/Documents/workspace/Startup/NasLabs/internal-projects/Blog/vendor/livewire/livewire/src/Features/SupportPageComponents/HandlesPageComponents.php(19): Livewire\\LivewireManager->mount('App\\\\Livewire\\\\Da...', Array)
#24 /Users/rifkinasss/Documents/workspace/Startup/NasLabs/internal-projects/Blog/vendor/livewire/livewire/src/Features/SupportPageComponents/SupportPageComponents.php(119): Livewire\\Component->{closure:Livewire\\Features\\SupportPageComponents\\HandlesPageComponents::__invoke():14}()
#25 /Users/rifkinasss/Documents/workspace/Startup/NasLabs/internal-projects/Blog/vendor/livewire/livewire/src/Features/SupportPageComponents/HandlesPageComponents.php(14): Livewire\\Features\\SupportPageComponents\\SupportPageComponents::interceptTheRenderOfTheComponentAndRetreiveTheLayoutConfiguration(Object(Closure))
#26 /Users/rifkinasss/Documents/workspace/Startup/NasLabs/internal-projects/Blog/vendor/laravel/framework/src/Illuminate/Routing/ControllerDispatcher.php(46): Livewire\\Component->__invoke()
#27 /Users/rifkinasss/Documents/workspace/Startup/NasLabs/internal-projects/Blog/vendor/laravel/framework/src/Illuminate/Routing/Route.php(276): Illuminate\\Routing\\ControllerDispatcher->dispatch(Object(Illuminate\\Routing\\Route), Object(App\\Livewire\\Dashboard\\Settings\\SettingsIndex), '__invoke')
#28 /Users/rifkinasss/Documents/workspace/Startup/NasLabs/internal-projects/Blog/vendor/laravel/framework/src/Illuminate/Routing/Route.php(216): Illuminate\\Routing\\Route->runController()
#29 /Users/rifkinasss/Documents/workspace/Startup/NasLabs/internal-projects/Blog/vendor/laravel/framework/src/Illuminate/Routing/Router.php(822): Illuminate\\Routing\\Route->run()
#30 /Users/rifkinasss/Documents/workspace/Startup/NasLabs/internal-projects/Blog/vendor/laravel/framework/src/Illuminate/Pipeline/Pipeline.php(180): Illuminate\\Routing\\Router->{closure:Illuminate\\Routing\\Router::runRouteWithinStack():821}(Object(Illuminate\\Http\\Request))
#31 /Users/rifkinasss/Documents/workspace/Startup/NasLabs/internal-projects/Blog/vendor/laravel/framework/src/Illuminate/Http/Middleware/AddLinkHeadersForPreloadedAssets.php(32): Illuminate\\Pipeline\\Pipeline->{closure:Illuminate\\Pipeline\\Pipeline::prepareDestination():178}(Object(Illuminate\\Http\\Request))
#32 /Users/rifkinasss/Documents/workspace/Startup/NasLabs/internal-projects/Blog/vendor/laravel/framework/src/Illuminate/Pipeline/Pipeline.php(219): Illuminate\\Http\\Middleware\\AddLinkHeadersForPreloadedAssets->handle(Object(Illuminate\\Http\\Request), Object(Closure))
#33 /Users/rifkinasss/Documents/workspace/Startup/NasLabs/internal-projects/Blog/vendor/laravel/framework/src/Illuminate/Routing/Middleware/SubstituteBindings.php(52): Illuminate\\Pipeline\\Pipeline->{closure:{closure:Illuminate\\Pipeline\\Pipeline::carry():194}:195}(Object(Illuminate\\Http\\Request))
#34 /Users/rifkinasss/Documents/workspace/Startup/NasLabs/internal-projects/Blog/vendor/laravel/framework/src/Illuminate/Pipeline/Pipeline.php(219): Illuminate\\Routing\\Middleware\\SubstituteBindings->handle(Object(Illuminate\\Http\\Request), Object(Closure))
#35 /Users/rifkinasss/Documents/workspace/Startup/NasLabs/internal-projects/Blog/vendor/laravel/framework/src/Illuminate/Auth/Middleware/Authenticate.php(63): Illuminate\\Pipeline\\Pipeline->{closure:{closure:Illuminate\\Pipeline\\Pipeline::carry():194}:195}(Object(Illuminate\\Http\\Request))
#36 /Users/rifkinasss/Documents/workspace/Startup/NasLabs/internal-projects/Blog/vendor/laravel/framework/src/Illuminate/Pipeline/Pipeline.php(219): Illuminate\\Auth\\Middleware\\Authenticate->handle(Object(Illuminate\\Http\\Request), Object(Closure))
#37 /Users/rifkinasss/Documents/workspace/Startup/NasLabs/internal-projects/Blog/vendor/laravel/framework/src/Illuminate/Foundation/Http/Middleware/PreventRequestForgery.php(104): Illuminate\\Pipeline\\Pipeline->{closure:{closure:Illuminate\\Pipeline\\Pipeline::carry():194}:195}(Object(Illuminate\\Http\\Request))
#38 /Users/rifkinasss/Documents/workspace/Startup/NasLabs/internal-projects/Blog/vendor/laravel/framework/src/Illuminate/Pipeline/Pipeline.php(219): Illuminate\\Foundation\\Http\\Middleware\\PreventRequestForgery->handle(Object(Illuminate\\Http\\Request), Object(Closure))
#39 /Users/rifkinasss/Documents/workspace/Startup/NasLabs/internal-projects/Blog/vendor/laravel/framework/src/Illuminate/View/Middleware/ShareErrorsFromSession.php(48): Illuminate\\Pipeline\\Pipeline->{closure:{closure:Illuminate\\Pipeline\\Pipeline::carry():194}:195}(Object(Illuminate\\Http\\Request))
#40 /Users/rifkinasss/Documents/workspace/Startup/NasLabs/internal-projects/Blog/vendor/laravel/framework/src/Illuminate/Pipeline/Pipeline.php(219): Illuminate\\View\\Middleware\\ShareErrorsFromSession->handle(Object(Illuminate\\Http\\Request), Object(Closure))
#41 /Users/rifkinasss/Documents/workspace/Startup/NasLabs/internal-projects/Blog/vendor/laravel/framework/src/Illuminate/Session/Middleware/StartSession.php(120): Illuminate\\Pipeline\\Pipeline->{closure:{closure:Illuminate\\Pipeline\\Pipeline::carry():194}:195}(Object(Illuminate\\Http\\Request))
#42 /Users/rifkinasss/Documents/workspace/Startup/NasLabs/internal-projects/Blog/vendor/laravel/framework/src/Illuminate/Session/Middleware/StartSession.php(63): Illuminate\\Session\\Middleware\\StartSession->handleStatefulRequest(Object(Illuminate\\Http\\Request), Object(Illuminate\\Session\\Store), Object(Closure))
#43 /Users/rifkinasss/Documents/workspace/Startup/NasLabs/internal-projects/Blog/vendor/laravel/framework/src/Illuminate/Pipeline/Pipeline.php(219): Illuminate\\Session\\Middleware\\StartSession->handle(Object(Illuminate\\Http\\Request), Object(Closure))
#44 /Users/rifkinasss/Documents/workspace/Startup/NasLabs/internal-projects/Blog/vendor/laravel/framework/src/Illuminate/Cookie/Middleware/AddQueuedCookiesToResponse.php(36): Illuminate\\Pipeline\\Pipeline->{closure:{closure:Illuminate\\Pipeline\\Pipeline::carry():194}:195}(Object(Illuminate\\Http\\Request))
#45 /Users/rifkinasss/Documents/workspace/Startup/NasLabs/internal-projects/Blog/vendor/laravel/framework/src/Illuminate/Pipeline/Pipeline.php(219): Illuminate\\Cookie\\Middleware\\AddQueuedCookiesToResponse->handle(Object(Illuminate\\Http\\Request), Object(Closure))
#46 /Users/rifkinasss/Documents/workspace/Startup/NasLabs/internal-projects/Blog/vendor/laravel/framework/src/Illuminate/Cookie/Middleware/EncryptCookies.php(74): Illuminate\\Pipeline\\Pipeline->{closure:{closure:Illuminate\\Pipeline\\Pipeline::carry():194}:195}(Object(Illuminate\\Http\\Request))
#47 /Users/rifkinasss/Documents/workspace/Startup/NasLabs/internal-projects/Blog/vendor/laravel/framework/src/Illuminate/Pipeline/Pipeline.php(219): Illuminate\\Cookie\\Middleware\\EncryptCookies->handle(Object(Illuminate\\Http\\Request), Object(Closure))
#48 /Users/rifkinasss/Documents/workspace/Startup/NasLabs/internal-projects/Blog/vendor/laravel/framework/src/Illuminate/Pipeline/Pipeline.php(137): Illuminate\\Pipeline\\Pipeline->{closure:{closure:Illuminate\\Pipeline\\Pipeline::carry():194}:195}(Object(Illuminate\\Http\\Request))
#49 /Users/rifkinasss/Documents/workspace/Startup/NasLabs/internal-projects/Blog/vendor/laravel/framework/src/Illuminate/Routing/Router.php(821): Illuminate\\Pipeline\\Pipeline->then(Object(Closure))
#50 /Users/rifkinasss/Documents/workspace/Startup/NasLabs/internal-projects/Blog/vendor/laravel/framework/src/Illuminate/Routing/Router.php(800): Illuminate\\Routing\\Router->runRouteWithinStack(Object(Illuminate\\Routing\\Route), Object(Illuminate\\Http\\Request))
#51 /Users/rifkinasss/Documents/workspace/Startup/NasLabs/internal-projects/Blog/vendor/laravel/framework/src/Illuminate/Routing/Router.php(764): Illuminate\\Routing\\Router->runRoute(Object(Illuminate\\Http\\Request), Object(Illuminate\\Routing\\Route))
#52 /Users/rifkinasss/Documents/workspace/Startup/NasLabs/internal-projects/Blog/vendor/laravel/framework/src/Illuminate/Routing/Router.php(753): Illuminate\\Routing\\Router->dispatchToRoute(Object(Illuminate\\Http\\Request))
#53 /Users/rifkinasss/Documents/workspace/Startup/NasLabs/internal-projects/Blog/vendor/laravel/framework/src/Illuminate/Foundation/Http/Kernel.php(200): Illuminate\\Routing\\Router->dispatch(Object(Illuminate\\Http\\Request))
#54 /Users/rifkinasss/Documents/workspace/Startup/NasLabs/internal-projects/Blog/vendor/laravel/framework/src/Illuminate/Pipeline/Pipeline.php(180): Illuminate\\Foundation\\Http\\Kernel->{closure:Illuminate\\Foundation\\Http\\Kernel::dispatchToRouter():197}(Object(Illuminate\\Http\\Request))
#55 /Users/rifkinasss/Documents/workspace/Startup/NasLabs/internal-projects/Blog/vendor/livewire/livewire/src/Features/SupportDisablingBackButtonCache/DisableBackButtonCacheMiddleware.php(19): Illuminate\\Pipeline\\Pipeline->{closure:Illuminate\\Pipeline\\Pipeline::prepareDestination():178}(Object(Illuminate\\Http\\Request))
#56 /Users/rifkinasss/Documents/workspace/Startup/NasLabs/internal-projects/Blog/vendor/laravel/framework/src/Illuminate/Pipeline/Pipeline.php(219): Livewire\\Features\\SupportDisablingBackButtonCache\\DisableBackButtonCacheMiddleware->handle(Object(Illuminate\\Http\\Request), Object(Closure))
#57 /Users/rifkinasss/Documents/workspace/Startup/NasLabs/internal-projects/Blog/vendor/laravel/framework/src/Illuminate/Foundation/Http/Middleware/TransformsRequest.php(21): Illuminate\\Pipeline\\Pipeline->{closure:{closure:Illuminate\\Pipeline\\Pipeline::carry():194}:195}(Object(Illuminate\\Http\\Request))
#58 /Users/rifkinasss/Documents/workspace/Startup/NasLabs/internal-projects/Blog/vendor/laravel/framework/src/Illuminate/Foundation/Http/Middleware/ConvertEmptyStringsToNull.php(31): Illuminate\\Foundation\\Http\\Middleware\\TransformsRequest->handle(Object(Illuminate\\Http\\Request), Object(Closure))
#59 /Users/rifkinasss/Documents/workspace/Startup/NasLabs/internal-projects/Blog/vendor/laravel/framework/src/Illuminate/Pipeline/Pipeline.php(219): Illuminate\\Foundation\\Http\\Middleware\\ConvertEmptyStringsToNull->handle(Object(Illuminate\\Http\\Request), Object(Closure))
#60 /Users/rifkinasss/Documents/workspace/Startup/NasLabs/internal-projects/Blog/vendor/laravel/framework/src/Illuminate/Foundation/Http/Middleware/TransformsRequest.php(21): Illuminate\\Pipeline\\Pipeline->{closure:{closure:Illuminate\\Pipeline\\Pipeline::carry():194}:195}(Object(Illuminate\\Http\\Request))
#61 /Users/rifkinasss/Documents/workspace/Startup/NasLabs/internal-projects/Blog/vendor/laravel/framework/src/Illuminate/Foundation/Http/Middleware/TrimStrings.php(51): Illuminate\\Foundation\\Http\\Middleware\\TransformsRequest->handle(Object(Illuminate\\Http\\Request), Object(Closure))
#62 /Users/rifkinasss/Documents/workspace/Startup/NasLabs/internal-projects/Blog/vendor/laravel/framework/src/Illuminate/Pipeline/Pipeline.php(219): Illuminate\\Foundation\\Http\\Middleware\\TrimStrings->handle(Object(Illuminate\\Http\\Request), Object(Closure))
#63 /Users/rifkinasss/Documents/workspace/Startup/NasLabs/internal-projects/Blog/vendor/laravel/framework/src/Illuminate/Http/Middleware/ValidatePostSize.php(27): Illuminate\\Pipeline\\Pipeline->{closure:{closure:Illuminate\\Pipeline\\Pipeline::carry():194}:195}(Object(Illuminate\\Http\\Request))
#64 /Users/rifkinasss/Documents/workspace/Startup/NasLabs/internal-projects/Blog/vendor/laravel/framework/src/Illuminate/Pipeline/Pipeline.php(219): Illuminate\\Http\\Middleware\\ValidatePostSize->handle(Object(Illuminate\\Http\\Request), Object(Closure))
#65 /Users/rifkinasss/Documents/workspace/Startup/NasLabs/internal-projects/Blog/vendor/laravel/framework/src/Illuminate/Foundation/Http/Middleware/PreventRequestsDuringMaintenance.php(110): Illuminate\\Pipeline\\Pipeline->{closure:{closure:Illuminate\\Pipeline\\Pipeline::carry():194}:195}(Object(Illuminate\\Http\\Request))
#66 /Users/rifkinasss/Documents/workspace/Startup/NasLabs/internal-projects/Blog/vendor/laravel/framework/src/Illuminate/Pipeline/Pipeline.php(219): Illuminate\\Foundation\\Http\\Middleware\\PreventRequestsDuringMaintenance->handle(Object(Illuminate\\Http\\Request), Object(Closure))
#67 /Users/rifkinasss/Documents/workspace/Startup/NasLabs/internal-projects/Blog/vendor/laravel/framework/src/Illuminate/Http/Middleware/HandleCors.php(61): Illuminate\\Pipeline\\Pipeline->{closure:{closure:Illuminate\\Pipeline\\Pipeline::carry():194}:195}(Object(Illuminate\\Http\\Request))
#68 /Users/rifkinasss/Documents/workspace/Startup/NasLabs/internal-projects/Blog/vendor/laravel/framework/src/Illuminate/Pipeline/Pipeline.php(219): Illuminate\\Http\\Middleware\\HandleCors->handle(Object(Illuminate\\Http\\Request), Object(Closure))
#69 /Users/rifkinasss/Documents/workspace/Startup/NasLabs/internal-projects/Blog/vendor/laravel/framework/src/Illuminate/Http/Middleware/TrustProxies.php(58): Illuminate\\Pipeline\\Pipeline->{closure:{closure:Illuminate\\Pipeline\\Pipeline::carry():194}:195}(Object(Illuminate\\Http\\Request))
#70 /Users/rifkinasss/Documents/workspace/Startup/NasLabs/internal-projects/Blog/vendor/laravel/framework/src/Illuminate/Pipeline/Pipeline.php(219): Illuminate\\Http\\Middleware\\TrustProxies->handle(Object(Illuminate\\Http\\Request), Object(Closure))
#71 /Users/rifkinasss/Documents/workspace/Startup/NasLabs/internal-projects/Blog/vendor/laravel/framework/src/Illuminate/Foundation/Http/Middleware/InvokeDeferredCallbacks.php(22): Illuminate\\Pipeline\\Pipeline->{closure:{closure:Illuminate\\Pipeline\\Pipeline::carry():194}:195}(Object(Illuminate\\Http\\Request))
#72 /Users/rifkinasss/Documents/workspace/Startup/NasLabs/internal-projects/Blog/vendor/laravel/framework/src/Illuminate/Pipeline/Pipeline.php(219): Illuminate\\Foundation\\Http\\Middleware\\InvokeDeferredCallbacks->handle(Object(Illuminate\\Http\\Request), Object(Closure))
#73 /Users/rifkinasss/Documents/workspace/Startup/NasLabs/internal-projects/Blog/vendor/laravel/framework/src/Illuminate/Http/Middleware/ValidatePathEncoding.php(28): Illuminate\\Pipeline\\Pipeline->{closure:{closure:Illuminate\\Pipeline\\Pipeline::carry():194}:195}(Object(Illuminate\\Http\\Request))
#74 /Users/rifkinasss/Documents/workspace/Startup/NasLabs/internal-projects/Blog/vendor/laravel/framework/src/Illuminate/Pipeline/Pipeline.php(219): Illuminate\\Http\\Middleware\\ValidatePathEncoding->handle(Object(Illuminate\\Http\\Request), Object(Closure))
#75 /Users/rifkinasss/Documents/workspace/Startup/NasLabs/internal-projects/Blog/vendor/laravel/framework/src/Illuminate/Pipeline/Pipeline.php(137): Illuminate\\Pipeline\\Pipeline->{closure:{closure:Illuminate\\Pipeline\\Pipeline::carry():194}:195}(Object(Illuminate\\Http\\Request))
#76 /Users/rifkinasss/Documents/workspace/Startup/NasLabs/internal-projects/Blog/vendor/laravel/framework/src/Illuminate/Foundation/Http/Kernel.php(175): Illuminate\\Pipeline\\Pipeline->then(Object(Closure))
#77 /Users/rifkinasss/Documents/workspace/Startup/NasLabs/internal-projects/Blog/vendor/laravel/framework/src/Illuminate/Foundation/Http/Kernel.php(144): Illuminate\\Foundation\\Http\\Kernel->sendRequestThroughRouter(Object(Illuminate\\Http\\Request))
#78 /Users/rifkinasss/Documents/workspace/Startup/NasLabs/internal-projects/Blog/vendor/laravel/framework/src/Illuminate/Foundation/Application.php(1227): Illuminate\\Foundation\\Http\\Kernel->handle(Object(Illuminate\\Http\\Request))
#79 /Users/rifkinasss/Documents/workspace/Startup/NasLabs/internal-projects/Blog/public/index.php(20): Illuminate\\Foundation\\Application->handleRequest(Object(Illuminate\\Http\\Request))
#80 /Users/rifkinasss/Documents/workspace/Startup/NasLabs/internal-projects/Blog/vendor/laravel/framework/src/Illuminate/Foundation/resources/server.php(23): require_once('/Users/rifkinas...')
#81 {main}

[previous exception] [object] (PDOException(code: 42P01): SQLSTATE[42P01]: Undefined table: 7 ERROR:  relation \"site_settings\" does not exist
LINE 1: select \"value\" from \"site_settings\" where \"key\" = $1 limit 1
                            ^ at /Users/rifkinasss/Documents/workspace/Startup/NasLabs/internal-projects/Blog/vendor/laravel/framework/src/Illuminate/Database/Connection.php:440)
[stacktrace]
#0 /Users/rifkinasss/Documents/workspace/Startup/NasLabs/internal-projects/Blog/vendor/laravel/framework/src/Illuminate/Database/Connection.php(440): PDOStatement->execute()
#1 /Users/rifkinasss/Documents/workspace/Startup/NasLabs/internal-projects/Blog/vendor/laravel/framework/src/Illuminate/Database/Connection.php(846): Illuminate\\Database\\Connection->{closure:Illuminate\\Database\\Connection::select():426}('select \"value\" ...', Array)
#2 /Users/rifkinasss/Documents/workspace/Startup/NasLabs/internal-projects/Blog/vendor/laravel/framework/src/Illuminate/Database/Connection.php(813): Illuminate\\Database\\Connection->runQueryCallback('select \"value\" ...', Array, Object(Closure))
#3 /Users/rifkinasss/Documents/workspace/Startup/NasLabs/internal-projects/Blog/vendor/laravel/framework/src/Illuminate/Database/Connection.php(426): Illuminate\\Database\\Connection->run('select \"value\" ...', Array, Object(Closure))
#4 /Users/rifkinasss/Documents/workspace/Startup/NasLabs/internal-projects/Blog/vendor/laravel/framework/src/Illuminate/Database/Query/Builder.php(3629): Illuminate\\Database\\Connection->select('select \"value\" ...', Array, true, Array)
#5 /Users/rifkinasss/Documents/workspace/Startup/NasLabs/internal-projects/Blog/vendor/laravel/framework/src/Illuminate/Database/Query/Builder.php(3613): Illuminate\\Database\\Query\\Builder->runSelect()
#6 /Users/rifkinasss/Documents/workspace/Startup/NasLabs/internal-projects/Blog/vendor/laravel/framework/src/Illuminate/Database/Eloquent/Builder.php(931): Illuminate\\Database\\Query\\Builder->get(Array)
#7 /Users/rifkinasss/Documents/workspace/Startup/NasLabs/internal-projects/Blog/vendor/laravel/framework/src/Illuminate/Database/Eloquent/Builder.php(913): Illuminate\\Database\\Eloquent\\Builder->getModels(Array)
#8 /Users/rifkinasss/Documents/workspace/Startup/NasLabs/internal-projects/Blog/vendor/laravel/framework/src/Illuminate/Database/Concerns/BuildsQueries.php(408): Illuminate\\Database\\Eloquent\\Builder->get(Array)
#9 /Users/rifkinasss/Documents/workspace/Startup/NasLabs/internal-projects/Blog/vendor/laravel/framework/src/Illuminate/Database/Eloquent/Builder.php(862): Illuminate\\Database\\Eloquent\\Builder->first(Array)
#10 /Users/rifkinasss/Documents/workspace/Startup/NasLabs/internal-projects/Blog/app/Models/SiteSetting.php(13): Illuminate\\Database\\Eloquent\\Builder->value('value')
#11 /Users/rifkinasss/Documents/workspace/Startup/NasLabs/internal-projects/Blog/app/Livewire/Dashboard/Settings/SettingsIndex.php(29): App\\Models\\SiteSetting::value('site_name', 'NasLabs Journal')
#12 /Users/rifkinasss/Documents/workspace/Startup/NasLabs/internal-projects/Blog/vendor/laravel/framework/src/Illuminate/Container/BoundMethod.php(36): App\\Livewire\\Dashboard\\Settings\\SettingsIndex->mount()
#13 /Users/rifkinasss/Documents/workspace/Startup/NasLabs/internal-projects/Blog/vendor/laravel/framework/src/Illuminate/Container/Util.php(43): Illuminate\\Container\\BoundMethod::{closure:Illuminate\\Container\\BoundMethod::call():35}()
#14 /Users/rifkinasss/Documents/workspace/Startup/NasLabs/internal-projects/Blog/vendor/laravel/framework/src/Illuminate/Container/BoundMethod.php(96): Illuminate\\Container\\Util::unwrapIfClosure(Object(Closure))
#15 /Users/rifkinasss/Documents/workspace/Startup/NasLabs/internal-projects/Blog/vendor/laravel/framework/src/Illuminate/Container/BoundMethod.php(35): Illuminate\\Container\\BoundMethod::callBoundMethod(Object(Illuminate\\Foundation\\Application), Array, Object(Closure))
#16 /Users/rifkinasss/Documents/workspace/Startup/NasLabs/internal-projects/Blog/vendor/livewire/livewire/src/Wrapped.php(23): Illuminate\\Container\\BoundMethod::call(Object(Illuminate\\Foundation\\Application), Array, Array)
#17 /Users/rifkinasss/Documents/workspace/Startup/NasLabs/internal-projects/Blog/vendor/livewire/livewire/src/Features/SupportLifecycleHooks/SupportLifecycleHooks.php(175): Livewire\\Wrapped->__call('mount', Array)
#18 /Users/rifkinasss/Documents/workspace/Startup/NasLabs/internal-projects/Blog/vendor/livewire/livewire/src/Features/SupportLifecycleHooks/SupportLifecycleHooks.php(34): Livewire\\Features\\SupportLifecycleHooks\\SupportLifecycleHooks->callHook('mount', Array)
#19 /Users/rifkinasss/Documents/workspace/Startup/NasLabs/internal-projects/Blog/vendor/livewire/livewire/src/ComponentHook.php(19): Livewire\\Features\\SupportLifecycleHooks\\SupportLifecycleHooks->mount(Array, false, Array)
#20 /Users/rifkinasss/Documents/workspace/Startup/NasLabs/internal-projects/Blog/vendor/livewire/livewire/src/ComponentHookRegistry.php(45): Livewire\\ComponentHook->callMount(Array, false, Array)
#21 /Users/rifkinasss/Documents/workspace/Startup/NasLabs/internal-projects/Blog/vendor/livewire/livewire/src/EventBus.php(87): Livewire\\ComponentHookRegistry::{closure:Livewire\\ComponentHookRegistry::boot():39}(Object(App\\Livewire\\Dashboard\\Settings\\SettingsIndex), Array, NULL, false, Array)
#22 /Users/rifkinasss/Documents/workspace/Startup/NasLabs/internal-projects/Blog/vendor/livewire/livewire/src/helpers.php(98): Livewire\\EventBus->trigger('mount', Object(App\\Livewire\\Dashboard\\Settings\\SettingsIndex), Array, NULL, false, Array)
#23 /Users/rifkinasss/Documents/workspace/Startup/NasLabs/internal-projects/Blog/vendor/livewire/livewire/src/Mechanisms/HandleComponents/HandleComponents.php(61): Livewire\\trigger('mount', Object(App\\Livewire\\Dashboard\\Settings\\SettingsIndex), Array, NULL, false, Array)
#24 /Users/rifkinasss/Documents/workspace/Startup/NasLabs/internal-projects/Blog/vendor/livewire/livewire/src/LivewireManager.php(103): Livewire\\Mechanisms\\HandleComponents\\HandleComponents->mount('App\\\\Livewire\\\\Da...', Array, NULL, Array)
#25 /Users/rifkinasss/Documents/workspace/Startup/NasLabs/internal-projects/Blog/vendor/livewire/livewire/src/Features/SupportPageComponents/HandlesPageComponents.php(19): Livewire\\LivewireManager->mount('App\\\\Livewire\\\\Da...', Array)
#26 /Users/rifkinasss/Documents/workspace/Startup/NasLabs/internal-projects/Blog/vendor/livewire/livewire/src/Features/SupportPageComponents/SupportPageComponents.php(119): Livewire\\Component->{closure:Livewire\\Features\\SupportPageComponents\\HandlesPageComponents::__invoke():14}()
#27 /Users/rifkinasss/Documents/workspace/Startup/NasLabs/internal-projects/Blog/vendor/livewire/livewire/src/Features/SupportPageComponents/HandlesPageComponents.php(14): Livewire\\Features\\SupportPageComponents\\SupportPageComponents::interceptTheRenderOfTheComponentAndRetreiveTheLayoutConfiguration(Object(Closure))
#28 /Users/rifkinasss/Documents/workspace/Startup/NasLabs/internal-projects/Blog/vendor/laravel/framework/src/Illuminate/Routing/ControllerDispatcher.php(46): Livewire\\Component->__invoke()
#29 /Users/rifkinasss/Documents/workspace/Startup/NasLabs/internal-projects/Blog/vendor/laravel/framework/src/Illuminate/Routing/Route.php(276): Illuminate\\Routing\\ControllerDispatcher->dispatch(Object(Illuminate\\Routing\\Route), Object(App\\Livewire\\Dashboard\\Settings\\SettingsIndex), '__invoke')
#30 /Users/rifkinasss/Documents/workspace/Startup/NasLabs/internal-projects/Blog/vendor/laravel/framework/src/Illuminate/Routing/Route.php(216): Illuminate\\Routing\\Route->runController()
#31 /Users/rifkinasss/Documents/workspace/Startup/NasLabs/internal-projects/Blog/vendor/laravel/framework/src/Illuminate/Routing/Router.php(822): Illuminate\\Routing\\Route->run()
#32 /Users/rifkinasss/Documents/workspace/Startup/NasLabs/internal-projects/Blog/vendor/laravel/framework/src/Illuminate/Pipeline/Pipeline.php(180): Illuminate\\Routing\\Router->{closure:Illuminate\\Routing\\Router::runRouteWithinStack():821}(Object(Illuminate\\Http\\Request))
#33 /Users/rifkinasss/Documents/workspace/Startup/NasLabs/internal-projects/Blog/vendor/laravel/framework/src/Illuminate/Http/Middleware/AddLinkHeadersForPreloadedAssets.php(32): Illuminate\\Pipeline\\Pipeline->{closure:Illuminate\\Pipeline\\Pipeline::prepareDestination():178}(Object(Illuminate\\Http\\Request))
#34 /Users/rifkinasss/Documents/workspace/Startup/NasLabs/internal-projects/Blog/vendor/laravel/framework/src/Illuminate/Pipeline/Pipeline.php(219): Illuminate\\Http\\Middleware\\AddLinkHeadersForPreloadedAssets->handle(Object(Illuminate\\Http\\Request), Object(Closure))
#35 /Users/rifkinasss/Documents/workspace/Startup/NasLabs/internal-projects/Blog/vendor/laravel/framework/src/Illuminate/Routing/Middleware/SubstituteBindings.php(52): Illuminate\\Pipeline\\Pipeline->{closure:{closure:Illuminate\\Pipeline\\Pipeline::carry():194}:195}(Object(Illuminate\\Http\\Request))
#36 /Users/rifkinasss/Documents/workspace/Startup/NasLabs/internal-projects/Blog/vendor/laravel/framework/src/Illuminate/Pipeline/Pipeline.php(219): Illuminate\\Routing\\Middleware\\SubstituteBindings->handle(Object(Illuminate\\Http\\Request), Object(Closure))
#37 /Users/rifkinasss/Documents/workspace/Startup/NasLabs/internal-projects/Blog/vendor/laravel/framework/src/Illuminate/Auth/Middleware/Authenticate.php(63): Illuminate\\Pipeline\\Pipeline->{closure:{closure:Illuminate\\Pipeline\\Pipeline::carry():194}:195}(Object(Illuminate\\Http\\Request))
#38 /Users/rifkinasss/Documents/workspace/Startup/NasLabs/internal-projects/Blog/vendor/laravel/framework/src/Illuminate/Pipeline/Pipeline.php(219): Illuminate\\Auth\\Middleware\\Authenticate->handle(Object(Illuminate\\Http\\Request), Object(Closure))
#39 /Users/rifkinasss/Documents/workspace/Startup/NasLabs/internal-projects/Blog/vendor/laravel/framework/src/Illuminate/Foundation/Http/Middleware/PreventRequestForgery.php(104): Illuminate\\Pipeline\\Pipeline->{closure:{closure:Illuminate\\Pipeline\\Pipeline::carry():194}:195}(Object(Illuminate\\Http\\Request))
#40 /Users/rifkinasss/Documents/workspace/Startup/NasLabs/internal-projects/Blog/vendor/laravel/framework/src/Illuminate/Pipeline/Pipeline.php(219): Illuminate\\Foundation\\Http\\Middleware\\PreventRequestForgery->handle(Object(Illuminate\\Http\\Request), Object(Closure))
#41 /Users/rifkinasss/Documents/workspace/Startup/NasLabs/internal-projects/Blog/vendor/laravel/framework/src/Illuminate/View/Middleware/ShareErrorsFromSession.php(48): Illuminate\\Pipeline\\Pipeline->{closure:{closure:Illuminate\\Pipeline\\Pipeline::carry():194}:195}(Object(Illuminate\\Http\\Request))
#42 /Users/rifkinasss/Documents/workspace/Startup/NasLabs/internal-projects/Blog/vendor/laravel/framework/src/Illuminate/Pipeline/Pipeline.php(219): Illuminate\\View\\Middleware\\ShareErrorsFromSession->handle(Object(Illuminate\\Http\\Request), Object(Closure))
#43 /Users/rifkinasss/Documents/workspace/Startup/NasLabs/internal-projects/Blog/vendor/laravel/framework/src/Illuminate/Session/Middleware/StartSession.php(120): Illuminate\\Pipeline\\Pipeline->{closure:{closure:Illuminate\\Pipeline\\Pipeline::carry():194}:195}(Object(Illuminate\\Http\\Request))
#44 /Users/rifkinasss/Documents/workspace/Startup/NasLabs/internal-projects/Blog/vendor/laravel/framework/src/Illuminate/Session/Middleware/StartSession.php(63): Illuminate\\Session\\Middleware\\StartSession->handleStatefulRequest(Object(Illuminate\\Http\\Request), Object(Illuminate\\Session\\Store), Object(Closure))
#45 /Users/rifkinasss/Documents/workspace/Startup/NasLabs/internal-projects/Blog/vendor/laravel/framework/src/Illuminate/Pipeline/Pipeline.php(219): Illuminate\\Session\\Middleware\\StartSession->handle(Object(Illuminate\\Http\\Request), Object(Closure))
#46 /Users/rifkinasss/Documents/workspace/Startup/NasLabs/internal-projects/Blog/vendor/laravel/framework/src/Illuminate/Cookie/Middleware/AddQueuedCookiesToResponse.php(36): Illuminate\\Pipeline\\Pipeline->{closure:{closure:Illuminate\\Pipeline\\Pipeline::carry():194}:195}(Object(Illuminate\\Http\\Request))
#47 /Users/rifkinasss/Documents/workspace/Startup/NasLabs/internal-projects/Blog/vendor/laravel/framework/src/Illuminate/Pipeline/Pipeline.php(219): Illuminate\\Cookie\\Middleware\\AddQueuedCookiesToResponse->handle(Object(Illuminate\\Http\\Request), Object(Closure))
#48 /Users/rifkinasss/Documents/workspace/Startup/NasLabs/internal-projects/Blog/vendor/laravel/framework/src/Illuminate/Cookie/Middleware/EncryptCookies.php(74): Illuminate\\Pipeline\\Pipeline->{closure:{closure:Illuminate\\Pipeline\\Pipeline::carry():194}:195}(Object(Illuminate\\Http\\Request))
#49 /Users/rifkinasss/Documents/workspace/Startup/NasLabs/internal-projects/Blog/vendor/laravel/framework/src/Illuminate/Pipeline/Pipeline.php(219): Illuminate\\Cookie\\Middleware\\EncryptCookies->handle(Object(Illuminate\\Http\\Request), Object(Closure))
#50 /Users/rifkinasss/Documents/workspace/Startup/NasLabs/internal-projects/Blog/vendor/laravel/framework/src/Illuminate/Pipeline/Pipeline.php(137): Illuminate\\Pipeline\\Pipeline->{closure:{closure:Illuminate\\Pipeline\\Pipeline::carry():194}:195}(Object(Illuminate\\Http\\Request))
#51 /Users/rifkinasss/Documents/workspace/Startup/NasLabs/internal-projects/Blog/vendor/laravel/framework/src/Illuminate/Routing/Router.php(821): Illuminate\\Pipeline\\Pipeline->then(Object(Closure))
#52 /Users/rifkinasss/Documents/workspace/Startup/NasLabs/internal-projects/Blog/vendor/laravel/framework/src/Illuminate/Routing/Router.php(800): Illuminate\\Routing\\Router->runRouteWithinStack(Object(Illuminate\\Routing\\Route), Object(Illuminate\\Http\\Request))
#53 /Users/rifkinasss/Documents/workspace/Startup/NasLabs/internal-projects/Blog/vendor/laravel/framework/src/Illuminate/Routing/Router.php(764): Illuminate\\Routing\\Router->runRoute(Object(Illuminate\\Http\\Request), Object(Illuminate\\Routing\\Route))
#54 /Users/rifkinasss/Documents/workspace/Startup/NasLabs/internal-projects/Blog/vendor/laravel/framework/src/Illuminate/Routing/Router.php(753): Illuminate\\Routing\\Router->dispatchToRoute(Object(Illuminate\\Http\\Request))
#55 /Users/rifkinasss/Documents/workspace/Startup/NasLabs/internal-projects/Blog/vendor/laravel/framework/src/Illuminate/Foundation/Http/Kernel.php(200): Illuminate\\Routing\\Router->dispatch(Object(Illuminate\\Http\\Request))
#56 /Users/rifkinasss/Documents/workspace/Startup/NasLabs/internal-projects/Blog/vendor/laravel/framework/src/Illuminate/Pipeline/Pipeline.php(180): Illuminate\\Foundation\\Http\\Kernel->{closure:Illuminate\\Foundation\\Http\\Kernel::dispatchToRouter():197}(Object(Illuminate\\Http\\Request))
#57 /Users/rifkinasss/Documents/workspace/Startup/NasLabs/internal-projects/Blog/vendor/livewire/livewire/src/Features/SupportDisablingBackButtonCache/DisableBackButtonCacheMiddleware.php(19): Illuminate\\Pipeline\\Pipeline->{closure:Illuminate\\Pipeline\\Pipeline::prepareDestination():178}(Object(Illuminate\\Http\\Request))
#58 /Users/rifkinasss/Documents/workspace/Startup/NasLabs/internal-projects/Blog/vendor/laravel/framework/src/Illuminate/Pipeline/Pipeline.php(219): Livewire\\Features\\SupportDisablingBackButtonCache\\DisableBackButtonCacheMiddleware->handle(Object(Illuminate\\Http\\Request), Object(Closure))
#59 /Users/rifkinasss/Documents/workspace/Startup/NasLabs/internal-projects/Blog/vendor/laravel/framework/src/Illuminate/Foundation/Http/Middleware/TransformsRequest.php(21): Illuminate\\Pipeline\\Pipeline->{closure:{closure:Illuminate\\Pipeline\\Pipeline::carry():194}:195}(Object(Illuminate\\Http\\Request))
#60 /Users/rifkinasss/Documents/workspace/Startup/NasLabs/internal-projects/Blog/vendor/laravel/framework/src/Illuminate/Foundation/Http/Middleware/ConvertEmptyStringsToNull.php(31): Illuminate\\Foundation\\Http\\Middleware\\TransformsRequest->handle(Object(Illuminate\\Http\\Request), Object(Closure))
#61 /Users/rifkinasss/Documents/workspace/Startup/NasLabs/internal-projects/Blog/vendor/laravel/framework/src/Illuminate/Pipeline/Pipeline.php(219): Illuminate\\Foundation\\Http\\Middleware\\ConvertEmptyStringsToNull->handle(Object(Illuminate\\Http\\Request), Object(Closure))
#62 /Users/rifkinasss/Documents/workspace/Startup/NasLabs/internal-projects/Blog/vendor/laravel/framework/src/Illuminate/Foundation/Http/Middleware/TransformsRequest.php(21): Illuminate\\Pipeline\\Pipeline->{closure:{closure:Illuminate\\Pipeline\\Pipeline::carry():194}:195}(Object(Illuminate\\Http\\Request))
#63 /Users/rifkinasss/Documents/workspace/Startup/NasLabs/internal-projects/Blog/vendor/laravel/framework/src/Illuminate/Foundation/Http/Middleware/TrimStrings.php(51): Illuminate\\Foundation\\Http\\Middleware\\TransformsRequest->handle(Object(Illuminate\\Http\\Request), Object(Closure))
#64 /Users/rifkinasss/Documents/workspace/Startup/NasLabs/internal-projects/Blog/vendor/laravel/framework/src/Illuminate/Pipeline/Pipeline.php(219): Illuminate\\Foundation\\Http\\Middleware\\TrimStrings->handle(Object(Illuminate\\Http\\Request), Object(Closure))
#65 /Users/rifkinasss/Documents/workspace/Startup/NasLabs/internal-projects/Blog/vendor/laravel/framework/src/Illuminate/Http/Middleware/ValidatePostSize.php(27): Illuminate\\Pipeline\\Pipeline->{closure:{closure:Illuminate\\Pipeline\\Pipeline::carry():194}:195}(Object(Illuminate\\Http\\Request))
#66 /Users/rifkinasss/Documents/workspace/Startup/NasLabs/internal-projects/Blog/vendor/laravel/framework/src/Illuminate/Pipeline/Pipeline.php(219): Illuminate\\Http\\Middleware\\ValidatePostSize->handle(Object(Illuminate\\Http\\Request), Object(Closure))
#67 /Users/rifkinasss/Documents/workspace/Startup/NasLabs/internal-projects/Blog/vendor/laravel/framework/src/Illuminate/Foundation/Http/Middleware/PreventRequestsDuringMaintenance.php(110): Illuminate\\Pipeline\\Pipeline->{closure:{closure:Illuminate\\Pipeline\\Pipeline::carry():194}:195}(Object(Illuminate\\Http\\Request))
#68 /Users/rifkinasss/Documents/workspace/Startup/NasLabs/internal-projects/Blog/vendor/laravel/framework/src/Illuminate/Pipeline/Pipeline.php(219): Illuminate\\Foundation\\Http\\Middleware\\PreventRequestsDuringMaintenance->handle(Object(Illuminate\\Http\\Request), Object(Closure))
#69 /Users/rifkinasss/Documents/workspace/Startup/NasLabs/internal-projects/Blog/vendor/laravel/framework/src/Illuminate/Http/Middleware/HandleCors.php(61): Illuminate\\Pipeline\\Pipeline->{closure:{closure:Illuminate\\Pipeline\\Pipeline::carry():194}:195}(Object(Illuminate\\Http\\Request))
#70 /Users/rifkinasss/Documents/workspace/Startup/NasLabs/internal-projects/Blog/vendor/laravel/framework/src/Illuminate/Pipeline/Pipeline.php(219): Illuminate\\Http\\Middleware\\HandleCors->handle(Object(Illuminate\\Http\\Request), Object(Closure))
#71 /Users/rifkinasss/Documents/workspace/Startup/NasLabs/internal-projects/Blog/vendor/laravel/framework/src/Illuminate/Http/Middleware/TrustProxies.php(58): Illuminate\\Pipeline\\Pipeline->{closure:{closure:Illuminate\\Pipeline\\Pipeline::carry():194}:195}(Object(Illuminate\\Http\\Request))
#72 /Users/rifkinasss/Documents/workspace/Startup/NasLabs/internal-projects/Blog/vendor/laravel/framework/src/Illuminate/Pipeline/Pipeline.php(219): Illuminate\\Http\\Middleware\\TrustProxies->handle(Object(Illuminate\\Http\\Request), Object(Closure))
#73 /Users/rifkinasss/Documents/workspace/Startup/NasLabs/internal-projects/Blog/vendor/laravel/framework/src/Illuminate/Foundation/Http/Middleware/InvokeDeferredCallbacks.php(22): Illuminate\\Pipeline\\Pipeline->{closure:{closure:Illuminate\\Pipeline\\Pipeline::carry():194}:195}(Object(Illuminate\\Http\\Request))
#74 /Users/rifkinasss/Documents/workspace/Startup/NasLabs/internal-projects/Blog/vendor/laravel/framework/src/Illuminate/Pipeline/Pipeline.php(219): Illuminate\\Foundation\\Http\\Middleware\\InvokeDeferredCallbacks->handle(Object(Illuminate\\Http\\Request), Object(Closure))
#75 /Users/rifkinasss/Documents/workspace/Startup/NasLabs/internal-projects/Blog/vendor/laravel/framework/src/Illuminate/Http/Middleware/ValidatePathEncoding.php(28): Illuminate\\Pipeline\\Pipeline->{closure:{closure:Illuminate\\Pipeline\\Pipeline::carry():194}:195}(Object(Illuminate\\Http\\Request))
#76 /Users/rifkinasss/Documents/workspace/Startup/NasLabs/internal-projects/Blog/vendor/laravel/framework/src/Illuminate/Pipeline/Pipeline.php(219): Illuminate\\Http\\Middleware\\ValidatePathEncoding->handle(Object(Illuminate\\Http\\Request), Object(Closure))
#77 /Users/rifkinasss/Documents/workspace/Startup/NasLabs/internal-projects/Blog/vendor/laravel/framework/src/Illuminate/Pipeline/Pipeline.php(137): Illuminate\\Pipeline\\Pipeline->{closure:{closure:Illuminate\\Pipeline\\Pipeline::carry():194}:195}(Object(Illuminate\\Http\\Request))
#78 /Users/rifkinasss/Documents/workspace/Startup/NasLabs/internal-projects/Blog/vendor/laravel/framework/src/Illuminate/Foundation/Http/Kernel.php(175): Illuminate\\Pipeline\\Pipeline->then(Object(Closure))
#79 /Users/rifkinasss/Documents/workspace/Startup/NasLabs/internal-projects/Blog/vendor/laravel/framework/src/Illuminate/Foundation/Http/Kernel.php(144): Illuminate\\Foundation\\Http\\Kernel->sendRequestThroughRouter(Object(Illuminate\\Http\\Request))
#80 /Users/rifkinasss/Documents/workspace/Startup/NasLabs/internal-projects/Blog/vendor/laravel/framework/src/Illuminate/Foundation/Application.php(1227): Illuminate\\Foundation\\Http\\Kernel->handle(Object(Illuminate\\Http\\Request))
#81 /Users/rifkinasss/Documents/workspace/Startup/NasLabs/internal-projects/Blog/public/index.php(20): Illuminate\\Foundation\\Application->handleRequest(Object(Illuminate\\Http\\Request))
#82 /Users/rifkinasss/Documents/workspace/Startup/NasLabs/internal-projects/Blog/vendor/laravel/framework/src/Illuminate/Foundation/resources/server.php(23): require_once('/Users/rifkinas...')
#83 {main}
"} 
[2026-09-15 15:37:45] local.ERROR: SQLSTATE[42P01]: Undefined table: 7 ERROR:  relation "site_settings" does not exist
LINE 1: select "value" from "site_settings" where "key" = $1 limit 1
                            ^ (Connection: pgsql, Host: 127.0.0.1, Port: 5432, Database: naslabs_blog, SQL: select "value" from "site_settings" where "key" = site_name limit 1) {"userId":1,"exception":"[object] (Illuminate\\Database\\QueryException(code: 42P01): SQLSTATE[42P01]: Undefined table: 7 ERROR:  relation \"site_settings\" does not exist
LINE 1: select \"value\" from \"site_settings\" where \"key\" = $1 limit 1
                            ^ (Connection: pgsql, Host: 127.0.0.1, Port: 5432, Database: naslabs_blog, SQL: select \"value\" from \"site_settings\" where \"key\" = site_name limit 1) at /Users/rifkinasss/Documents/workspace/Startup/NasLabs/internal-projects/Blog/vendor/laravel/framework/src/Illuminate/Database/Connection.php:857)
[stacktrace]
#0 /Users/rifkinasss/Documents/workspace/Startup/NasLabs/internal-projects/Blog/vendor/laravel/framework/src/Illuminate/Database/Connection.php(813): Illuminate\\Database\\Connection->runQueryCallback('select \"value\" ...', Array, Object(Closure))
#1 /Users/rifkinasss/Documents/workspace/Startup/NasLabs/internal-projects/Blog/vendor/laravel/framework/src/Illuminate/Database/Connection.php(426): Illuminate\\Database\\Connection->run('select \"value\" ...', Array, Object(Closure))
#2 /Users/rifkinasss/Documents/workspace/Startup/NasLabs/internal-projects/Blog/vendor/laravel/framework/src/Illuminate/Database/Query/Builder.php(3629): Illuminate\\Database\\Connection->select('select \"value\" ...', Array, true, Array)
#3 /Users/rifkinasss/Documents/workspace/Startup/NasLabs/internal-projects/Blog/vendor/laravel/framework/src/Illuminate/Database/Query/Builder.php(3613): Illuminate\\Database\\Query\\Builder->runSelect()
#4 /Users/rifkinasss/Documents/workspace/Startup/NasLabs/internal-projects/Blog/vendor/laravel/framework/src/Illuminate/Database/Eloquent/Builder.php(931): Illuminate\\Database\\Query\\Builder->get(Array)
#5 /Users/rifkinasss/Documents/workspace/Startup/NasLabs/internal-projects/Blog/vendor/laravel/framework/src/Illuminate/Database/Eloquent/Builder.php(913): Illuminate\\Database\\Eloquent\\Builder->getModels(Array)
#6 /Users/rifkinasss/Documents/workspace/Startup/NasLabs/internal-projects/Blog/vendor/laravel/framework/src/Illuminate/Database/Concerns/BuildsQueries.php(408): Illuminate\\Database\\Eloquent\\Builder->get(Array)
#7 /Users/rifkinasss/Documents/workspace/Startup/NasLabs/internal-projects/Blog/vendor/laravel/framework/src/Illuminate/Database/Eloquent/Builder.php(862): Illuminate\\Database\\Eloquent\\Builder->first(Array)
#8 /Users/rifkinasss/Documents/workspace/Startup/NasLabs/internal-projects/Blog/app/Models/SiteSetting.php(13): Illuminate\\Database\\Eloquent\\Builder->value('value')
#9 /Users/rifkinasss/Documents/workspace/Startup/NasLabs/internal-projects/Blog/app/Livewire/Dashboard/Settings/SettingsIndex.php(29): App\\Models\\SiteSetting::value('site_name', 'NasLabs Journal')
#10 /Users/rifkinasss/Documents/workspace/Startup/NasLabs/internal-projects/Blog/vendor/laravel/framework/src/Illuminate/Container/BoundMethod.php(36): App\\Livewire\\Dashboard\\Settings\\SettingsIndex->mount()
#11 /Users/rifkinasss/Documents/workspace/Startup/NasLabs/internal-projects/Blog/vendor/laravel/framework/src/Illuminate/Container/Util.php(43): Illuminate\\Container\\BoundMethod::{closure:Illuminate\\Container\\BoundMethod::call():35}()
#12 /Users/rifkinasss/Documents/workspace/Startup/NasLabs/internal-projects/Blog/vendor/laravel/framework/src/Illuminate/Container/BoundMethod.php(96): Illuminate\\Container\\Util::unwrapIfClosure(Object(Closure))
#13 /Users/rifkinasss/Documents/workspace/Startup/NasLabs/internal-projects/Blog/vendor/laravel/framework/src/Illuminate/Container/BoundMethod.php(35): Illuminate\\Container\\BoundMethod::callBoundMethod(Object(Illuminate\\Foundation\\Application), Array, Object(Closure))
#14 /Users/rifkinasss/Documents/workspace/Startup/NasLabs/internal-projects/Blog/vendor/livewire/livewire/src/Wrapped.php(23): Illuminate\\Container\\BoundMethod::call(Object(Illuminate\\Foundation\\Application), Array, Array)
#15 /Users/rifkinasss/Documents/workspace/Startup/NasLabs/internal-projects/Blog/vendor/livewire/livewire/src/Features/SupportLifecycleHooks/SupportLifecycleHooks.php(175): Livewire\\Wrapped->__call('mount', Array)
#16 /Users/rifkinasss/Documents/workspace/Startup/NasLabs/internal-projects/Blog/vendor/livewire/livewire/src/Features/SupportLifecycleHooks/SupportLifecycleHooks.php(34): Livewire\\Features\\SupportLifecycleHooks\\SupportLifecycleHooks->callHook('mount', Array)
#17 /Users/rifkinasss/Documents/workspace/Startup/NasLabs/internal-projects/Blog/vendor/livewire/livewire/src/ComponentHook.php(19): Livewire\\Features\\SupportLifecycleHooks\\SupportLifecycleHooks->mount(Array, false, Array)
#18 /Users/rifkinasss/Documents/workspace/Startup/NasLabs/internal-projects/Blog/vendor/livewire/livewire/src/ComponentHookRegistry.php(45): Livewire\\ComponentHook->callMount(Array, false, Array)
#19 /Users/rifkinasss/Documents/workspace/Startup/NasLabs/internal-projects/Blog/vendor/livewire/livewire/src/EventBus.php(87): Livewire\\ComponentHookRegistry::{closure:Livewire\\ComponentHookRegistry::boot():39}(Object(App\\Livewire\\Dashboard\\Settings\\SettingsIndex), Array, NULL, false, Array)
#20 /Users/rifkinasss/Documents/workspace/Startup/NasLabs/internal-projects/Blog/vendor/livewire/livewire/src/helpers.php(98): Livewire\\EventBus->trigger('mount', Object(App\\Livewire\\Dashboard\\Settings\\SettingsIndex), Array, NULL, false, Array)
#21 /Users/rifkinasss/Documents/workspace/Startup/NasLabs/internal-projects/Blog/vendor/livewire/livewire/src/Mechanisms/HandleComponents/HandleComponents.php(61): Livewire\\trigger('mount', Object(App\\Livewire\\Dashboard\\Settings\\SettingsIndex), Array, NULL, false, Array)
#22 /Users/rifkinasss/Documents/workspace/Startup/NasLabs/internal-projects/Blog/vendor/livewire/livewire/src/LivewireManager.php(103): Livewire\\Mechanisms\\HandleComponents\\HandleComponents->mount('App\\\\Livewire\\\\Da...', Array, NULL, Array)
#23 /Users/rifkinasss/Documents/workspace/Startup/NasLabs/internal-projects/Blog/vendor/livewire/livewire/src/Features/SupportPageComponents/HandlesPageComponents.php(19): Livewire\\LivewireManager->mount('App\\\\Livewire\\\\Da...', Array)
#24 /Users/rifkinasss/Documents/workspace/Startup/NasLabs/internal-projects/Blog/vendor/livewire/livewire/src/Features/SupportPageComponents/SupportPageComponents.php(119): Livewire\\Component->{closure:Livewire\\Features\\SupportPageComponents\\HandlesPageComponents::__invoke():14}()
#25 /Users/rifkinasss/Documents/workspace/Startup/NasLabs/internal-projects/Blog/vendor/livewire/livewire/src/Features/SupportPageComponents/HandlesPageComponents.php(14): Livewire\\Features\\SupportPageComponents\\SupportPageComponents::interceptTheRenderOfTheComponentAndRetreiveTheLayoutConfiguration(Object(Closure))
#26 /Users/rifkinasss/Documents/workspace/Startup/NasLabs/internal-projects/Blog/vendor/laravel/framework/src/Illuminate/Routing/ControllerDispatcher.php(46): Livewire\\Component->__invoke()
#27 /Users/rifkinasss/Documents/workspace/Startup/NasLabs/internal-projects/Blog/vendor/laravel/framework/src/Illuminate/Routing/Route.php(276): Illuminate\\Routing\\ControllerDispatcher->dispatch(Object(Illuminate\\Routing\\Route), Object(App\\Livewire\\Dashboard\\Settings\\SettingsIndex), '__invoke')
#28 /Users/rifkinasss/Documents/workspace/Startup/NasLabs/internal-projects/Blog/vendor/laravel/framework/src/Illuminate/Routing/Route.php(216): Illuminate\\Routing\\Route->runController()
#29 /Users/rifkinasss/Documents/workspace/Startup/NasLabs/internal-projects/Blog/vendor/laravel/framework/src/Illuminate/Routing/Router.php(822): Illuminate\\Routing\\Route->run()
#30 /Users/rifkinasss/Documents/workspace/Startup/NasLabs/internal-projects/Blog/vendor/laravel/framework/src/Illuminate/Pipeline/Pipeline.php(180): Illuminate\\Routing\\Router->{closure:Illuminate\\Routing\\Router::runRouteWithinStack():821}(Object(Illuminate\\Http\\Request))
#31 /Users/rifkinasss/Documents/workspace/Startup/NasLabs/internal-projects/Blog/vendor/laravel/framework/src/Illuminate/Http/Middleware/AddLinkHeadersForPreloadedAssets.php(32): Illuminate\\Pipeline\\Pipeline->{closure:Illuminate\\Pipeline\\Pipeline::prepareDestination():178}(Object(Illuminate\\Http\\Request))
#32 /Users/rifkinasss/Documents/workspace/Startup/NasLabs/internal-projects/Blog/vendor/laravel/framework/src/Illuminate/Pipeline/Pipeline.php(219): Illuminate\\Http\\Middleware\\AddLinkHeadersForPreloadedAssets->handle(Object(Illuminate\\Http\\Request), Object(Closure))
#33 /Users/rifkinasss/Documents/workspace/Startup/NasLabs/internal-projects/Blog/vendor/laravel/framework/src/Illuminate/Routing/Middleware/SubstituteBindings.php(52): Illuminate\\Pipeline\\Pipeline->{closure:{closure:Illuminate\\Pipeline\\Pipeline::carry():194}:195}(Object(Illuminate\\Http\\Request))
#34 /Users/rifkinasss/Documents/workspace/Startup/NasLabs/internal-projects/Blog/vendor/laravel/framework/src/Illuminate/Pipeline/Pipeline.php(219): Illuminate\\Routing\\Middleware\\SubstituteBindings->handle(Object(Illuminate\\Http\\Request), Object(Closure))
#35 /Users/rifkinasss/Documents/workspace/Startup/NasLabs/internal-projects/Blog/vendor/laravel/framework/src/Illuminate/Auth/Middleware/Authenticate.php(63): Illuminate\\Pipeline\\Pipeline->{closure:{closure:Illuminate\\Pipeline\\Pipeline::carry():194}:195}(Object(Illuminate\\Http\\Request))
#36 /Users/rifkinasss/Documents/workspace/Startup/NasLabs/internal-projects/Blog/vendor/laravel/framework/src/Illuminate/Pipeline/Pipeline.php(219): Illuminate\\Auth\\Middleware\\Authenticate->handle(Object(Illuminate\\Http\\Request), Object(Closure))
#37 /Users/rifkinasss/Documents/workspace/Startup/NasLabs/internal-projects/Blog/vendor/laravel/framework/src/Illuminate/Foundation/Http/Middleware/PreventRequestForgery.php(104): Illuminate\\Pipeline\\Pipeline->{closure:{closure:Illuminate\\Pipeline\\Pipeline::carry():194}:195}(Object(Illuminate\\Http\\Request))
#38 /Users/rifkinasss/Documents/workspace/Startup/NasLabs/internal-projects/Blog/vendor/laravel/framework/src/Illuminate/Pipeline/Pipeline.php(219): Illuminate\\Foundation\\Http\\Middleware\\PreventRequestForgery->handle(Object(Illuminate\\Http\\Request), Object(Closure))
#39 /Users/rifkinasss/Documents/workspace/Startup/NasLabs/internal-projects/Blog/vendor/laravel/framework/src/Illuminate/View/Middleware/ShareErrorsFromSession.php(48): Illuminate\\Pipeline\\Pipeline->{closure:{closure:Illuminate\\Pipeline\\Pipeline::carry():194}:195}(Object(Illuminate\\Http\\Request))
#40 /Users/rifkinasss/Documents/workspace/Startup/NasLabs/internal-projects/Blog/vendor/laravel/framework/src/Illuminate/Pipeline/Pipeline.php(219): Illuminate\\View\\Middleware\\ShareErrorsFromSession->handle(Object(Illuminate\\Http\\Request), Object(Closure))
#41 /Users/rifkinasss/Documents/workspace/Startup/NasLabs/internal-projects/Blog/vendor/laravel/framework/src/Illuminate/Session/Middleware/StartSession.php(120): Illuminate\\Pipeline\\Pipeline->{closure:{closure:Illuminate\\Pipeline\\Pipeline::carry():194}:195}(Object(Illuminate\\Http\\Request))
#42 /Users/rifkinasss/Documents/workspace/Startup/NasLabs/internal-projects/Blog/vendor/laravel/framework/src/Illuminate/Session/Middleware/StartSession.php(63): Illuminate\\Session\\Middleware\\StartSession->handleStatefulRequest(Object(Illuminate\\Http\\Request), Object(Illuminate\\Session\\Store), Object(Closure))
#43 /Users/rifkinasss/Documents/workspace/Startup/NasLabs/internal-projects/Blog/vendor/laravel/framework/src/Illuminate/Pipeline/Pipeline.php(219): Illuminate\\Session\\Middleware\\StartSession->handle(Object(Illuminate\\Http\\Request), Object(Closure))
#44 /Users/rifkinasss/Documents/workspace/Startup/NasLabs/internal-projects/Blog/vendor/laravel/framework/src/Illuminate/Cookie/Middleware/AddQueuedCookiesToResponse.php(36): Illuminate\\Pipeline\\Pipeline->{closure:{closure:Illuminate\\Pipeline\\Pipeline::carry():194}:195}(Object(Illuminate\\Http\\Request))
#45 /Users/rifkinasss/Documents/workspace/Startup/NasLabs/internal-projects/Blog/vendor/laravel/framework/src/Illuminate/Pipeline/Pipeline.php(219): Illuminate\\Cookie\\Middleware\\AddQueuedCookiesToResponse->handle(Object(Illuminate\\Http\\Request), Object(Closure))
#46 /Users/rifkinasss/Documents/workspace/Startup/NasLabs/internal-projects/Blog/vendor/laravel/framework/src/Illuminate/Cookie/Middleware/EncryptCookies.php(74): Illuminate\\Pipeline\\Pipeline->{closure:{closure:Illuminate\\Pipeline\\Pipeline::carry():194}:195}(Object(Illuminate\\Http\\Request))
#47 /Users/rifkinasss/Documents/workspace/Startup/NasLabs/internal-projects/Blog/vendor/laravel/framework/src/Illuminate/Pipeline/Pipeline.php(219): Illuminate\\Cookie\\Middleware\\EncryptCookies->handle(Object(Illuminate\\Http\\Request), Object(Closure))
#48 /Users/rifkinasss/Documents/workspace/Startup/NasLabs/internal-projects/Blog/vendor/laravel/framework/src/Illuminate/Pipeline/Pipeline.php(137): Illuminate\\Pipeline\\Pipeline->{closure:{closure:Illuminate\\Pipeline\\Pipeline::carry():194}:195}(Object(Illuminate\\Http\\Request))
#49 /Users/rifkinasss/Documents/workspace/Startup/NasLabs/internal-projects/Blog/vendor/laravel/framework/src/Illuminate/Routing/Router.php(821): Illuminate\\Pipeline\\Pipeline->then(Object(Closure))
#50 /Users/rifkinasss/Documents/workspace/Startup/NasLabs/internal-projects/Blog/vendor/laravel/framework/src/Illuminate/Routing/Router.php(800): Illuminate\\Routing\\Router->runRouteWithinStack(Object(Illuminate\\Routing\\Route), Object(Illuminate\\Http\\Request))
#51 /Users/rifkinasss/Documents/workspace/Startup/NasLabs/internal-projects/Blog/vendor/laravel/framework/src/Illuminate/Routing/Router.php(764): Illuminate\\Routing\\Router->runRoute(Object(Illuminate\\Http\\Request), Object(Illuminate\\Routing\\Route))
#52 /Users/rifkinasss/Documents/workspace/Startup/NasLabs/internal-projects/Blog/vendor/laravel/framework/src/Illuminate/Routing/Router.php(753): Illuminate\\Routing\\Router->dispatchToRoute(Object(Illuminate\\Http\\Request))
#53 /Users/rifkinasss/Documents/workspace/Startup/NasLabs/internal-projects/Blog/vendor/laravel/framework/src/Illuminate/Foundation/Http/Kernel.php(200): Illuminate\\Routing\\Router->dispatch(Object(Illuminate\\Http\\Request))
#54 /Users/rifkinasss/Documents/workspace/Startup/NasLabs/internal-projects/Blog/vendor/laravel/framework/src/Illuminate/Pipeline/Pipeline.php(180): Illuminate\\Foundation\\Http\\Kernel->{closure:Illuminate\\Foundation\\Http\\Kernel::dispatchToRouter():197}(Object(Illuminate\\Http\\Request))
#55 /Users/rifkinasss/Documents/workspace/Startup/NasLabs/internal-projects/Blog/vendor/livewire/livewire/src/Features/SupportDisablingBackButtonCache/DisableBackButtonCacheMiddleware.php(19): Illuminate\\Pipeline\\Pipeline->{closure:Illuminate\\Pipeline\\Pipeline::prepareDestination():178}(Object(Illuminate\\Http\\Request))
#56 /Users/rifkinasss/Documents/workspace/Startup/NasLabs/internal-projects/Blog/vendor/laravel/framework/src/Illuminate/Pipeline/Pipeline.php(219): Livewire\\Features\\SupportDisablingBackButtonCache\\DisableBackButtonCacheMiddleware->handle(Object(Illuminate\\Http\\Request), Object(Closure))
#57 /Users/rifkinasss/Documents/workspace/Startup/NasLabs/internal-projects/Blog/vendor/laravel/framework/src/Illuminate/Foundation/Http/Middleware/TransformsRequest.php(21): Illuminate\\Pipeline\\Pipeline->{closure:{closure:Illuminate\\Pipeline\\Pipeline::carry():194}:195}(Object(Illuminate\\Http\\Request))
#58 /Users/rifkinasss/Documents/workspace/Startup/NasLabs/internal-projects/Blog/vendor/laravel/framework/src/Illuminate/Foundation/Http/Middleware/ConvertEmptyStringsToNull.php(31): Illuminate\\Foundation\\Http\\Middleware\\TransformsRequest->handle(Object(Illuminate\\Http\\Request), Object(Closure))
#59 /Users/rifkinasss/Documents/workspace/Startup/NasLabs/internal-projects/Blog/vendor/laravel/framework/src/Illuminate/Pipeline/Pipeline.php(219): Illuminate\\Foundation\\Http\\Middleware\\ConvertEmptyStringsToNull->handle(Object(Illuminate\\Http\\Request), Object(Closure))
#60 /Users/rifkinasss/Documents/workspace/Startup/NasLabs/internal-projects/Blog/vendor/laravel/framework/src/Illuminate/Foundation/Http/Middleware/TransformsRequest.php(21): Illuminate\\Pipeline\\Pipeline->{closure:{closure:Illuminate\\Pipeline\\Pipeline::carry():194}:195}(Object(Illuminate\\Http\\Request))
#61 /Users/rifkinasss/Documents/workspace/Startup/NasLabs/internal-projects/Blog/vendor/laravel/framework/src/Illuminate/Foundation/Http/Middleware/TrimStrings.php(51): Illuminate\\Foundation\\Http\\Middleware\\TransformsRequest->handle(Object(Illuminate\\Http\\Request), Object(Closure))
#62 /Users/rifkinasss/Documents/workspace/Startup/NasLabs/internal-projects/Blog/vendor/laravel/framework/src/Illuminate/Pipeline/Pipeline.php(219): Illuminate\\Foundation\\Http\\Middleware\\TrimStrings->handle(Object(Illuminate\\Http\\Request), Object(Closure))
#63 /Users/rifkinasss/Documents/workspace/Startup/NasLabs/internal-projects/Blog/vendor/laravel/framework/src/Illuminate/Http/Middleware/ValidatePostSize.php(27): Illuminate\\Pipeline\\Pipeline->{closure:{closure:Illuminate\\Pipeline\\Pipeline::carry():194}:195}(Object(Illuminate\\Http\\Request))
#64 /Users/rifkinasss/Documents/workspace/Startup/NasLabs/internal-projects/Blog/vendor/laravel/framework/src/Illuminate/Pipeline/Pipeline.php(219): Illuminate\\Http\\Middleware\\ValidatePostSize->handle(Object(Illuminate\\Http\\Request), Object(Closure))
#65 /Users/rifkinasss/Documents/workspace/Startup/NasLabs/internal-projects/Blog/vendor/laravel/framework/src/Illuminate/Foundation/Http/Middleware/PreventRequestsDuringMaintenance.php(110): Illuminate\\Pipeline\\Pipeline->{closure:{closure:Illuminate\\Pipeline\\Pipeline::carry():194}:195}(Object(Illuminate\\Http\\Request))
#66 /Users/rifkinasss/Documents/workspace/Startup/NasLabs/internal-projects/Blog/vendor/laravel/framework/src/Illuminate/Pipeline/Pipeline.php(219): Illuminate\\Foundation\\Http\\Middleware\\PreventRequestsDuringMaintenance->handle(Object(Illuminate\\Http\\Request), Object(Closure))
#67 /Users/rifkinasss/Documents/workspace/Startup/NasLabs/internal-projects/Blog/vendor/laravel/framework/src/Illuminate/Http/Middleware/HandleCors.php(61): Illuminate\\Pipeline\\Pipeline->{closure:{closure:Illuminate\\Pipeline\\Pipeline::carry():194}:195}(Object(Illuminate\\Http\\Request))
#68 /Users/rifkinasss/Documents/workspace/Startup/NasLabs/internal-projects/Blog/vendor/laravel/framework/src/Illuminate/Pipeline/Pipeline.php(219): Illuminate\\Http\\Middleware\\HandleCors->handle(Object(Illuminate\\Http\\Request), Object(Closure))
#69 /Users/rifkinasss/Documents/workspace/Startup/NasLabs/internal-projects/Blog/vendor/laravel/framework/src/Illuminate/Http/Middleware/TrustProxies.php(58): Illuminate\\Pipeline\\Pipeline->{closure:{closure:Illuminate\\Pipeline\\Pipeline::carry():194}:195}(Object(Illuminate\\Http\\Request))
#70 /Users/rifkinasss/Documents/workspace/Startup/NasLabs/internal-projects/Blog/vendor/laravel/framework/src/Illuminate/Pipeline/Pipeline.php(219): Illuminate\\Http\\Middleware\\TrustProxies->handle(Object(Illuminate\\Http\\Request), Object(Closure))
#71 /Users/rifkinasss/Documents/workspace/Startup/NasLabs/internal-projects/Blog/vendor/laravel/framework/src/Illuminate/Foundation/Http/Middleware/InvokeDeferredCallbacks.php(22): Illuminate\\Pipeline\\Pipeline->{closure:{closure:Illuminate\\Pipeline\\Pipeline::carry():194}:195}(Object(Illuminate\\Http\\Request))
#72 /Users/rifkinasss/Documents/workspace/Startup/NasLabs/internal-projects/Blog/vendor/laravel/framework/src/Illuminate/Pipeline/Pipeline.php(219): Illuminate\\Foundation\\Http\\Middleware\\InvokeDeferredCallbacks->handle(Object(Illuminate\\Http\\Request), Object(Closure))
#73 /Users/rifkinasss/Documents/workspace/Startup/NasLabs/internal-projects/Blog/vendor/laravel/framework/src/Illuminate/Http/Middleware/ValidatePathEncoding.php(28): Illuminate\\Pipeline\\Pipeline->{closure:{closure:Illuminate\\Pipeline\\Pipeline::carry():194}:195}(Object(Illuminate\\Http\\Request))
#74 /Users/rifkinasss/Documents/workspace/Startup/NasLabs/internal-projects/Blog/vendor/laravel/framework/src/Illuminate/Pipeline/Pipeline.php(219): Illuminate\\Http\\Middleware\\ValidatePathEncoding->handle(Object(Illuminate\\Http\\Request), Object(Closure))
#75 /Users/rifkinasss/Documents/workspace/Startup/NasLabs/internal-projects/Blog/vendor/laravel/framework/src/Illuminate/Pipeline/Pipeline.php(137): Illuminate\\Pipeline\\Pipeline->{closure:{closure:Illuminate\\Pipeline\\Pipeline::carry():194}:195}(Object(Illuminate\\Http\\Request))
#76 /Users/rifkinasss/Documents/workspace/Startup/NasLabs/internal-projects/Blog/vendor/laravel/framework/src/Illuminate/Foundation/Http/Kernel.php(175): Illuminate\\Pipeline\\Pipeline->then(Object(Closure))
#77 /Users/rifkinasss/Documents/workspace/Startup/NasLabs/internal-projects/Blog/vendor/laravel/framework/src/Illuminate/Foundation/Http/Kernel.php(144): Illuminate\\Foundation\\Http\\Kernel->sendRequestThroughRouter(Object(Illuminate\\Http\\Request))
#78 /Users/rifkinasss/Documents/workspace/Startup/NasLabs/internal-projects/Blog/vendor/laravel/framework/src/Illuminate/Foundation/Application.php(1227): Illuminate\\Foundation\\Http\\Kernel->handle(Object(Illuminate\\Http\\Request))
#79 /Users/rifkinasss/Documents/workspace/Startup/NasLabs/internal-projects/Blog/public/index.php(20): Illuminate\\Foundation\\Application->handleRequest(Object(Illuminate\\Http\\Request))
#80 /Users/rifkinasss/Documents/workspace/Startup/NasLabs/internal-projects/Blog/vendor/laravel/framework/src/Illuminate/Foundation/resources/server.php(23): require_once('/Users/rifkinas...')
#81 {main}

[previous exception] [object] (PDOException(code: 42P01): SQLSTATE[42P01]: Undefined table: 7 ERROR:  relation \"site_settings\" does not exist
LINE 1: select \"value\" from \"site_settings\" where \"key\" = $1 limit 1
                            ^ at /Users/rifkinasss/Documents/workspace/Startup/NasLabs/internal-projects/Blog/vendor/laravel/framework/src/Illuminate/Database/Connection.php:440)
[stacktrace]
#0 /Users/rifkinasss/Documents/workspace/Startup/NasLabs/internal-projects/Blog/vendor/laravel/framework/src/Illuminate/Database/Connection.php(440): PDOStatement->execute()
#1 /Users/rifkinasss/Documents/workspace/Startup/NasLabs/internal-projects/Blog/vendor/laravel/framework/src/Illuminate/Database/Connection.php(846): Illuminate\\Database\\Connection->{closure:Illuminate\\Database\\Connection::select():426}('select \"value\" ...', Array)
#2 /Users/rifkinasss/Documents/workspace/Startup/NasLabs/internal-projects/Blog/vendor/laravel/framework/src/Illuminate/Database/Connection.php(813): Illuminate\\Database\\Connection->runQueryCallback('select \"value\" ...', Array, Object(Closure))
#3 /Users/rifkinasss/Documents/workspace/Startup/NasLabs/internal-projects/Blog/vendor/laravel/framework/src/Illuminate/Database/Connection.php(426): Illuminate\\Database\\Connection->run('select \"value\" ...', Array, Object(Closure))
#4 /Users/rifkinasss/Documents/workspace/Startup/NasLabs/internal-projects/Blog/vendor/laravel/framework/src/Illuminate/Database/Query/Builder.php(3629): Illuminate\\Database\\Connection->select('select \"value\" ...', Array, true, Array)
#5 /Users/rifkinasss/Documents/workspace/Startup/NasLabs/internal-projects/Blog/vendor/laravel/framework/src/Illuminate/Database/Query/Builder.php(3613): Illuminate\\Database\\Query\\Builder->runSelect()
#6 /Users/rifkinasss/Documents/workspace/Startup/NasLabs/internal-projects/Blog/vendor/laravel/framework/src/Illuminate/Database/Eloquent/Builder.php(931): Illuminate\\Database\\Query\\Builder->get(Array)
#7 /Users/rifkinasss/Documents/workspace/Startup/NasLabs/internal-projects/Blog/vendor/laravel/framework/src/Illuminate/Database/Eloquent/Builder.php(913): Illuminate\\Database\\Eloquent\\Builder->getModels(Array)
#8 /Users/rifkinasss/Documents/workspace/Startup/NasLabs/internal-projects/Blog/vendor/laravel/framework/src/Illuminate/Database/Concerns/BuildsQueries.php(408): Illuminate\\Database\\Eloquent\\Builder->get(Array)
#9 /Users/rifkinasss/Documents/workspace/Startup/NasLabs/internal-projects/Blog/vendor/laravel/framework/src/Illuminate/Database/Eloquent/Builder.php(862): Illuminate\\Database\\Eloquent\\Builder->first(Array)
#10 /Users/rifkinasss/Documents/workspace/Startup/NasLabs/internal-projects/Blog/app/Models/SiteSetting.php(13): Illuminate\\Database\\Eloquent\\Builder->value('value')
#11 /Users/rifkinasss/Documents/workspace/Startup/NasLabs/internal-projects/Blog/app/Livewire/Dashboard/Settings/SettingsIndex.php(29): App\\Models\\SiteSetting::value('site_name', 'NasLabs Journal')
#12 /Users/rifkinasss/Documents/workspace/Startup/NasLabs/internal-projects/Blog/vendor/laravel/framework/src/Illuminate/Container/BoundMethod.php(36): App\\Livewire\\Dashboard\\Settings\\SettingsIndex->mount()
#13 /Users/rifkinasss/Documents/workspace/Startup/NasLabs/internal-projects/Blog/vendor/laravel/framework/src/Illuminate/Container/Util.php(43): Illuminate\\Container\\BoundMethod::{closure:Illuminate\\Container\\BoundMethod::call():35}()
#14 /Users/rifkinasss/Documents/workspace/Startup/NasLabs/internal-projects/Blog/vendor/laravel/framework/src/Illuminate/Container/BoundMethod.php(96): Illuminate\\Container\\Util::unwrapIfClosure(Object(Closure))
#15 /Users/rifkinasss/Documents/workspace/Startup/NasLabs/internal-projects/Blog/vendor/laravel/framework/src/Illuminate/Container/BoundMethod.php(35): Illuminate\\Container\\BoundMethod::callBoundMethod(Object(Illuminate\\Foundation\\Application), Array, Object(Closure))
#16 /Users/rifkinasss/Documents/workspace/Startup/NasLabs/internal-projects/Blog/vendor/livewire/livewire/src/Wrapped.php(23): Illuminate\\Container\\BoundMethod::call(Object(Illuminate\\Foundation\\Application), Array, Array)
#17 /Users/rifkinasss/Documents/workspace/Startup/NasLabs/internal-projects/Blog/vendor/livewire/livewire/src/Features/SupportLifecycleHooks/SupportLifecycleHooks.php(175): Livewire\\Wrapped->__call('mount', Array)
#18 /Users/rifkinasss/Documents/workspace/Startup/NasLabs/internal-projects/Blog/vendor/livewire/livewire/src/Features/SupportLifecycleHooks/SupportLifecycleHooks.php(34): Livewire\\Features\\SupportLifecycleHooks\\SupportLifecycleHooks->callHook('mount', Array)
#19 /Users/rifkinasss/Documents/workspace/Startup/NasLabs/internal-projects/Blog/vendor/livewire/livewire/src/ComponentHook.php(19): Livewire\\Features\\SupportLifecycleHooks\\SupportLifecycleHooks->mount(Array, false, Array)
#20 /Users/rifkinasss/Documents/workspace/Startup/NasLabs/internal-projects/Blog/vendor/livewire/livewire/src/ComponentHookRegistry.php(45): Livewire\\ComponentHook->callMount(Array, false, Array)
#21 /Users/rifkinasss/Documents/workspace/Startup/NasLabs/internal-projects/Blog/vendor/livewire/livewire/src/EventBus.php(87): Livewire\\ComponentHookRegistry::{closure:Livewire\\ComponentHookRegistry::boot():39}(Object(App\\Livewire\\Dashboard\\Settings\\SettingsIndex), Array, NULL, false, Array)
#22 /Users/rifkinasss/Documents/workspace/Startup/NasLabs/internal-projects/Blog/vendor/livewire/livewire/src/helpers.php(98): Livewire\\EventBus->trigger('mount', Object(App\\Livewire\\Dashboard\\Settings\\SettingsIndex), Array, NULL, false, Array)
#23 /Users/rifkinasss/Documents/workspace/Startup/NasLabs/internal-projects/Blog/vendor/livewire/livewire/src/Mechanisms/HandleComponents/HandleComponents.php(61): Livewire\\trigger('mount', Object(App\\Livewire\\Dashboard\\Settings\\SettingsIndex), Array, NULL, false, Array)
#24 /Users/rifkinasss/Documents/workspace/Startup/NasLabs/internal-projects/Blog/vendor/livewire/livewire/src/LivewireManager.php(103): Livewire\\Mechanisms\\HandleComponents\\HandleComponents->mount('App\\\\Livewire\\\\Da...', Array, NULL, Array)
#25 /Users/rifkinasss/Documents/workspace/Startup/NasLabs/internal-projects/Blog/vendor/livewire/livewire/src/Features/SupportPageComponents/HandlesPageComponents.php(19): Livewire\\LivewireManager->mount('App\\\\Livewire\\\\Da...', Array)
#26 /Users/rifkinasss/Documents/workspace/Startup/NasLabs/internal-projects/Blog/vendor/livewire/livewire/src/Features/SupportPageComponents/SupportPageComponents.php(119): Livewire\\Component->{closure:Livewire\\Features\\SupportPageComponents\\HandlesPageComponents::__invoke():14}()
#27 /Users/rifkinasss/Documents/workspace/Startup/NasLabs/internal-projects/Blog/vendor/livewire/livewire/src/Features/SupportPageComponents/HandlesPageComponents.php(14): Livewire\\Features\\SupportPageComponents\\SupportPageComponents::interceptTheRenderOfTheComponentAndRetreiveTheLayoutConfiguration(Object(Closure))
#28 /Users/rifkinasss/Documents/workspace/Startup/NasLabs/internal-projects/Blog/vendor/laravel/framework/src/Illuminate/Routing/ControllerDispatcher.php(46): Livewire\\Component->__invoke()
#29 /Users/rifkinasss/Documents/workspace/Startup/NasLabs/internal-projects/Blog/vendor/laravel/framework/src/Illuminate/Routing/Route.php(276): Illuminate\\Routing\\ControllerDispatcher->dispatch(Object(Illuminate\\Routing\\Route), Object(App\\Livewire\\Dashboard\\Settings\\SettingsIndex), '__invoke')
#30 /Users/rifkinasss/Documents/workspace/Startup/NasLabs/internal-projects/Blog/vendor/laravel/framework/src/Illuminate/Routing/Route.php(216): Illuminate\\Routing\\Route->runController()
#31 /Users/rifkinasss/Documents/workspace/Startup/NasLabs/internal-projects/Blog/vendor/laravel/framework/src/Illuminate/Routing/Router.php(822): Illuminate\\Routing\\Route->run()
#32 /Users/rifkinasss/Documents/workspace/Startup/NasLabs/internal-projects/Blog/vendor/laravel/framework/src/Illuminate/Pipeline/Pipeline.php(180): Illuminate\\Routing\\Router->{closure:Illuminate\\Routing\\Router::runRouteWithinStack():821}(Object(Illuminate\\Http\\Request))
#33 /Users/rifkinasss/Documents/workspace/Startup/NasLabs/internal-projects/Blog/vendor/laravel/framework/src/Illuminate/Http/Middleware/AddLinkHeadersForPreloadedAssets.php(32): Illuminate\\Pipeline\\Pipeline->{closure:Illuminate\\Pipeline\\Pipeline::prepareDestination():178}(Object(Illuminate\\Http\\Request))
#34 /Users/rifkinasss/Documents/workspace/Startup/NasLabs/internal-projects/Blog/vendor/laravel/framework/src/Illuminate/Pipeline/Pipeline.php(219): Illuminate\\Http\\Middleware\\AddLinkHeadersForPreloadedAssets->handle(Object(Illuminate\\Http\\Request), Object(Closure))
#35 /Users/rifkinasss/Documents/workspace/Startup/NasLabs/internal-projects/Blog/vendor/laravel/framework/src/Illuminate/Routing/Middleware/SubstituteBindings.php(52): Illuminate\\Pipeline\\Pipeline->{closure:{closure:Illuminate\\Pipeline\\Pipeline::carry():194}:195}(Object(Illuminate\\Http\\Request))
#36 /Users/rifkinasss/Documents/workspace/Startup/NasLabs/internal-projects/Blog/vendor/laravel/framework/src/Illuminate/Pipeline/Pipeline.php(219): Illuminate\\Routing\\Middleware\\SubstituteBindings->handle(Object(Illuminate\\Http\\Request), Object(Closure))
#37 /Users/rifkinasss/Documents/workspace/Startup/NasLabs/internal-projects/Blog/vendor/laravel/framework/src/Illuminate/Auth/Middleware/Authenticate.php(63): Illuminate\\Pipeline\\Pipeline->{closure:{closure:Illuminate\\Pipeline\\Pipeline::carry():194}:195}(Object(Illuminate\\Http\\Request))
#38 /Users/rifkinasss/Documents/workspace/Startup/NasLabs/internal-projects/Blog/vendor/laravel/framework/src/Illuminate/Pipeline/Pipeline.php(219): Illuminate\\Auth\\Middleware\\Authenticate->handle(Object(Illuminate\\Http\\Request), Object(Closure))
#39 /Users/rifkinasss/Documents/workspace/Startup/NasLabs/internal-projects/Blog/vendor/laravel/framework/src/Illuminate/Foundation/Http/Middleware/PreventRequestForgery.php(104): Illuminate\\Pipeline\\Pipeline->{closure:{closure:Illuminate\\Pipeline\\Pipeline::carry():194}:195}(Object(Illuminate\\Http\\Request))
#40 /Users/rifkinasss/Documents/workspace/Startup/NasLabs/internal-projects/Blog/vendor/laravel/framework/src/Illuminate/Pipeline/Pipeline.php(219): Illuminate\\Foundation\\Http\\Middleware\\PreventRequestForgery->handle(Object(Illuminate\\Http\\Request), Object(Closure))
#41 /Users/rifkinasss/Documents/workspace/Startup/NasLabs/internal-projects/Blog/vendor/laravel/framework/src/Illuminate/View/Middleware/ShareErrorsFromSession.php(48): Illuminate\\Pipeline\\Pipeline->{closure:{closure:Illuminate\\Pipeline\\Pipeline::carry():194}:195}(Object(Illuminate\\Http\\Request))
#42 /Users/rifkinasss/Documents/workspace/Startup/NasLabs/internal-projects/Blog/vendor/laravel/framework/src/Illuminate/Pipeline/Pipeline.php(219): Illuminate\\View\\Middleware\\ShareErrorsFromSession->handle(Object(Illuminate\\Http\\Request), Object(Closure))
#43 /Users/rifkinasss/Documents/workspace/Startup/NasLabs/internal-projects/Blog/vendor/laravel/framework/src/Illuminate/Session/Middleware/StartSession.php(120): Illuminate\\Pipeline\\Pipeline->{closure:{closure:Illuminate\\Pipeline\\Pipeline::carry():194}:195}(Object(Illuminate\\Http\\Request))
#44 /Users/rifkinasss/Documents/workspace/Startup/NasLabs/internal-projects/Blog/vendor/laravel/framework/src/Illuminate/Session/Middleware/StartSession.php(63): Illuminate\\Session\\Middleware\\StartSession->handleStatefulRequest(Object(Illuminate\\Http\\Request), Object(Illuminate\\Session\\Store), Object(Closure))
#45 /Users/rifkinasss/Documents/workspace/Startup/NasLabs/internal-projects/Blog/vendor/laravel/framework/src/Illuminate/Pipeline/Pipeline.php(219): Illuminate\\Session\\Middleware\\StartSession->handle(Object(Illuminate\\Http\\Request), Object(Closure))
#46 /Users/rifkinasss/Documents/workspace/Startup/NasLabs/internal-projects/Blog/vendor/laravel/framework/src/Illuminate/Cookie/Middleware/AddQueuedCookiesToResponse.php(36): Illuminate\\Pipeline\\Pipeline->{closure:{closure:Illuminate\\Pipeline\\Pipeline::carry():194}:195}(Object(Illuminate\\Http\\Request))
#47 /Users/rifkinasss/Documents/workspace/Startup/NasLabs/internal-projects/Blog/vendor/laravel/framework/src/Illuminate/Pipeline/Pipeline.php(219): Illuminate\\Cookie\\Middleware\\AddQueuedCookiesToResponse->handle(Object(Illuminate\\Http\\Request), Object(Closure))
#48 /Users/rifkinasss/Documents/workspace/Startup/NasLabs/internal-projects/Blog/vendor/laravel/framework/src/Illuminate/Cookie/Middleware/EncryptCookies.php(74): Illuminate\\Pipeline\\Pipeline->{closure:{closure:Illuminate\\Pipeline\\Pipeline::carry():194}:195}(Object(Illuminate\\Http\\Request))
#49 /Users/rifkinasss/Documents/workspace/Startup/NasLabs/internal-projects/Blog/vendor/laravel/framework/src/Illuminate/Pipeline/Pipeline.php(219): Illuminate\\Cookie\\Middleware\\EncryptCookies->handle(Object(Illuminate\\Http\\Request), Object(Closure))
#50 /Users/rifkinasss/Documents/workspace/Startup/NasLabs/internal-projects/Blog/vendor/laravel/framework/src/Illuminate/Pipeline/Pipeline.php(137): Illuminate\\Pipeline\\Pipeline->{closure:{closure:Illuminate\\Pipeline\\Pipeline::carry():194}:195}(Object(Illuminate\\Http\\Request))
#51 /Users/rifkinasss/Documents/workspace/Startup/NasLabs/internal-projects/Blog/vendor/laravel/framework/src/Illuminate/Routing/Router.php(821): Illuminate\\Pipeline\\Pipeline->then(Object(Closure))
#52 /Users/rifkinasss/Documents/workspace/Startup/NasLabs/internal-projects/Blog/vendor/laravel/framework/src/Illuminate/Routing/Router.php(800): Illuminate\\Routing\\Router->runRouteWithinStack(Object(Illuminate\\Routing\\Route), Object(Illuminate\\Http\\Request))
#53 /Users/rifkinasss/Documents/workspace/Startup/NasLabs/internal-projects/Blog/vendor/laravel/framework/src/Illuminate/Routing/Router.php(764): Illuminate\\Routing\\Router->runRoute(Object(Illuminate\\Http\\Request), Object(Illuminate\\Routing\\Route))
#54 /Users/rifkinasss/Documents/workspace/Startup/NasLabs/internal-projects/Blog/vendor/laravel/framework/src/Illuminate/Routing/Router.php(753): Illuminate\\Routing\\Router->dispatchToRoute(Object(Illuminate\\Http\\Request))
#55 /Users/rifkinasss/Documents/workspace/Startup/NasLabs/internal-projects/Blog/vendor/laravel/framework/src/Illuminate/Foundation/Http/Kernel.php(200): Illuminate\\Routing\\Router->dispatch(Object(Illuminate\\Http\\Request))
#56 /Users/rifkinasss/Documents/workspace/Startup/NasLabs/internal-projects/Blog/vendor/laravel/framework/src/Illuminate/Pipeline/Pipeline.php(180): Illuminate\\Foundation\\Http\\Kernel->{closure:Illuminate\\Foundation\\Http\\Kernel::dispatchToRouter():197}(Object(Illuminate\\Http\\Request))
#57 /Users/rifkinasss/Documents/workspace/Startup/NasLabs/internal-projects/Blog/vendor/livewire/livewire/src/Features/SupportDisablingBackButtonCache/DisableBackButtonCacheMiddleware.php(19): Illuminate\\Pipeline\\Pipeline->{closure:Illuminate\\Pipeline\\Pipeline::prepareDestination():178}(Object(Illuminate\\Http\\Request))
#58 /Users/rifkinasss/Documents/workspace/Startup/NasLabs/internal-projects/Blog/vendor/laravel/framework/src/Illuminate/Pipeline/Pipeline.php(219): Livewire\\Features\\SupportDisablingBackButtonCache\\DisableBackButtonCacheMiddleware->handle(Object(Illuminate\\Http\\Request), Object(Closure))
#59 /Users/rifkinasss/Documents/workspace/Startup/NasLabs/internal-projects/Blog/vendor/laravel/framework/src/Illuminate/Foundation/Http/Middleware/TransformsRequest.php(21): Illuminate\\Pipeline\\Pipeline->{closure:{closure:Illuminate\\Pipeline\\Pipeline::carry():194}:195}(Object(Illuminate\\Http\\Request))
#60 /Users/rifkinasss/Documents/workspace/Startup/NasLabs/internal-projects/Blog/vendor/laravel/framework/src/Illuminate/Foundation/Http/Middleware/ConvertEmptyStringsToNull.php(31): Illuminate\\Foundation\\Http\\Middleware\\TransformsRequest->handle(Object(Illuminate\\Http\\Request), Object(Closure))
#61 /Users/rifkinasss/Documents/workspace/Startup/NasLabs/internal-projects/Blog/vendor/laravel/framework/src/Illuminate/Pipeline/Pipeline.php(219): Illuminate\\Foundation\\Http\\Middleware\\ConvertEmptyStringsToNull->handle(Object(Illuminate\\Http\\Request), Object(Closure))
#62 /Users/rifkinasss/Documents/workspace/Startup/NasLabs/internal-projects/Blog/vendor/laravel/framework/src/Illuminate/Foundation/Http/Middleware/TransformsRequest.php(21): Illuminate\\Pipeline\\Pipeline->{closure:{closure:Illuminate\\Pipeline\\Pipeline::carry():194}:195}(Object(Illuminate\\Http\\Request))
#63 /Users/rifkinasss/Documents/workspace/Startup/NasLabs/internal-projects/Blog/vendor/laravel/framework/src/Illuminate/Foundation/Http/Middleware/TrimStrings.php(51): Illuminate\\Foundation\\Http\\Middleware\\TransformsRequest->handle(Object(Illuminate\\Http\\Request), Object(Closure))
#64 /Users/rifkinasss/Documents/workspace/Startup/NasLabs/internal-projects/Blog/vendor/laravel/framework/src/Illuminate/Pipeline/Pipeline.php(219): Illuminate\\Foundation\\Http\\Middleware\\TrimStrings->handle(Object(Illuminate\\Http\\Request), Object(Closure))
#65 /Users/rifkinasss/Documents/workspace/Startup/NasLabs/internal-projects/Blog/vendor/laravel/framework/src/Illuminate/Http/Middleware/ValidatePostSize.php(27): Illuminate\\Pipeline\\Pipeline->{closure:{closure:Illuminate\\Pipeline\\Pipeline::carry():194}:195}(Object(Illuminate\\Http\\Request))
#66 /Users/rifkinasss/Documents/workspace/Startup/NasLabs/internal-projects/Blog/vendor/laravel/framework/src/Illuminate/Pipeline/Pipeline.php(219): Illuminate\\Http\\Middleware\\ValidatePostSize->handle(Object(Illuminate\\Http\\Request), Object(Closure))
#67 /Users/rifkinasss/Documents/workspace/Startup/NasLabs/internal-projects/Blog/vendor/laravel/framework/src/Illuminate/Foundation/Http/Middleware/PreventRequestsDuringMaintenance.php(110): Illuminate\\Pipeline\\Pipeline->{closure:{closure:Illuminate\\Pipeline\\Pipeline::carry():194}:195}(Object(Illuminate\\Http\\Request))
#68 /Users/rifkinasss/Documents/workspace/Startup/NasLabs/internal-projects/Blog/vendor/laravel/framework/src/Illuminate/Pipeline/Pipeline.php(219): Illuminate\\Foundation\\Http\\Middleware\\PreventRequestsDuringMaintenance->handle(Object(Illuminate\\Http\\Request), Object(Closure))
#69 /Users/rifkinasss/Documents/workspace/Startup/NasLabs/internal-projects/Blog/vendor/laravel/framework/src/Illuminate/Http/Middleware/HandleCors.php(61): Illuminate\\Pipeline\\Pipeline->{closure:{closure:Illuminate\\Pipeline\\Pipeline::carry():194}:195}(Object(Illuminate\\Http\\Request))
#70 /Users/rifkinasss/Documents/workspace/Startup/NasLabs/internal-projects/Blog/vendor/laravel/framework/src/Illuminate/Pipeline/Pipeline.php(219): Illuminate\\Http\\Middleware\\HandleCors->handle(Object(Illuminate\\Http\\Request), Object(Closure))
#71 /Users/rifkinasss/Documents/workspace/Startup/NasLabs/internal-projects/Blog/vendor/laravel/framework/src/Illuminate/Http/Middleware/TrustProxies.php(58): Illuminate\\Pipeline\\Pipeline->{closure:{closure:Illuminate\\Pipeline\\Pipeline::carry():194}:195}(Object(Illuminate\\Http\\Request))
#72 /Users/rifkinasss/Documents/workspace/Startup/NasLabs/internal-projects/Blog/vendor/laravel/framework/src/Illuminate/Pipeline/Pipeline.php(219): Illuminate\\Http\\Middleware\\TrustProxies->handle(Object(Illuminate\\Http\\Request), Object(Closure))
#73 /Users/rifkinasss/Documents/workspace/Startup/NasLabs/internal-projects/Blog/vendor/laravel/framework/src/Illuminate/Foundation/Http/Middleware/InvokeDeferredCallbacks.php(22): Illuminate\\Pipeline\\Pipeline->{closure:{closure:Illuminate\\Pipeline\\Pipeline::carry():194}:195}(Object(Illuminate\\Http\\Request))
#74 /Users/rifkinasss/Documents/workspace/Startup/NasLabs/internal-projects/Blog/vendor/laravel/framework/src/Illuminate/Pipeline/Pipeline.php(219): Illuminate\\Foundation\\Http\\Middleware\\InvokeDeferredCallbacks->handle(Object(Illuminate\\Http\\Request), Object(Closure))
#75 /Users/rifkinasss/Documents/workspace/Startup/NasLabs/internal-projects/Blog/vendor/laravel/framework/src/Illuminate/Http/Middleware/ValidatePathEncoding.php(28): Illuminate\\Pipeline\\Pipeline->{closure:{closure:Illuminate\\Pipeline\\Pipeline::carry():194}:195}(Object(Illuminate\\Http\\Request))
#76 /Users/rifkinasss/Documents/workspace/Startup/NasLabs/internal-projects/Blog/vendor/laravel/framework/src/Illuminate/Pipeline/Pipeline.php(219): Illuminate\\Http\\Middleware\\ValidatePathEncoding->handle(Object(Illuminate\\Http\\Request), Object(Closure))
#77 /Users/rifkinasss/Documents/workspace/Startup/NasLabs/internal-projects/Blog/vendor/laravel/framework/src/Illuminate/Pipeline/Pipeline.php(137): Illuminate\\Pipeline\\Pipeline->{closure:{closure:Illuminate\\Pipeline\\Pipeline::carry():194}:195}(Object(Illuminate\\Http\\Request))
#78 /Users/rifkinasss/Documents/workspace/Startup/NasLabs/internal-projects/Blog/vendor/laravel/framework/src/Illuminate/Foundation/Http/Kernel.php(175): Illuminate\\Pipeline\\Pipeline->then(Object(Closure))
#79 /Users/rifkinasss/Documents/workspace/Startup/NasLabs/internal-projects/Blog/vendor/laravel/framework/src/Illuminate/Foundation/Http/Kernel.php(144): Illuminate\\Foundation\\Http\\Kernel->sendRequestThroughRouter(Object(Illuminate\\Http\\Request))
#80 /Users/rifkinasss/Documents/workspace/Startup/NasLabs/internal-projects/Blog/vendor/laravel/framework/src/Illuminate/Foundation/Application.php(1227): Illuminate\\Foundation\\Http\\Kernel->handle(Object(Illuminate\\Http\\Request))
#81 /Users/rifkinasss/Documents/workspace/Startup/NasLabs/internal-projects/Blog/public/index.php(20): Illuminate\\Foundation\\Application->handleRequest(Object(Illuminate\\Http\\Request))
#82 /Users/rifkinasss/Documents/workspace/Startup/NasLabs/internal-projects/Blog/vendor/laravel/framework/src/Illuminate/Foundation/resources/server.php(23): require_once('/Users/rifkinas...')
#83 {main}
"} 
[2026-09-15 15:38:09] local.ERROR: SQLSTATE[08006] [7] connection to server at "127.0.0.1", port 5432 failed: Operation not permitted
	Is the server running on that host and accepting TCP/IP connections? (Connection: pgsql, Host: 127.0.0.1, Port: 5432, Database: naslabs_blog, SQL: select exists (select 1 from pg_class c, pg_namespace n where n.nspname = current_schema() and c.relname = 'migrations' and c.relkind in ('r', 'p') and n.oid = c.relnamespace)) {"exception":"[object] (Illuminate\\Database\\QueryException(code: 7): SQLSTATE[08006] [7] connection to server at \"127.0.0.1\", port 5432 failed: Operation not permitted
\tIs the server running on that host and accepting TCP/IP connections? (Connection: pgsql, Host: 127.0.0.1, Port: 5432, Database: naslabs_blog, SQL: select exists (select 1 from pg_class c, pg_namespace n where n.nspname = current_schema() and c.relname = 'migrations' and c.relkind in ('r', 'p') and n.oid = c.relnamespace)) at /Users/rifkinasss/Documents/workspace/Startup/NasLabs/internal-projects/Blog/vendor/laravel/framework/src/Illuminate/Database/Connection.php:857)
[stacktrace]
#0 /Users/rifkinasss/Documents/workspace/Startup/NasLabs/internal-projects/Blog/vendor/laravel/framework/src/Illuminate/Database/Connection.php(813): Illuminate\\Database\\Connection->runQueryCallback('select exists (...', Array, Object(Closure))
#1 /Users/rifkinasss/Documents/workspace/Startup/NasLabs/internal-projects/Blog/vendor/laravel/framework/src/Illuminate/Database/Connection.php(426): Illuminate\\Database\\Connection->run('select exists (...', Array, Object(Closure))
#2 /Users/rifkinasss/Documents/workspace/Startup/NasLabs/internal-projects/Blog/vendor/laravel/framework/src/Illuminate/Database/Connection.php(371): Illuminate\\Database\\Connection->select('select exists (...', Array, true)
#3 /Users/rifkinasss/Documents/workspace/Startup/NasLabs/internal-projects/Blog/vendor/laravel/framework/src/Illuminate/Database/Connection.php(388): Illuminate\\Database\\Connection->selectOne('select exists (...', Array, true)
#4 /Users/rifkinasss/Documents/workspace/Startup/NasLabs/internal-projects/Blog/vendor/laravel/framework/src/Illuminate/Database/Schema/Builder.php(176): Illuminate\\Database\\Connection->scalar('select exists (...')
#5 /Users/rifkinasss/Documents/workspace/Startup/NasLabs/internal-projects/Blog/vendor/laravel/framework/src/Illuminate/Database/Migrations/DatabaseMigrationRepository.php(185): Illuminate\\Database\\Schema\\Builder->hasTable('migrations')
#6 /Users/rifkinasss/Documents/workspace/Startup/NasLabs/internal-projects/Blog/vendor/laravel/framework/src/Illuminate/Database/Migrations/Migrator.php(797): Illuminate\\Database\\Migrations\\DatabaseMigrationRepository->repositoryExists()
#7 /Users/rifkinasss/Documents/workspace/Startup/NasLabs/internal-projects/Blog/vendor/laravel/framework/src/Illuminate/Database/Console/Migrations/StatusCommand.php(67): Illuminate\\Database\\Migrations\\Migrator->repositoryExists()
#8 /Users/rifkinasss/Documents/workspace/Startup/NasLabs/internal-projects/Blog/vendor/laravel/framework/src/Illuminate/Database/Migrations/Migrator.php(672): Illuminate\\Database\\Console\\Migrations\\StatusCommand->{closure:Illuminate\\Database\\Console\\Migrations\\StatusCommand::handle():66}()
#9 /Users/rifkinasss/Documents/workspace/Startup/NasLabs/internal-projects/Blog/vendor/laravel/framework/src/Illuminate/Database/Console/Migrations/StatusCommand.php(66): Illuminate\\Database\\Migrations\\Migrator->usingConnection(NULL, Object(Closure))
#10 /Users/rifkinasss/Documents/workspace/Startup/NasLabs/internal-projects/Blog/vendor/laravel/framework/src/Illuminate/Container/BoundMethod.php(36): Illuminate\\Database\\Console\\Migrations\\StatusCommand->handle()
#11 /Users/rifkinasss/Documents/workspace/Startup/NasLabs/internal-projects/Blog/vendor/laravel/framework/src/Illuminate/Container/Util.php(43): Illuminate\\Container\\BoundMethod::{closure:Illuminate\\Container\\BoundMethod::call():35}()
#12 /Users/rifkinasss/Documents/workspace/Startup/NasLabs/internal-projects/Blog/vendor/laravel/framework/src/Illuminate/Container/BoundMethod.php(96): Illuminate\\Container\\Util::unwrapIfClosure(Object(Closure))
#13 /Users/rifkinasss/Documents/workspace/Startup/NasLabs/internal-projects/Blog/vendor/laravel/framework/src/Illuminate/Container/BoundMethod.php(35): Illuminate\\Container\\BoundMethod::callBoundMethod(Object(Illuminate\\Foundation\\Application), Array, Object(Closure))
#14 /Users/rifkinasss/Documents/workspace/Startup/NasLabs/internal-projects/Blog/vendor/laravel/framework/src/Illuminate/Container/Container.php(803): Illuminate\\Container\\BoundMethod::call(Object(Illuminate\\Foundation\\Application), Array, Array, NULL)
#15 /Users/rifkinasss/Documents/workspace/Startup/NasLabs/internal-projects/Blog/vendor/laravel/framework/src/Illuminate/Console/Command.php(292): Illuminate\\Container\\Container->call(Array)
#16 /Users/rifkinasss/Documents/workspace/Startup/NasLabs/internal-projects/Blog/vendor/symfony/console/Command/Command.php(285): Illuminate\\Console\\Command->execute(Object(Symfony\\Component\\Console\\Input\\ArgvInput), Object(Illuminate\\Console\\OutputStyle))
#17 /Users/rifkinasss/Documents/workspace/Startup/NasLabs/internal-projects/Blog/vendor/laravel/framework/src/Illuminate/Console/Command.php(261): Symfony\\Component\\Console\\Command\\Command->run(Object(Symfony\\Component\\Console\\Input\\ArgvInput), Object(Illuminate\\Console\\OutputStyle))
#18 /Users/rifkinasss/Documents/workspace/Startup/NasLabs/internal-projects/Blog/vendor/symfony/console/Application.php(1144): Illuminate\\Console\\Command->run(Object(Symfony\\Component\\Console\\Input\\ArgvInput), Object(Symfony\\Component\\Console\\Output\\ConsoleOutput))
#19 /Users/rifkinasss/Documents/workspace/Startup/NasLabs/internal-projects/Blog/vendor/symfony/console/Application.php(379): Symfony\\Component\\Console\\Application->doRunCommand(Object(Illuminate\\Database\\Console\\Migrations\\StatusCommand), Object(Symfony\\Component\\Console\\Input\\ArgvInput), Object(Symfony\\Component\\Console\\Output\\ConsoleOutput))
#20 /Users/rifkinasss/Documents/workspace/Startup/NasLabs/internal-projects/Blog/vendor/symfony/console/Application.php(218): Symfony\\Component\\Console\\Application->doRun(Object(Symfony\\Component\\Console\\Input\\ArgvInput), Object(Symfony\\Component\\Console\\Output\\ConsoleOutput))
#21 /Users/rifkinasss/Documents/workspace/Startup/NasLabs/internal-projects/Blog/vendor/laravel/framework/src/Illuminate/Foundation/Console/Kernel.php(198): Symfony\\Component\\Console\\Application->run(Object(Symfony\\Component\\Console\\Input\\ArgvInput), Object(Symfony\\Component\\Console\\Output\\ConsoleOutput))
#22 /Users/rifkinasss/Documents/workspace/Startup/NasLabs/internal-projects/Blog/vendor/laravel/framework/src/Illuminate/Foundation/Application.php(1242): Illuminate\\Foundation\\Console\\Kernel->handle(Object(Symfony\\Component\\Console\\Input\\ArgvInput), Object(Symfony\\Component\\Console\\Output\\ConsoleOutput))
#23 /Users/rifkinasss/Documents/workspace/Startup/NasLabs/internal-projects/Blog/artisan(16): Illuminate\\Foundation\\Application->handleCommand(Object(Symfony\\Component\\Console\\Input\\ArgvInput))
#24 {main}

[previous exception] [object] (PDOException(code: 7): SQLSTATE[08006] [7] connection to server at \"127.0.0.1\", port 5432 failed: Operation not permitted
\tIs the server running on that host and accepting TCP/IP connections? at /Users/rifkinasss/Documents/workspace/Startup/NasLabs/internal-projects/Blog/vendor/laravel/framework/src/Illuminate/Database/Connectors/Connector.php:67)
[stacktrace]
#0 /Users/rifkinasss/Documents/workspace/Startup/NasLabs/internal-projects/Blog/vendor/laravel/framework/src/Illuminate/Database/Connectors/Connector.php(67): PDO::connect('pgsql:host=127....', 'naslabs', Object(SensitiveParameterValue), Array)
#1 /Users/rifkinasss/Documents/workspace/Startup/NasLabs/internal-projects/Blog/vendor/laravel/framework/src/Illuminate/Database/Connectors/Connector.php(44): Illuminate\\Database\\Connectors\\Connector->createPdoConnection('pgsql:host=127....', 'naslabs', Object(SensitiveParameterValue), Array)
#2 /Users/rifkinasss/Documents/workspace/Startup/NasLabs/internal-projects/Blog/vendor/laravel/framework/src/Illuminate/Database/Connectors/PostgresConnector.php(35): Illuminate\\Database\\Connectors\\Connector->createConnection('pgsql:host=127....', Array, Array)
#3 /Users/rifkinasss/Documents/workspace/Startup/NasLabs/internal-projects/Blog/vendor/laravel/framework/src/Illuminate/Database/Connectors/ConnectionFactory.php(220): Illuminate\\Database\\Connectors\\PostgresConnector->connect(Array)
#4 [internal function]: Illuminate\\Database\\Connectors\\ConnectionFactory->{closure:Illuminate\\Database\\Connectors\\ConnectionFactory::createPdoResolverWithHosts():213}()
#5 /Users/rifkinasss/Documents/workspace/Startup/NasLabs/internal-projects/Blog/vendor/laravel/framework/src/Illuminate/Database/Connection.php(1298): call_user_func(Object(Closure))
#6 /Users/rifkinasss/Documents/workspace/Startup/NasLabs/internal-projects/Blog/vendor/laravel/framework/src/Illuminate/Database/Connection.php(1336): Illuminate\\Database\\Connection->getPdo()
#7 /Users/rifkinasss/Documents/workspace/Startup/NasLabs/internal-projects/Blog/vendor/laravel/framework/src/Illuminate/Database/Connection.php(542): Illuminate\\Database\\Connection->getReadPdo()
#8 /Users/rifkinasss/Documents/workspace/Startup/NasLabs/internal-projects/Blog/vendor/laravel/framework/src/Illuminate/Database/Connection.php(435): Illuminate\\Database\\Connection->getPdoForSelect(true)
#9 /Users/rifkinasss/Documents/workspace/Startup/NasLabs/internal-projects/Blog/vendor/laravel/framework/src/Illuminate/Database/Connection.php(846): Illuminate\\Database\\Connection->{closure:Illuminate\\Database\\Connection::select():426}('select exists (...', Array)
#10 /Users/rifkinasss/Documents/workspace/Startup/NasLabs/internal-projects/Blog/vendor/laravel/framework/src/Illuminate/Database/Connection.php(813): Illuminate\\Database\\Connection->runQueryCallback('select exists (...', Array, Object(Closure))
#11 /Users/rifkinasss/Documents/workspace/Startup/NasLabs/internal-projects/Blog/vendor/laravel/framework/src/Illuminate/Database/Connection.php(426): Illuminate\\Database\\Connection->run('select exists (...', Array, Object(Closure))
#12 /Users/rifkinasss/Documents/workspace/Startup/NasLabs/internal-projects/Blog/vendor/laravel/framework/src/Illuminate/Database/Connection.php(371): Illuminate\\Database\\Connection->select('select exists (...', Array, true)
#13 /Users/rifkinasss/Documents/workspace/Startup/NasLabs/internal-projects/Blog/vendor/laravel/framework/src/Illuminate/Database/Connection.php(388): Illuminate\\Database\\Connection->selectOne('select exists (...', Array, true)
#14 /Users/rifkinasss/Documents/workspace/Startup/NasLabs/internal-projects/Blog/vendor/laravel/framework/src/Illuminate/Database/Schema/Builder.php(176): Illuminate\\Database\\Connection->scalar('select exists (...')
#15 /Users/rifkinasss/Documents/workspace/Startup/NasLabs/internal-projects/Blog/vendor/laravel/framework/src/Illuminate/Database/Migrations/DatabaseMigrationRepository.php(185): Illuminate\\Database\\Schema\\Builder->hasTable('migrations')
#16 /Users/rifkinasss/Documents/workspace/Startup/NasLabs/internal-projects/Blog/vendor/laravel/framework/src/Illuminate/Database/Migrations/Migrator.php(797): Illuminate\\Database\\Migrations\\DatabaseMigrationRepository->repositoryExists()
#17 /Users/rifkinasss/Documents/workspace/Startup/NasLabs/internal-projects/Blog/vendor/laravel/framework/src/Illuminate/Database/Console/Migrations/StatusCommand.php(67): Illuminate\\Database\\Migrations\\Migrator->repositoryExists()
#18 /Users/rifkinasss/Documents/workspace/Startup/NasLabs/internal-projects/Blog/vendor/laravel/framework/src/Illuminate/Database/Migrations/Migrator.php(672): Illuminate\\Database\\Console\\Migrations\\StatusCommand->{closure:Illuminate\\Database\\Console\\Migrations\\StatusCommand::handle():66}()
#19 /Users/rifkinasss/Documents/workspace/Startup/NasLabs/internal-projects/Blog/vendor/laravel/framework/src/Illuminate/Database/Console/Migrations/StatusCommand.php(66): Illuminate\\Database\\Migrations\\Migrator->usingConnection(NULL, Object(Closure))
#20 /Users/rifkinasss/Documents/workspace/Startup/NasLabs/internal-projects/Blog/vendor/laravel/framework/src/Illuminate/Container/BoundMethod.php(36): Illuminate\\Database\\Console\\Migrations\\StatusCommand->handle()
#21 /Users/rifkinasss/Documents/workspace/Startup/NasLabs/internal-projects/Blog/vendor/laravel/framework/src/Illuminate/Container/Util.php(43): Illuminate\\Container\\BoundMethod::{closure:Illuminate\\Container\\BoundMethod::call():35}()
#22 /Users/rifkinasss/Documents/workspace/Startup/NasLabs/internal-projects/Blog/vendor/laravel/framework/src/Illuminate/Container/BoundMethod.php(96): Illuminate\\Container\\Util::unwrapIfClosure(Object(Closure))
#23 /Users/rifkinasss/Documents/workspace/Startup/NasLabs/internal-projects/Blog/vendor/laravel/framework/src/Illuminate/Container/BoundMethod.php(35): Illuminate\\Container\\BoundMethod::callBoundMethod(Object(Illuminate\\Foundation\\Application), Array, Object(Closure))
#24 /Users/rifkinasss/Documents/workspace/Startup/NasLabs/internal-projects/Blog/vendor/laravel/framework/src/Illuminate/Container/Container.php(803): Illuminate\\Container\\BoundMethod::call(Object(Illuminate\\Foundation\\Application), Array, Array, NULL)
#25 /Users/rifkinasss/Documents/workspace/Startup/NasLabs/internal-projects/Blog/vendor/laravel/framework/src/Illuminate/Console/Command.php(292): Illuminate\\Container\\Container->call(Array)
#26 /Users/rifkinasss/Documents/workspace/Startup/NasLabs/internal-projects/Blog/vendor/symfony/console/Command/Command.php(285): Illuminate\\Console\\Command->execute(Object(Symfony\\Component\\Console\\Input\\ArgvInput), Object(Illuminate\\Console\\OutputStyle))
#27 /Users/rifkinasss/Documents/workspace/Startup/NasLabs/internal-projects/Blog/vendor/laravel/framework/src/Illuminate/Console/Command.php(261): Symfony\\Component\\Console\\Command\\Command->run(Object(Symfony\\Component\\Console\\Input\\ArgvInput), Object(Illuminate\\Console\\OutputStyle))
#28 /Users/rifkinasss/Documents/workspace/Startup/NasLabs/internal-projects/Blog/vendor/symfony/console/Application.php(1144): Illuminate\\Console\\Command->run(Object(Symfony\\Component\\Console\\Input\\ArgvInput), Object(Symfony\\Component\\Console\\Output\\ConsoleOutput))
#29 /Users/rifkinasss/Documents/workspace/Startup/NasLabs/internal-projects/Blog/vendor/symfony/console/Application.php(379): Symfony\\Component\\Console\\Application->doRunCommand(Object(Illuminate\\Database\\Console\\Migrations\\StatusCommand), Object(Symfony\\Component\\Console\\Input\\ArgvInput), Object(Symfony\\Component\\Console\\Output\\ConsoleOutput))
#30 /Users/rifkinasss/Documents/workspace/Startup/NasLabs/internal-projects/Blog/vendor/symfony/console/Application.php(218): Symfony\\Component\\Console\\Application->doRun(Object(Symfony\\Component\\Console\\Input\\ArgvInput), Object(Symfony\\Component\\Console\\Output\\ConsoleOutput))
#31 /Users/rifkinasss/Documents/workspace/Startup/NasLabs/internal-projects/Blog/vendor/laravel/framework/src/Illuminate/Foundation/Console/Kernel.php(198): Symfony\\Component\\Console\\Application->run(Object(Symfony\\Component\\Console\\Input\\ArgvInput), Object(Symfony\\Component\\Console\\Output\\ConsoleOutput))
#32 /Users/rifkinasss/Documents/workspace/Startup/NasLabs/internal-projects/Blog/vendor/laravel/framework/src/Illuminate/Foundation/Application.php(1242): Illuminate\\Foundation\\Console\\Kernel->handle(Object(Symfony\\Component\\Console\\Input\\ArgvInput), Object(Symfony\\Component\\Console\\Output\\ConsoleOutput))
#33 /Users/rifkinasss/Documents/workspace/Startup/NasLabs/internal-projects/Blog/artisan(16): Illuminate\\Foundation\\Application->handleCommand(Object(Symfony\\Component\\Console\\Input\\ArgvInput))
#34 {main}
"} 
[2026-09-15 15:48:08] testing.ERROR: Undefined array key "slug" {"exception":"[object] (ErrorException(code: 0): Undefined array key \"slug\" at /Users/rifkinasss/Documents/workspace/Startup/NasLabs/internal-projects/Blog/app/Actions/Articles/CreateArticle.php:18)
[stacktrace]
#0 /Users/rifkinasss/Documents/workspace/Startup/NasLabs/internal-projects/Blog/vendor/laravel/framework/src/Illuminate/Foundation/Bootstrap/HandleExceptions.php(265): Illuminate\\Foundation\\Bootstrap\\HandleExceptions->handleError(2, 'Undefined array...', '/Users/rifkinas...', 18)
#1 /Users/rifkinasss/Documents/workspace/Startup/NasLabs/internal-projects/Blog/app/Actions/Articles/CreateArticle.php(18): Illuminate\\Foundation\\Bootstrap\\HandleExceptions->{closure:Illuminate\\Foundation\\Bootstrap\\HandleExceptions::forwardsTo():264}(2, 'Undefined array...', '/Users/rifkinas...', 18)
#2 /Users/rifkinasss/Documents/workspace/Startup/NasLabs/internal-projects/Blog/app/Http/Controllers/Api/OpenClawArticleController.php(20): App\\Actions\\Articles\\CreateArticle->handle(Object(App\\Models\\User), Array)
#3 /Users/rifkinasss/Documents/workspace/Startup/NasLabs/internal-projects/Blog/vendor/laravel/framework/src/Illuminate/Routing/ControllerDispatcher.php(46): App\\Http\\Controllers\\Api\\OpenClawArticleController->store(Object(Illuminate\\Http\\Request), Object(App\\Actions\\Articles\\CreateArticle))
#4 /Users/rifkinasss/Documents/workspace/Startup/NasLabs/internal-projects/Blog/vendor/laravel/framework/src/Illuminate/Routing/Route.php(276): Illuminate\\Routing\\ControllerDispatcher->dispatch(Object(Illuminate\\Routing\\Route), Object(App\\Http\\Controllers\\Api\\OpenClawArticleController), 'store')
#5 /Users/rifkinasss/Documents/workspace/Startup/NasLabs/internal-projects/Blog/vendor/laravel/framework/src/Illuminate/Routing/Route.php(216): Illuminate\\Routing\\Route->runController()
#6 /Users/rifkinasss/Documents/workspace/Startup/NasLabs/internal-projects/Blog/vendor/laravel/framework/src/Illuminate/Routing/Router.php(822): Illuminate\\Routing\\Route->run()
#7 /Users/rifkinasss/Documents/workspace/Startup/NasLabs/internal-projects/Blog/vendor/laravel/framework/src/Illuminate/Pipeline/Pipeline.php(180): Illuminate\\Routing\\Router->{closure:Illuminate\\Routing\\Router::runRouteWithinStack():821}(Object(Illuminate\\Http\\Request))
#8 /Users/rifkinasss/Documents/workspace/Startup/NasLabs/internal-projects/Blog/app/Http/Middleware/AuthenticateApiToken.php(39): Illuminate\\Pipeline\\Pipeline->{closure:Illuminate\\Pipeline\\Pipeline::prepareDestination():178}(Object(Illuminate\\Http\\Request))
#9 /Users/rifkinasss/Documents/workspace/Startup/NasLabs/internal-projects/Blog/vendor/laravel/framework/src/Illuminate/Pipeline/Pipeline.php(219): App\\Http\\Middleware\\AuthenticateApiToken->handle(Object(Illuminate\\Http\\Request), Object(Closure), 'articles:create')
#10 /Users/rifkinasss/Documents/workspace/Startup/NasLabs/internal-projects/Blog/vendor/laravel/framework/src/Illuminate/Routing/Middleware/SubstituteBindings.php(52): Illuminate\\Pipeline\\Pipeline->{closure:{closure:Illuminate\\Pipeline\\Pipeline::carry():194}:195}(Object(Illuminate\\Http\\Request))
#11 /Users/rifkinasss/Documents/workspace/Startup/NasLabs/internal-projects/Blog/vendor/laravel/framework/src/Illuminate/Pipeline/Pipeline.php(219): Illuminate\\Routing\\Middleware\\SubstituteBindings->handle(Object(Illuminate\\Http\\Request), Object(Closure))
#12 /Users/rifkinasss/Documents/workspace/Startup/NasLabs/internal-projects/Blog/vendor/laravel/framework/src/Illuminate/Routing/Middleware/ThrottleRequests.php(168): Illuminate\\Pipeline\\Pipeline->{closure:{closure:Illuminate\\Pipeline\\Pipeline::carry():194}:195}(Object(Illuminate\\Http\\Request))
#13 /Users/rifkinasss/Documents/workspace/Startup/NasLabs/internal-projects/Blog/vendor/laravel/framework/src/Illuminate/Routing/Middleware/ThrottleRequests.php(93): Illuminate\\Routing\\Middleware\\ThrottleRequests->handleRequest(Object(Illuminate\\Http\\Request), Object(Closure), Array)
#14 /Users/rifkinasss/Documents/workspace/Startup/NasLabs/internal-projects/Blog/vendor/laravel/framework/src/Illuminate/Pipeline/Pipeline.php(219): Illuminate\\Routing\\Middleware\\ThrottleRequests->handle(Object(Illuminate\\Http\\Request), Object(Closure), '60', '1')
#15 /Users/rifkinasss/Documents/workspace/Startup/NasLabs/internal-projects/Blog/vendor/laravel/framework/src/Illuminate/Pipeline/Pipeline.php(137): Illuminate\\Pipeline\\Pipeline->{closure:{closure:Illuminate\\Pipeline\\Pipeline::carry():194}:195}(Object(Illuminate\\Http\\Request))
#16 /Users/rifkinasss/Documents/workspace/Startup/NasLabs/internal-projects/Blog/vendor/laravel/framework/src/Illuminate/Routing/Router.php(821): Illuminate\\Pipeline\\Pipeline->then(Object(Closure))
#17 /Users/rifkinasss/Documents/workspace/Startup/NasLabs/internal-projects/Blog/vendor/laravel/framework/src/Illuminate/Routing/Router.php(800): Illuminate\\Routing\\Router->runRouteWithinStack(Object(Illuminate\\Routing\\Route), Object(Illuminate\\Http\\Request))
#18 /Users/rifkinasss/Documents/workspace/Startup/NasLabs/internal-projects/Blog/vendor/laravel/framework/src/Illuminate/Routing/Router.php(764): Illuminate\\Routing\\Router->runRoute(Object(Illuminate\\Http\\Request), Object(Illuminate\\Routing\\Route))
#19 /Users/rifkinasss/Documents/workspace/Startup/NasLabs/internal-projects/Blog/vendor/laravel/framework/src/Illuminate/Routing/Router.php(753): Illuminate\\Routing\\Router->dispatchToRoute(Object(Illuminate\\Http\\Request))
#20 /Users/rifkinasss/Documents/workspace/Startup/NasLabs/internal-projects/Blog/vendor/laravel/framework/src/Illuminate/Foundation/Http/Kernel.php(200): Illuminate\\Routing\\Router->dispatch(Object(Illuminate\\Http\\Request))
#21 /Users/rifkinasss/Documents/workspace/Startup/NasLabs/internal-projects/Blog/vendor/laravel/framework/src/Illuminate/Pipeline/Pipeline.php(180): Illuminate\\Foundation\\Http\\Kernel->{closure:Illuminate\\Foundation\\Http\\Kernel::dispatchToRouter():197}(Object(Illuminate\\Http\\Request))
#22 /Users/rifkinasss/Documents/workspace/Startup/NasLabs/internal-projects/Blog/vendor/livewire/livewire/src/Features/SupportDisablingBackButtonCache/DisableBackButtonCacheMiddleware.php(19): Illuminate\\Pipeline\\Pipeline->{closure:Illuminate\\Pipeline\\Pipeline::prepareDestination():178}(Object(Illuminate\\Http\\Request))
#23 /Users/rifkinasss/Documents/workspace/Startup/NasLabs/internal-projects/Blog/vendor/laravel/framework/src/Illuminate/Pipeline/Pipeline.php(219): Livewire\\Features\\SupportDisablingBackButtonCache\\DisableBackButtonCacheMiddleware->handle(Object(Illuminate\\Http\\Request), Object(Closure))
#24 /Users/rifkinasss/Documents/workspace/Startup/NasLabs/internal-projects/Blog/vendor/laravel/framework/src/Illuminate/Foundation/Http/Middleware/TransformsRequest.php(21): Illuminate\\Pipeline\\Pipeline->{closure:{closure:Illuminate\\Pipeline\\Pipeline::carry():194}:195}(Object(Illuminate\\Http\\Request))
#25 /Users/rifkinasss/Documents/workspace/Startup/NasLabs/internal-projects/Blog/vendor/laravel/framework/src/Illuminate/Foundation/Http/Middleware/ConvertEmptyStringsToNull.php(31): Illuminate\\Foundation\\Http\\Middleware\\TransformsRequest->handle(Object(Illuminate\\Http\\Request), Object(Closure))
#26 /Users/rifkinasss/Documents/workspace/Startup/NasLabs/internal-projects/Blog/vendor/laravel/framework/src/Illuminate/Pipeline/Pipeline.php(219): Illuminate\\Foundation\\Http\\Middleware\\ConvertEmptyStringsToNull->handle(Object(Illuminate\\Http\\Request), Object(Closure))
#27 /Users/rifkinasss/Documents/workspace/Startup/NasLabs/internal-projects/Blog/vendor/laravel/framework/src/Illuminate/Foundation/Http/Middleware/TransformsRequest.php(21): Illuminate\\Pipeline\\Pipeline->{closure:{closure:Illuminate\\Pipeline\\Pipeline::carry():194}:195}(Object(Illuminate\\Http\\Request))
#28 /Users/rifkinasss/Documents/workspace/Startup/NasLabs/internal-projects/Blog/vendor/laravel/framework/src/Illuminate/Foundation/Http/Middleware/TrimStrings.php(51): Illuminate\\Foundation\\Http\\Middleware\\TransformsRequest->handle(Object(Illuminate\\Http\\Request), Object(Closure))
#29 /Users/rifkinasss/Documents/workspace/Startup/NasLabs/internal-projects/Blog/vendor/laravel/framework/src/Illuminate/Pipeline/Pipeline.php(219): Illuminate\\Foundation\\Http\\Middleware\\TrimStrings->handle(Object(Illuminate\\Http\\Request), Object(Closure))
#30 /Users/rifkinasss/Documents/workspace/Startup/NasLabs/internal-projects/Blog/vendor/laravel/framework/src/Illuminate/Http/Middleware/ValidatePostSize.php(27): Illuminate\\Pipeline\\Pipeline->{closure:{closure:Illuminate\\Pipeline\\Pipeline::carry():194}:195}(Object(Illuminate\\Http\\Request))
#31 /Users/rifkinasss/Documents/workspace/Startup/NasLabs/internal-projects/Blog/vendor/laravel/framework/src/Illuminate/Pipeline/Pipeline.php(219): Illuminate\\Http\\Middleware\\ValidatePostSize->handle(Object(Illuminate\\Http\\Request), Object(Closure))
#32 /Users/rifkinasss/Documents/workspace/Startup/NasLabs/internal-projects/Blog/vendor/laravel/framework/src/Illuminate/Foundation/Http/Middleware/PreventRequestsDuringMaintenance.php(110): Illuminate\\Pipeline\\Pipeline->{closure:{closure:Illuminate\\Pipeline\\Pipeline::carry():194}:195}(Object(Illuminate\\Http\\Request))
#33 /Users/rifkinasss/Documents/workspace/Startup/NasLabs/internal-projects/Blog/vendor/laravel/framework/src/Illuminate/Pipeline/Pipeline.php(219): Illuminate\\Foundation\\Http\\Middleware\\PreventRequestsDuringMaintenance->handle(Object(Illuminate\\Http\\Request), Object(Closure))
#34 /Users/rifkinasss/Documents/workspace/Startup/NasLabs/internal-projects/Blog/vendor/laravel/framework/src/Illuminate/Http/Middleware/HandleCors.php(74): Illuminate\\Pipeline\\Pipeline->{closure:{closure:Illuminate\\Pipeline\\Pipeline::carry():194}:195}(Object(Illuminate\\Http\\Request))
#35 /Users/rifkinasss/Documents/workspace/Startup/NasLabs/internal-projects/Blog/vendor/laravel/framework/src/Illuminate/Pipeline/Pipeline.php(219): Illuminate\\Http\\Middleware\\HandleCors->handle(Object(Illuminate\\Http\\Request), Object(Closure))
#36 /Users/rifkinasss/Documents/workspace/Startup/NasLabs/internal-projects/Blog/vendor/laravel/framework/src/Illuminate/Http/Middleware/TrustProxies.php(58): Illuminate\\Pipeline\\Pipeline->{closure:{closure:Illuminate\\Pipeline\\Pipeline::carry():194}:195}(Object(Illuminate\\Http\\Request))
#37 /Users/rifkinasss/Documents/workspace/Startup/NasLabs/internal-projects/Blog/vendor/laravel/framework/src/Illuminate/Pipeline/Pipeline.php(219): Illuminate\\Http\\Middleware\\TrustProxies->handle(Object(Illuminate\\Http\\Request), Object(Closure))
#38 /Users/rifkinasss/Documents/workspace/Startup/NasLabs/internal-projects/Blog/vendor/laravel/framework/src/Illuminate/Foundation/Http/Middleware/InvokeDeferredCallbacks.php(22): Illuminate\\Pipeline\\Pipeline->{closure:{closure:Illuminate\\Pipeline\\Pipeline::carry():194}:195}(Object(Illuminate\\Http\\Request))
#39 /Users/rifkinasss/Documents/workspace/Startup/NasLabs/internal-projects/Blog/vendor/laravel/framework/src/Illuminate/Pipeline/Pipeline.php(219): Illuminate\\Foundation\\Http\\Middleware\\InvokeDeferredCallbacks->handle(Object(Illuminate\\Http\\Request), Object(Closure))
#40 /Users/rifkinasss/Documents/workspace/Startup/NasLabs/internal-projects/Blog/vendor/laravel/framework/src/Illuminate/Http/Middleware/ValidatePathEncoding.php(28): Illuminate\\Pipeline\\Pipeline->{closure:{closure:Illuminate\\Pipeline\\Pipeline::carry():194}:195}(Object(Illuminate\\Http\\Request))
#41 /Users/rifkinasss/Documents/workspace/Startup/NasLabs/internal-projects/Blog/vendor/laravel/framework/src/Illuminate/Pipeline/Pipeline.php(219): Illuminate\\Http\\Middleware\\ValidatePathEncoding->handle(Object(Illuminate\\Http\\Request), Object(Closure))
#42 /Users/rifkinasss/Documents/workspace/Startup/NasLabs/internal-projects/Blog/vendor/laravel/framework/src/Illuminate/Pipeline/Pipeline.php(137): Illuminate\\Pipeline\\Pipeline->{closure:{closure:Illuminate\\Pipeline\\Pipeline::carry():194}:195}(Object(Illuminate\\Http\\Request))
#43 /Users/rifkinasss/Documents/workspace/Startup/NasLabs/internal-projects/Blog/vendor/laravel/framework/src/Illuminate/Foundation/Http/Kernel.php(175): Illuminate\\Pipeline\\Pipeline->then(Object(Closure))
#44 /Users/rifkinasss/Documents/workspace/Startup/NasLabs/internal-projects/Blog/vendor/laravel/framework/src/Illuminate/Foundation/Http/Kernel.php(144): Illuminate\\Foundation\\Http\\Kernel->sendRequestThroughRouter(Object(Illuminate\\Http\\Request))
#45 /Users/rifkinasss/Documents/workspace/Startup/NasLabs/internal-projects/Blog/vendor/laravel/framework/src/Illuminate/Foundation/Testing/Concerns/MakesHttpRequests.php(638): Illuminate\\Foundation\\Http\\Kernel->handle(Object(Illuminate\\Http\\Request))
#46 /Users/rifkinasss/Documents/workspace/Startup/NasLabs/internal-projects/Blog/vendor/laravel/framework/src/Illuminate/Foundation/Testing/Concerns/MakesHttpRequests.php(604): Illuminate\\Foundation\\Testing\\TestCase->call('POST', '/api/v1/article...', Array, Array, Array, Array, '{\"title\":\"Autom...')
#47 /Users/rifkinasss/Documents/workspace/Startup/NasLabs/internal-projects/Blog/vendor/laravel/framework/src/Illuminate/Foundation/Testing/Concerns/MakesHttpRequests.php(411): Illuminate\\Foundation\\Testing\\TestCase->json('POST', '/api/v1/article...', Array, Array, 0)
#48 /Users/rifkinasss/Documents/workspace/Startup/NasLabs/internal-projects/Blog/tests/Feature/OpenClawApiTest.php(21): Illuminate\\Foundation\\Testing\\TestCase->postJson('/api/v1/article...', Array)
#49 /Users/rifkinasss/Documents/workspace/Startup/NasLabs/internal-projects/Blog/vendor/phpunit/phpunit/src/Framework/TestCase.php(1318): Tests\\Feature\\OpenClawApiTest->test_token_with_article_abilities_can_create_and_publish_its_own_article()
#50 /Users/rifkinasss/Documents/workspace/Startup/NasLabs/internal-projects/Blog/vendor/phpunit/phpunit/src/Framework/TestCase.php(1355): PHPUnit\\Framework\\TestCase->invokeTestMethod('test_token_with...', Array)
#51 /Users/rifkinasss/Documents/workspace/Startup/NasLabs/internal-projects/Blog/vendor/phpunit/phpunit/src/Framework/TestCase.php(521): PHPUnit\\Framework\\TestCase->runTest()
#52 /Users/rifkinasss/Documents/workspace/Startup/NasLabs/internal-projects/Blog/vendor/phpunit/phpunit/src/Framework/TestRunner/TestRunner.php(99): PHPUnit\\Framework\\TestCase->runBare()
#53 /Users/rifkinasss/Documents/workspace/Startup/NasLabs/internal-projects/Blog/vendor/phpunit/phpunit/src/Framework/TestCase.php(361): PHPUnit\\Framework\\TestRunner->run(Object(Tests\\Feature\\OpenClawApiTest))
#54 /Users/rifkinasss/Documents/workspace/Startup/NasLabs/internal-projects/Blog/vendor/phpunit/phpunit/src/Framework/TestSuite.php(374): PHPUnit\\Framework\\TestCase->run()
#55 /Users/rifkinasss/Documents/workspace/Startup/NasLabs/internal-projects/Blog/vendor/phpunit/phpunit/src/Framework/TestSuite.php(374): PHPUnit\\Framework\\TestSuite->run()
#56 /Users/rifkinasss/Documents/workspace/Startup/NasLabs/internal-projects/Blog/vendor/phpunit/phpunit/src/Framework/TestSuite.php(374): PHPUnit\\Framework\\TestSuite->run()
#57 /Users/rifkinasss/Documents/workspace/Startup/NasLabs/internal-projects/Blog/vendor/phpunit/phpunit/src/TextUI/TestRunner.php(64): PHPUnit\\Framework\\TestSuite->run()
#58 /Users/rifkinasss/Documents/workspace/Startup/NasLabs/internal-projects/Blog/vendor/phpunit/phpunit/src/TextUI/Application.php(229): PHPUnit\\TextUI\\TestRunner->run(Object(PHPUnit\\TextUI\\Configuration\\Configuration), Object(PHPUnit\\Runner\\ResultCache\\DefaultResultCache), Object(PHPUnit\\Framework\\TestSuite))
#59 /Users/rifkinasss/Documents/workspace/Startup/NasLabs/internal-projects/Blog/vendor/phpunit/phpunit/phpunit(104): PHPUnit\\TextUI\\Application->run(Array)
#60 {main}
"} 
[2026-09-15 15:58:00] testing.ERROR: App\Http\Controllers\BlogController::show(): Argument #1 ($article) must be of type App\Models\Article, string given, called in /Users/rifkinasss/Documents/workspace/Startup/NasLabs/internal-projects/Blog/vendor/laravel/framework/src/Illuminate/Routing/ControllerDispatcher.php on line 46 {"exception":"[object] (TypeError(code: 0): App\\Http\\Controllers\\BlogController::show(): Argument #1 ($article) must be of type App\\Models\\Article, string given, called in /Users/rifkinasss/Documents/workspace/Startup/NasLabs/internal-projects/Blog/vendor/laravel/framework/src/Illuminate/Routing/ControllerDispatcher.php on line 46 at /Users/rifkinasss/Documents/workspace/Startup/NasLabs/internal-projects/Blog/app/Http/Controllers/BlogController.php:29)
[stacktrace]
#0 /Users/rifkinasss/Documents/workspace/Startup/NasLabs/internal-projects/Blog/vendor/laravel/framework/src/Illuminate/Routing/ControllerDispatcher.php(46): App\\Http\\Controllers\\BlogController->show('id', Object(App\\Services\\Markdown), Object(App\\Models\\Article))
#1 /Users/rifkinasss/Documents/workspace/Startup/NasLabs/internal-projects/Blog/vendor/laravel/framework/src/Illuminate/Routing/Route.php(276): Illuminate\\Routing\\ControllerDispatcher->dispatch(Object(Illuminate\\Routing\\Route), Object(App\\Http\\Controllers\\BlogController), 'show')
#2 /Users/rifkinasss/Documents/workspace/Startup/NasLabs/internal-projects/Blog/vendor/laravel/framework/src/Illuminate/Routing/Route.php(216): Illuminate\\Routing\\Route->runController()
#3 /Users/rifkinasss/Documents/workspace/Startup/NasLabs/internal-projects/Blog/vendor/laravel/framework/src/Illuminate/Routing/Router.php(822): Illuminate\\Routing\\Route->run()
#4 /Users/rifkinasss/Documents/workspace/Startup/NasLabs/internal-projects/Blog/vendor/laravel/framework/src/Illuminate/Pipeline/Pipeline.php(180): Illuminate\\Routing\\Router->{closure:Illuminate\\Routing\\Router::runRouteWithinStack():821}(Object(Illuminate\\Http\\Request))
#5 /Users/rifkinasss/Documents/workspace/Startup/NasLabs/internal-projects/Blog/vendor/mcamara/laravel-localization/src/Mcamara/LaravelLocalization/Middleware/LaravelLocalizationViewPath.php(33): Illuminate\\Pipeline\\Pipeline->{closure:Illuminate\\Pipeline\\Pipeline::prepareDestination():178}(Object(Illuminate\\Http\\Request))
#6 /Users/rifkinasss/Documents/workspace/Startup/NasLabs/internal-projects/Blog/vendor/laravel/framework/src/Illuminate/Pipeline/Pipeline.php(219): Mcamara\\LaravelLocalization\\Middleware\\LaravelLocalizationViewPath->handle(Object(Illuminate\\Http\\Request), Object(Closure))
#7 /Users/rifkinasss/Documents/workspace/Startup/NasLabs/internal-projects/Blog/vendor/mcamara/laravel-localization/src/Mcamara/LaravelLocalization/Middleware/LaravelLocalizationRoutes.php(30): Illuminate\\Pipeline\\Pipeline->{closure:{closure:Illuminate\\Pipeline\\Pipeline::carry():194}:195}(Object(Illuminate\\Http\\Request))
#8 /Users/rifkinasss/Documents/workspace/Startup/NasLabs/internal-projects/Blog/vendor/laravel/framework/src/Illuminate/Pipeline/Pipeline.php(219): Mcamara\\LaravelLocalization\\Middleware\\LaravelLocalizationRoutes->handle(Object(Illuminate\\Http\\Request), Object(Closure))
#9 /Users/rifkinasss/Documents/workspace/Startup/NasLabs/internal-projects/Blog/app/Http/Middleware/SetLocalizedLocale.php(19): Illuminate\\Pipeline\\Pipeline->{closure:{closure:Illuminate\\Pipeline\\Pipeline::carry():194}:195}(Object(Illuminate\\Http\\Request))
#10 /Users/rifkinasss/Documents/workspace/Startup/NasLabs/internal-projects/Blog/vendor/laravel/framework/src/Illuminate/Pipeline/Pipeline.php(219): App\\Http\\Middleware\\SetLocalizedLocale->handle(Object(Illuminate\\Http\\Request), Object(Closure))
#11 /Users/rifkinasss/Documents/workspace/Startup/NasLabs/internal-projects/Blog/vendor/laravel/framework/src/Illuminate/Http/Middleware/AddLinkHeadersForPreloadedAssets.php(32): Illuminate\\Pipeline\\Pipeline->{closure:{closure:Illuminate\\Pipeline\\Pipeline::carry():194}:195}(Object(Illuminate\\Http\\Request))
#12 /Users/rifkinasss/Documents/workspace/Startup/NasLabs/internal-projects/Blog/vendor/laravel/framework/src/Illuminate/Pipeline/Pipeline.php(219): Illuminate\\Http\\Middleware\\AddLinkHeadersForPreloadedAssets->handle(Object(Illuminate\\Http\\Request), Object(Closure))
#13 /Users/rifkinasss/Documents/workspace/Startup/NasLabs/internal-projects/Blog/vendor/laravel/framework/src/Illuminate/Routing/Middleware/SubstituteBindings.php(52): Illuminate\\Pipeline\\Pipeline->{closure:{closure:Illuminate\\Pipeline\\Pipeline::carry():194}:195}(Object(Illuminate\\Http\\Request))
#14 /Users/rifkinasss/Documents/workspace/Startup/NasLabs/internal-projects/Blog/vendor/laravel/framework/src/Illuminate/Pipeline/Pipeline.php(219): Illuminate\\Routing\\Middleware\\SubstituteBindings->handle(Object(Illuminate\\Http\\Request), Object(Closure))
#15 /Users/rifkinasss/Documents/workspace/Startup/NasLabs/internal-projects/Blog/vendor/laravel/framework/src/Illuminate/Foundation/Http/Middleware/PreventRequestForgery.php(104): Illuminate\\Pipeline\\Pipeline->{closure:{closure:Illuminate\\Pipeline\\Pipeline::carry():194}:195}(Object(Illuminate\\Http\\Request))
#16 /Users/rifkinasss/Documents/workspace/Startup/NasLabs/internal-projects/Blog/vendor/laravel/framework/src/Illuminate/Pipeline/Pipeline.php(219): Illuminate\\Foundation\\Http\\Middleware\\PreventRequestForgery->handle(Object(Illuminate\\Http\\Request), Object(Closure))
#17 /Users/rifkinasss/Documents/workspace/Startup/NasLabs/internal-projects/Blog/vendor/laravel/framework/src/Illuminate/View/Middleware/ShareErrorsFromSession.php(48): Illuminate\\Pipeline\\Pipeline->{closure:{closure:Illuminate\\Pipeline\\Pipeline::carry():194}:195}(Object(Illuminate\\Http\\Request))
#18 /Users/rifkinasss/Documents/workspace/Startup/NasLabs/internal-projects/Blog/vendor/laravel/framework/src/Illuminate/Pipeline/Pipeline.php(219): Illuminate\\View\\Middleware\\ShareErrorsFromSession->handle(Object(Illuminate\\Http\\Request), Object(Closure))
#19 /Users/rifkinasss/Documents/workspace/Startup/NasLabs/internal-projects/Blog/vendor/laravel/framework/src/Illuminate/Session/Middleware/StartSession.php(120): Illuminate\\Pipeline\\Pipeline->{closure:{closure:Illuminate\\Pipeline\\Pipeline::carry():194}:195}(Object(Illuminate\\Http\\Request))
#20 /Users/rifkinasss/Documents/workspace/Startup/NasLabs/internal-projects/Blog/vendor/laravel/framework/src/Illuminate/Session/Middleware/StartSession.php(63): Illuminate\\Session\\Middleware\\StartSession->handleStatefulRequest(Object(Illuminate\\Http\\Request), Object(Illuminate\\Session\\Store), Object(Closure))
#21 /Users/rifkinasss/Documents/workspace/Startup/NasLabs/internal-projects/Blog/vendor/laravel/framework/src/Illuminate/Pipeline/Pipeline.php(219): Illuminate\\Session\\Middleware\\StartSession->handle(Object(Illuminate\\Http\\Request), Object(Closure))
#22 /Users/rifkinasss/Documents/workspace/Startup/NasLabs/internal-projects/Blog/vendor/laravel/framework/src/Illuminate/Cookie/Middleware/AddQueuedCookiesToResponse.php(36): Illuminate\\Pipeline\\Pipeline->{closure:{closure:Illuminate\\Pipeline\\Pipeline::carry():194}:195}(Object(Illuminate\\Http\\Request))
#23 /Users/rifkinasss/Documents/workspace/Startup/NasLabs/internal-projects/Blog/vendor/laravel/framework/src/Illuminate/Pipeline/Pipeline.php(219): Illuminate\\Cookie\\Middleware\\AddQueuedCookiesToResponse->handle(Object(Illuminate\\Http\\Request), Object(Closure))
#24 /Users/rifkinasss/Documents/workspace/Startup/NasLabs/internal-projects/Blog/vendor/laravel/framework/src/Illuminate/Cookie/Middleware/EncryptCookies.php(74): Illuminate\\Pipeline\\Pipeline->{closure:{closure:Illuminate\\Pipeline\\Pipeline::carry():194}:195}(Object(Illuminate\\Http\\Request))
#25 /Users/rifkinasss/Documents/workspace/Startup/NasLabs/internal-projects/Blog/vendor/laravel/framework/src/Illuminate/Pipeline/Pipeline.php(219): Illuminate\\Cookie\\Middleware\\EncryptCookies->handle(Object(Illuminate\\Http\\Request), Object(Closure))
#26 /Users/rifkinasss/Documents/workspace/Startup/NasLabs/internal-projects/Blog/vendor/laravel/framework/src/Illuminate/Pipeline/Pipeline.php(137): Illuminate\\Pipeline\\Pipeline->{closure:{closure:Illuminate\\Pipeline\\Pipeline::carry():194}:195}(Object(Illuminate\\Http\\Request))
#27 /Users/rifkinasss/Documents/workspace/Startup/NasLabs/internal-projects/Blog/vendor/laravel/framework/src/Illuminate/Routing/Router.php(821): Illuminate\\Pipeline\\Pipeline->then(Object(Closure))
#28 /Users/rifkinasss/Documents/workspace/Startup/NasLabs/internal-projects/Blog/vendor/laravel/framework/src/Illuminate/Routing/Router.php(800): Illuminate\\Routing\\Router->runRouteWithinStack(Object(Illuminate\\Routing\\Route), Object(Illuminate\\Http\\Request))
#29 /Users/rifkinasss/Documents/workspace/Startup/NasLabs/internal-projects/Blog/vendor/laravel/framework/src/Illuminate/Routing/Router.php(764): Illuminate\\Routing\\Router->runRoute(Object(Illuminate\\Http\\Request), Object(Illuminate\\Routing\\Route))
#30 /Users/rifkinasss/Documents/workspace/Startup/NasLabs/internal-projects/Blog/vendor/laravel/framework/src/Illuminate/Routing/Router.php(753): Illuminate\\Routing\\Router->dispatchToRoute(Object(Illuminate\\Http\\Request))
#31 /Users/rifkinasss/Documents/workspace/Startup/NasLabs/internal-projects/Blog/vendor/laravel/framework/src/Illuminate/Foundation/Http/Kernel.php(200): Illuminate\\Routing\\Router->dispatch(Object(Illuminate\\Http\\Request))
#32 /Users/rifkinasss/Documents/workspace/Startup/NasLabs/internal-projects/Blog/vendor/laravel/framework/src/Illuminate/Pipeline/Pipeline.php(180): Illuminate\\Foundation\\Http\\Kernel->{closure:Illuminate\\Foundation\\Http\\Kernel::dispatchToRouter():197}(Object(Illuminate\\Http\\Request))
#33 /Users/rifkinasss/Documents/workspace/Startup/NasLabs/internal-projects/Blog/vendor/livewire/livewire/src/Features/SupportDisablingBackButtonCache/DisableBackButtonCacheMiddleware.php(19): Illuminate\\Pipeline\\Pipeline->{closure:Illuminate\\Pipeline\\Pipeline::prepareDestination():178}(Object(Illuminate\\Http\\Request))
#34 /Users/rifkinasss/Documents/workspace/Startup/NasLabs/internal-projects/Blog/vendor/laravel/framework/src/Illuminate/Pipeline/Pipeline.php(219): Livewire\\Features\\SupportDisablingBackButtonCache\\DisableBackButtonCacheMiddleware->handle(Object(Illuminate\\Http\\Request), Object(Closure))
#35 /Users/rifkinasss/Documents/workspace/Startup/NasLabs/internal-projects/Blog/vendor/laravel/framework/src/Illuminate/Foundation/Http/Middleware/TransformsRequest.php(21): Illuminate\\Pipeline\\Pipeline->{closure:{closure:Illuminate\\Pipeline\\Pipeline::carry():194}:195}(Object(Illuminate\\Http\\Request))
#36 /Users/rifkinasss/Documents/workspace/Startup/NasLabs/internal-projects/Blog/vendor/laravel/framework/src/Illuminate/Foundation/Http/Middleware/ConvertEmptyStringsToNull.php(31): Illuminate\\Foundation\\Http\\Middleware\\TransformsRequest->handle(Object(Illuminate\\Http\\Request), Object(Closure))
#37 /Users/rifkinasss/Documents/workspace/Startup/NasLabs/internal-projects/Blog/vendor/laravel/framework/src/Illuminate/Pipeline/Pipeline.php(219): Illuminate\\Foundation\\Http\\Middleware\\ConvertEmptyStringsToNull->handle(Object(Illuminate\\Http\\Request), Object(Closure))
#38 /Users/rifkinasss/Documents/workspace/Startup/NasLabs/internal-projects/Blog/vendor/laravel/framework/src/Illuminate/Foundation/Http/Middleware/TransformsRequest.php(21): Illuminate\\Pipeline\\Pipeline->{closure:{closure:Illuminate\\Pipeline\\Pipeline::carry():194}:195}(Object(Illuminate\\Http\\Request))
#39 /Users/rifkinasss/Documents/workspace/Startup/NasLabs/internal-projects/Blog/vendor/laravel/framework/src/Illuminate/Foundation/Http/Middleware/TrimStrings.php(51): Illuminate\\Foundation\\Http\\Middleware\\TransformsRequest->handle(Object(Illuminate\\Http\\Request), Object(Closure))
#40 /Users/rifkinasss/Documents/workspace/Startup/NasLabs/internal-projects/Blog/vendor/laravel/framework/src/Illuminate/Pipeline/Pipeline.php(219): Illuminate\\Foundation\\Http\\Middleware\\TrimStrings->handle(Object(Illuminate\\Http\\Request), Object(Closure))
#41 /Users/rifkinasss/Documents/workspace/Startup/NasLabs/internal-projects/Blog/vendor/laravel/framework/src/Illuminate/Http/Middleware/ValidatePostSize.php(27): Illuminate\\Pipeline\\Pipeline->{closure:{closure:Illuminate\\Pipeline\\Pipeline::carry():194}:195}(Object(Illuminate\\Http\\Request))
#42 /Users/rifkinasss/Documents/workspace/Startup/NasLabs/internal-projects/Blog/vendor/laravel/framework/src/Illuminate/Pipeline/Pipeline.php(219): Illuminate\\Http\\Middleware\\ValidatePostSize->handle(Object(Illuminate\\Http\\Request), Object(Closure))
#43 /Users/rifkinasss/Documents/workspace/Startup/NasLabs/internal-projects/Blog/vendor/laravel/framework/src/Illuminate/Foundation/Http/Middleware/PreventRequestsDuringMaintenance.php(110): Illuminate\\Pipeline\\Pipeline->{closure:{closure:Illuminate\\Pipeline\\Pipeline::carry():194}:195}(Object(Illuminate\\Http\\Request))
#44 /Users/rifkinasss/Documents/workspace/Startup/NasLabs/internal-projects/Blog/vendor/laravel/framework/src/Illuminate/Pipeline/Pipeline.php(219): Illuminate\\Foundation\\Http\\Middleware\\PreventRequestsDuringMaintenance->handle(Object(Illuminate\\Http\\Request), Object(Closure))
#45 /Users/rifkinasss/Documents/workspace/Startup/NasLabs/internal-projects/Blog/vendor/laravel/framework/src/Illuminate/Http/Middleware/HandleCors.php(61): Illuminate\\Pipeline\\Pipeline->{closure:{closure:Illuminate\\Pipeline\\Pipeline::carry():194}:195}(Object(Illuminate\\Http\\Request))
#46 /Users/rifkinasss/Documents/workspace/Startup/NasLabs/internal-projects/Blog/vendor/laravel/framework/src/Illuminate/Pipeline/Pipeline.php(219): Illuminate\\Http\\Middleware\\HandleCors->handle(Object(Illuminate\\Http\\Request), Object(Closure))
#47 /Users/rifkinasss/Documents/workspace/Startup/NasLabs/internal-projects/Blog/vendor/laravel/framework/src/Illuminate/Http/Middleware/TrustProxies.php(58): Illuminate\\Pipeline\\Pipeline->{closure:{closure:Illuminate\\Pipeline\\Pipeline::carry():194}:195}(Object(Illuminate\\Http\\Request))
#48 /Users/rifkinasss/Documents/workspace/Startup/NasLabs/internal-projects/Blog/vendor/laravel/framework/src/Illuminate/Pipeline/Pipeline.php(219): Illuminate\\Http\\Middleware\\TrustProxies->handle(Object(Illuminate\\Http\\Request), Object(Closure))
#49 /Users/rifkinasss/Documents/workspace/Startup/NasLabs/internal-projects/Blog/vendor/laravel/framework/src/Illuminate/Foundation/Http/Middleware/InvokeDeferredCallbacks.php(22): Illuminate\\Pipeline\\Pipeline->{closure:{closure:Illuminate\\Pipeline\\Pipeline::carry():194}:195}(Object(Illuminate\\Http\\Request))
#50 /Users/rifkinasss/Documents/workspace/Startup/NasLabs/internal-projects/Blog/vendor/laravel/framework/src/Illuminate/Pipeline/Pipeline.php(219): Illuminate\\Foundation\\Http\\Middleware\\InvokeDeferredCallbacks->handle(Object(Illuminate\\Http\\Request), Object(Closure))
#51 /Users/rifkinasss/Documents/workspace/Startup/NasLabs/internal-projects/Blog/vendor/laravel/framework/src/Illuminate/Http/Middleware/ValidatePathEncoding.php(28): Illuminate\\Pipeline\\Pipeline->{closure:{closure:Illuminate\\Pipeline\\Pipeline::carry():194}:195}(Object(Illuminate\\Http\\Request))
#52 /Users/rifkinasss/Documents/workspace/Startup/NasLabs/internal-projects/Blog/vendor/laravel/framework/src/Illuminate/Pipeline/Pipeline.php(219): Illuminate\\Http\\Middleware\\ValidatePathEncoding->handle(Object(Illuminate\\Http\\Request), Object(Closure))
#53 /Users/rifkinasss/Documents/workspace/Startup/NasLabs/internal-projects/Blog/vendor/laravel/framework/src/Illuminate/Pipeline/Pipeline.php(137): Illuminate\\Pipeline\\Pipeline->{closure:{closure:Illuminate\\Pipeline\\Pipeline::carry():194}:195}(Object(Illuminate\\Http\\Request))
#54 /Users/rifkinasss/Documents/workspace/Startup/NasLabs/internal-projects/Blog/vendor/laravel/framework/src/Illuminate/Foundation/Http/Kernel.php(175): Illuminate\\Pipeline\\Pipeline->then(Object(Closure))
#55 /Users/rifkinasss/Documents/workspace/Startup/NasLabs/internal-projects/Blog/vendor/laravel/framework/src/Illuminate/Foundation/Http/Kernel.php(144): Illuminate\\Foundation\\Http\\Kernel->sendRequestThroughRouter(Object(Illuminate\\Http\\Request))
#56 /Users/rifkinasss/Documents/workspace/Startup/NasLabs/internal-projects/Blog/vendor/laravel/framework/src/Illuminate/Foundation/Testing/Concerns/MakesHttpRequests.php(638): Illuminate\\Foundation\\Http\\Kernel->handle(Object(Illuminate\\Http\\Request))
#57 /Users/rifkinasss/Documents/workspace/Startup/NasLabs/internal-projects/Blog/vendor/laravel/framework/src/Illuminate/Foundation/Testing/Concerns/MakesHttpRequests.php(368): Illuminate\\Foundation\\Testing\\TestCase->call('GET', '/id/articles/dr...', Array, Array, Array, Array)
#58 /Users/rifkinasss/Documents/workspace/Startup/NasLabs/internal-projects/Blog/tests/Feature/AdminFoundationTest.php(40): Illuminate\\Foundation\\Testing\\TestCase->get('/id/articles/dr...')
#59 /Users/rifkinasss/Documents/workspace/Startup/NasLabs/internal-projects/Blog/vendor/phpunit/phpunit/src/Framework/TestCase.php(1318): Tests\\Feature\\AdminFoundationTest->test_signed_preview_can_show_a_draft_but_public_route_cannot()
#60 /Users/rifkinasss/Documents/workspace/Startup/NasLabs/internal-projects/Blog/vendor/phpunit/phpunit/src/Framework/TestCase.php(1355): PHPUnit\\Framework\\TestCase->invokeTestMethod('test_signed_pre...', Array)
#61 /Users/rifkinasss/Documents/workspace/Startup/NasLabs/internal-projects/Blog/vendor/phpunit/phpunit/src/Framework/TestCase.php(521): PHPUnit\\Framework\\TestCase->runTest()
#62 /Users/rifkinasss/Documents/workspace/Startup/NasLabs/internal-projects/Blog/vendor/phpunit/phpunit/src/Framework/TestRunner/TestRunner.php(99): PHPUnit\\Framework\\TestCase->runBare()
#63 /Users/rifkinasss/Documents/workspace/Startup/NasLabs/internal-projects/Blog/vendor/phpunit/phpunit/src/Framework/TestCase.php(361): PHPUnit\\Framework\\TestRunner->run(Object(Tests\\Feature\\AdminFoundationTest))
#64 /Users/rifkinasss/Documents/workspace/Startup/NasLabs/internal-projects/Blog/vendor/phpunit/phpunit/src/Framework/TestSuite.php(374): PHPUnit\\Framework\\TestCase->run()
#65 /Users/rifkinasss/Documents/workspace/Startup/NasLabs/internal-projects/Blog/vendor/phpunit/phpunit/src/Framework/TestSuite.php(374): PHPUnit\\Framework\\TestSuite->run()
#66 /Users/rifkinasss/Documents/workspace/Startup/NasLabs/internal-projects/Blog/vendor/phpunit/phpunit/src/Framework/TestSuite.php(374): PHPUnit\\Framework\\TestSuite->run()
#67 /Users/rifkinasss/Documents/workspace/Startup/NasLabs/internal-projects/Blog/vendor/phpunit/phpunit/src/TextUI/TestRunner.php(64): PHPUnit\\Framework\\TestSuite->run()
#68 /Users/rifkinasss/Documents/workspace/Startup/NasLabs/internal-projects/Blog/vendor/phpunit/phpunit/src/TextUI/Application.php(229): PHPUnit\\TextUI\\TestRunner->run(Object(PHPUnit\\TextUI\\Configuration\\Configuration), Object(PHPUnit\\Runner\\ResultCache\\DefaultResultCache), Object(PHPUnit\\Framework\\TestSuite))
#69 /Users/rifkinasss/Documents/workspace/Startup/NasLabs/internal-projects/Blog/vendor/phpunit/phpunit/phpunit(104): PHPUnit\\TextUI\\Application->run(Array)
#70 {main}
"} 
[2026-09-15 15:58:00] testing.ERROR: App\Http\Controllers\BlogController::show(): Argument #1 ($article) must be of type App\Models\Article, string given, called in /Users/rifkinasss/Documents/workspace/Startup/NasLabs/internal-projects/Blog/vendor/laravel/framework/src/Illuminate/Routing/ControllerDispatcher.php on line 46 {"exception":"[object] (TypeError(code: 0): App\\Http\\Controllers\\BlogController::show(): Argument #1 ($article) must be of type App\\Models\\Article, string given, called in /Users/rifkinasss/Documents/workspace/Startup/NasLabs/internal-projects/Blog/vendor/laravel/framework/src/Illuminate/Routing/ControllerDispatcher.php on line 46 at /Users/rifkinasss/Documents/workspace/Startup/NasLabs/internal-projects/Blog/app/Http/Controllers/BlogController.php:29)
[stacktrace]
#0 /Users/rifkinasss/Documents/workspace/Startup/NasLabs/internal-projects/Blog/vendor/laravel/framework/src/Illuminate/Routing/ControllerDispatcher.php(46): App\\Http\\Controllers\\BlogController->show('id', Object(App\\Services\\Markdown), Object(App\\Models\\Article))
#1 /Users/rifkinasss/Documents/workspace/Startup/NasLabs/internal-projects/Blog/vendor/laravel/framework/src/Illuminate/Routing/Route.php(276): Illuminate\\Routing\\ControllerDispatcher->dispatch(Object(Illuminate\\Routing\\Route), Object(App\\Http\\Controllers\\BlogController), 'show')
#2 /Users/rifkinasss/Documents/workspace/Startup/NasLabs/internal-projects/Blog/vendor/laravel/framework/src/Illuminate/Routing/Route.php(216): Illuminate\\Routing\\Route->runController()
#3 /Users/rifkinasss/Documents/workspace/Startup/NasLabs/internal-projects/Blog/vendor/laravel/framework/src/Illuminate/Routing/Router.php(822): Illuminate\\Routing\\Route->run()
#4 /Users/rifkinasss/Documents/workspace/Startup/NasLabs/internal-projects/Blog/vendor/laravel/framework/src/Illuminate/Pipeline/Pipeline.php(180): Illuminate\\Routing\\Router->{closure:Illuminate\\Routing\\Router::runRouteWithinStack():821}(Object(Illuminate\\Http\\Request))
#5 /Users/rifkinasss/Documents/workspace/Startup/NasLabs/internal-projects/Blog/vendor/mcamara/laravel-localization/src/Mcamara/LaravelLocalization/Middleware/LaravelLocalizationViewPath.php(33): Illuminate\\Pipeline\\Pipeline->{closure:Illuminate\\Pipeline\\Pipeline::prepareDestination():178}(Object(Illuminate\\Http\\Request))
#6 /Users/rifkinasss/Documents/workspace/Startup/NasLabs/internal-projects/Blog/vendor/laravel/framework/src/Illuminate/Pipeline/Pipeline.php(219): Mcamara\\LaravelLocalization\\Middleware\\LaravelLocalizationViewPath->handle(Object(Illuminate\\Http\\Request), Object(Closure))
#7 /Users/rifkinasss/Documents/workspace/Startup/NasLabs/internal-projects/Blog/vendor/mcamara/laravel-localization/src/Mcamara/LaravelLocalization/Middleware/LaravelLocalizationRoutes.php(30): Illuminate\\Pipeline\\Pipeline->{closure:{closure:Illuminate\\Pipeline\\Pipeline::carry():194}:195}(Object(Illuminate\\Http\\Request))
#8 /Users/rifkinasss/Documents/workspace/Startup/NasLabs/internal-projects/Blog/vendor/laravel/framework/src/Illuminate/Pipeline/Pipeline.php(219): Mcamara\\LaravelLocalization\\Middleware\\LaravelLocalizationRoutes->handle(Object(Illuminate\\Http\\Request), Object(Closure))
#9 /Users/rifkinasss/Documents/workspace/Startup/NasLabs/internal-projects/Blog/app/Http/Middleware/SetLocalizedLocale.php(19): Illuminate\\Pipeline\\Pipeline->{closure:{closure:Illuminate\\Pipeline\\Pipeline::carry():194}:195}(Object(Illuminate\\Http\\Request))
#10 /Users/rifkinasss/Documents/workspace/Startup/NasLabs/internal-projects/Blog/vendor/laravel/framework/src/Illuminate/Pipeline/Pipeline.php(219): App\\Http\\Middleware\\SetLocalizedLocale->handle(Object(Illuminate\\Http\\Request), Object(Closure))
#11 /Users/rifkinasss/Documents/workspace/Startup/NasLabs/internal-projects/Blog/vendor/laravel/framework/src/Illuminate/Http/Middleware/AddLinkHeadersForPreloadedAssets.php(32): Illuminate\\Pipeline\\Pipeline->{closure:{closure:Illuminate\\Pipeline\\Pipeline::carry():194}:195}(Object(Illuminate\\Http\\Request))
#12 /Users/rifkinasss/Documents/workspace/Startup/NasLabs/internal-projects/Blog/vendor/laravel/framework/src/Illuminate/Pipeline/Pipeline.php(219): Illuminate\\Http\\Middleware\\AddLinkHeadersForPreloadedAssets->handle(Object(Illuminate\\Http\\Request), Object(Closure))
#13 /Users/rifkinasss/Documents/workspace/Startup/NasLabs/internal-projects/Blog/vendor/laravel/framework/src/Illuminate/Routing/Middleware/SubstituteBindings.php(52): Illuminate\\Pipeline\\Pipeline->{closure:{closure:Illuminate\\Pipeline\\Pipeline::carry():194}:195}(Object(Illuminate\\Http\\Request))
#14 /Users/rifkinasss/Documents/workspace/Startup/NasLabs/internal-projects/Blog/vendor/laravel/framework/src/Illuminate/Pipeline/Pipeline.php(219): Illuminate\\Routing\\Middleware\\SubstituteBindings->handle(Object(Illuminate\\Http\\Request), Object(Closure))
#15 /Users/rifkinasss/Documents/workspace/Startup/NasLabs/internal-projects/Blog/vendor/laravel/framework/src/Illuminate/Foundation/Http/Middleware/PreventRequestForgery.php(104): Illuminate\\Pipeline\\Pipeline->{closure:{closure:Illuminate\\Pipeline\\Pipeline::carry():194}:195}(Object(Illuminate\\Http\\Request))
#16 /Users/rifkinasss/Documents/workspace/Startup/NasLabs/internal-projects/Blog/vendor/laravel/framework/src/Illuminate/Pipeline/Pipeline.php(219): Illuminate\\Foundation\\Http\\Middleware\\PreventRequestForgery->handle(Object(Illuminate\\Http\\Request), Object(Closure))
#17 /Users/rifkinasss/Documents/workspace/Startup/NasLabs/internal-projects/Blog/vendor/laravel/framework/src/Illuminate/View/Middleware/ShareErrorsFromSession.php(48): Illuminate\\Pipeline\\Pipeline->{closure:{closure:Illuminate\\Pipeline\\Pipeline::carry():194}:195}(Object(Illuminate\\Http\\Request))
#18 /Users/rifkinasss/Documents/workspace/Startup/NasLabs/internal-projects/Blog/vendor/laravel/framework/src/Illuminate/Pipeline/Pipeline.php(219): Illuminate\\View\\Middleware\\ShareErrorsFromSession->handle(Object(Illuminate\\Http\\Request), Object(Closure))
#19 /Users/rifkinasss/Documents/workspace/Startup/NasLabs/internal-projects/Blog/vendor/laravel/framework/src/Illuminate/Session/Middleware/StartSession.php(120): Illuminate\\Pipeline\\Pipeline->{closure:{closure:Illuminate\\Pipeline\\Pipeline::carry():194}:195}(Object(Illuminate\\Http\\Request))
#20 /Users/rifkinasss/Documents/workspace/Startup/NasLabs/internal-projects/Blog/vendor/laravel/framework/src/Illuminate/Session/Middleware/StartSession.php(63): Illuminate\\Session\\Middleware\\StartSession->handleStatefulRequest(Object(Illuminate\\Http\\Request), Object(Illuminate\\Session\\Store), Object(Closure))
#21 /Users/rifkinasss/Documents/workspace/Startup/NasLabs/internal-projects/Blog/vendor/laravel/framework/src/Illuminate/Pipeline/Pipeline.php(219): Illuminate\\Session\\Middleware\\StartSession->handle(Object(Illuminate\\Http\\Request), Object(Closure))
#22 /Users/rifkinasss/Documents/workspace/Startup/NasLabs/internal-projects/Blog/vendor/laravel/framework/src/Illuminate/Cookie/Middleware/AddQueuedCookiesToResponse.php(36): Illuminate\\Pipeline\\Pipeline->{closure:{closure:Illuminate\\Pipeline\\Pipeline::carry():194}:195}(Object(Illuminate\\Http\\Request))
#23 /Users/rifkinasss/Documents/workspace/Startup/NasLabs/internal-projects/Blog/vendor/laravel/framework/src/Illuminate/Pipeline/Pipeline.php(219): Illuminate\\Cookie\\Middleware\\AddQueuedCookiesToResponse->handle(Object(Illuminate\\Http\\Request), Object(Closure))
#24 /Users/rifkinasss/Documents/workspace/Startup/NasLabs/internal-projects/Blog/vendor/laravel/framework/src/Illuminate/Cookie/Middleware/EncryptCookies.php(74): Illuminate\\Pipeline\\Pipeline->{closure:{closure:Illuminate\\Pipeline\\Pipeline::carry():194}:195}(Object(Illuminate\\Http\\Request))
#25 /Users/rifkinasss/Documents/workspace/Startup/NasLabs/internal-projects/Blog/vendor/laravel/framework/src/Illuminate/Pipeline/Pipeline.php(219): Illuminate\\Cookie\\Middleware\\EncryptCookies->handle(Object(Illuminate\\Http\\Request), Object(Closure))
#26 /Users/rifkinasss/Documents/workspace/Startup/NasLabs/internal-projects/Blog/vendor/laravel/framework/src/Illuminate/Pipeline/Pipeline.php(137): Illuminate\\Pipeline\\Pipeline->{closure:{closure:Illuminate\\Pipeline\\Pipeline::carry():194}:195}(Object(Illuminate\\Http\\Request))
#27 /Users/rifkinasss/Documents/workspace/Startup/NasLabs/internal-projects/Blog/vendor/laravel/framework/src/Illuminate/Routing/Router.php(821): Illuminate\\Pipeline\\Pipeline->then(Object(Closure))
#28 /Users/rifkinasss/Documents/workspace/Startup/NasLabs/internal-projects/Blog/vendor/laravel/framework/src/Illuminate/Routing/Router.php(800): Illuminate\\Routing\\Router->runRouteWithinStack(Object(Illuminate\\Routing\\Route), Object(Illuminate\\Http\\Request))
#29 /Users/rifkinasss/Documents/workspace/Startup/NasLabs/internal-projects/Blog/vendor/laravel/framework/src/Illuminate/Routing/Router.php(764): Illuminate\\Routing\\Router->runRoute(Object(Illuminate\\Http\\Request), Object(Illuminate\\Routing\\Route))
#30 /Users/rifkinasss/Documents/workspace/Startup/NasLabs/internal-projects/Blog/vendor/laravel/framework/src/Illuminate/Routing/Router.php(753): Illuminate\\Routing\\Router->dispatchToRoute(Object(Illuminate\\Http\\Request))
#31 /Users/rifkinasss/Documents/workspace/Startup/NasLabs/internal-projects/Blog/vendor/laravel/framework/src/Illuminate/Foundation/Http/Kernel.php(200): Illuminate\\Routing\\Router->dispatch(Object(Illuminate\\Http\\Request))
#32 /Users/rifkinasss/Documents/workspace/Startup/NasLabs/internal-projects/Blog/vendor/laravel/framework/src/Illuminate/Pipeline/Pipeline.php(180): Illuminate\\Foundation\\Http\\Kernel->{closure:Illuminate\\Foundation\\Http\\Kernel::dispatchToRouter():197}(Object(Illuminate\\Http\\Request))
#33 /Users/rifkinasss/Documents/workspace/Startup/NasLabs/internal-projects/Blog/vendor/livewire/livewire/src/Features/SupportDisablingBackButtonCache/DisableBackButtonCacheMiddleware.php(19): Illuminate\\Pipeline\\Pipeline->{closure:Illuminate\\Pipeline\\Pipeline::prepareDestination():178}(Object(Illuminate\\Http\\Request))
#34 /Users/rifkinasss/Documents/workspace/Startup/NasLabs/internal-projects/Blog/vendor/laravel/framework/src/Illuminate/Pipeline/Pipeline.php(219): Livewire\\Features\\SupportDisablingBackButtonCache\\DisableBackButtonCacheMiddleware->handle(Object(Illuminate\\Http\\Request), Object(Closure))
#35 /Users/rifkinasss/Documents/workspace/Startup/NasLabs/internal-projects/Blog/vendor/laravel/framework/src/Illuminate/Foundation/Http/Middleware/TransformsRequest.php(21): Illuminate\\Pipeline\\Pipeline->{closure:{closure:Illuminate\\Pipeline\\Pipeline::carry():194}:195}(Object(Illuminate\\Http\\Request))
#36 /Users/rifkinasss/Documents/workspace/Startup/NasLabs/internal-projects/Blog/vendor/laravel/framework/src/Illuminate/Foundation/Http/Middleware/ConvertEmptyStringsToNull.php(31): Illuminate\\Foundation\\Http\\Middleware\\TransformsRequest->handle(Object(Illuminate\\Http\\Request), Object(Closure))
#37 /Users/rifkinasss/Documents/workspace/Startup/NasLabs/internal-projects/Blog/vendor/laravel/framework/src/Illuminate/Pipeline/Pipeline.php(219): Illuminate\\Foundation\\Http\\Middleware\\ConvertEmptyStringsToNull->handle(Object(Illuminate\\Http\\Request), Object(Closure))
#38 /Users/rifkinasss/Documents/workspace/Startup/NasLabs/internal-projects/Blog/vendor/laravel/framework/src/Illuminate/Foundation/Http/Middleware/TransformsRequest.php(21): Illuminate\\Pipeline\\Pipeline->{closure:{closure:Illuminate\\Pipeline\\Pipeline::carry():194}:195}(Object(Illuminate\\Http\\Request))
#39 /Users/rifkinasss/Documents/workspace/Startup/NasLabs/internal-projects/Blog/vendor/laravel/framework/src/Illuminate/Foundation/Http/Middleware/TrimStrings.php(51): Illuminate\\Foundation\\Http\\Middleware\\TransformsRequest->handle(Object(Illuminate\\Http\\Request), Object(Closure))
#40 /Users/rifkinasss/Documents/workspace/Startup/NasLabs/internal-projects/Blog/vendor/laravel/framework/src/Illuminate/Pipeline/Pipeline.php(219): Illuminate\\Foundation\\Http\\Middleware\\TrimStrings->handle(Object(Illuminate\\Http\\Request), Object(Closure))
#41 /Users/rifkinasss/Documents/workspace/Startup/NasLabs/internal-projects/Blog/vendor/laravel/framework/src/Illuminate/Http/Middleware/ValidatePostSize.php(27): Illuminate\\Pipeline\\Pipeline->{closure:{closure:Illuminate\\Pipeline\\Pipeline::carry():194}:195}(Object(Illuminate\\Http\\Request))
#42 /Users/rifkinasss/Documents/workspace/Startup/NasLabs/internal-projects/Blog/vendor/laravel/framework/src/Illuminate/Pipeline/Pipeline.php(219): Illuminate\\Http\\Middleware\\ValidatePostSize->handle(Object(Illuminate\\Http\\Request), Object(Closure))
#43 /Users/rifkinasss/Documents/workspace/Startup/NasLabs/internal-projects/Blog/vendor/laravel/framework/src/Illuminate/Foundation/Http/Middleware/PreventRequestsDuringMaintenance.php(110): Illuminate\\Pipeline\\Pipeline->{closure:{closure:Illuminate\\Pipeline\\Pipeline::carry():194}:195}(Object(Illuminate\\Http\\Request))
#44 /Users/rifkinasss/Documents/workspace/Startup/NasLabs/internal-projects/Blog/vendor/laravel/framework/src/Illuminate/Pipeline/Pipeline.php(219): Illuminate\\Foundation\\Http\\Middleware\\PreventRequestsDuringMaintenance->handle(Object(Illuminate\\Http\\Request), Object(Closure))
#45 /Users/rifkinasss/Documents/workspace/Startup/NasLabs/internal-projects/Blog/vendor/laravel/framework/src/Illuminate/Http/Middleware/HandleCors.php(61): Illuminate\\Pipeline\\Pipeline->{closure:{closure:Illuminate\\Pipeline\\Pipeline::carry():194}:195}(Object(Illuminate\\Http\\Request))
#46 /Users/rifkinasss/Documents/workspace/Startup/NasLabs/internal-projects/Blog/vendor/laravel/framework/src/Illuminate/Pipeline/Pipeline.php(219): Illuminate\\Http\\Middleware\\HandleCors->handle(Object(Illuminate\\Http\\Request), Object(Closure))
#47 /Users/rifkinasss/Documents/workspace/Startup/NasLabs/internal-projects/Blog/vendor/laravel/framework/src/Illuminate/Http/Middleware/TrustProxies.php(58): Illuminate\\Pipeline\\Pipeline->{closure:{closure:Illuminate\\Pipeline\\Pipeline::carry():194}:195}(Object(Illuminate\\Http\\Request))
#48 /Users/rifkinasss/Documents/workspace/Startup/NasLabs/internal-projects/Blog/vendor/laravel/framework/src/Illuminate/Pipeline/Pipeline.php(219): Illuminate\\Http\\Middleware\\TrustProxies->handle(Object(Illuminate\\Http\\Request), Object(Closure))
#49 /Users/rifkinasss/Documents/workspace/Startup/NasLabs/internal-projects/Blog/vendor/laravel/framework/src/Illuminate/Foundation/Http/Middleware/InvokeDeferredCallbacks.php(22): Illuminate\\Pipeline\\Pipeline->{closure:{closure:Illuminate\\Pipeline\\Pipeline::carry():194}:195}(Object(Illuminate\\Http\\Request))
#50 /Users/rifkinasss/Documents/workspace/Startup/NasLabs/internal-projects/Blog/vendor/laravel/framework/src/Illuminate/Pipeline/Pipeline.php(219): Illuminate\\Foundation\\Http\\Middleware\\InvokeDeferredCallbacks->handle(Object(Illuminate\\Http\\Request), Object(Closure))
#51 /Users/rifkinasss/Documents/workspace/Startup/NasLabs/internal-projects/Blog/vendor/laravel/framework/src/Illuminate/Http/Middleware/ValidatePathEncoding.php(28): Illuminate\\Pipeline\\Pipeline->{closure:{closure:Illuminate\\Pipeline\\Pipeline::carry():194}:195}(Object(Illuminate\\Http\\Request))
#52 /Users/rifkinasss/Documents/workspace/Startup/NasLabs/internal-projects/Blog/vendor/laravel/framework/src/Illuminate/Pipeline/Pipeline.php(219): Illuminate\\Http\\Middleware\\ValidatePathEncoding->handle(Object(Illuminate\\Http\\Request), Object(Closure))
#53 /Users/rifkinasss/Documents/workspace/Startup/NasLabs/internal-projects/Blog/vendor/laravel/framework/src/Illuminate/Pipeline/Pipeline.php(137): Illuminate\\Pipeline\\Pipeline->{closure:{closure:Illuminate\\Pipeline\\Pipeline::carry():194}:195}(Object(Illuminate\\Http\\Request))
#54 /Users/rifkinasss/Documents/workspace/Startup/NasLabs/internal-projects/Blog/vendor/laravel/framework/src/Illuminate/Foundation/Http/Kernel.php(175): Illuminate\\Pipeline\\Pipeline->then(Object(Closure))
#55 /Users/rifkinasss/Documents/workspace/Startup/NasLabs/internal-projects/Blog/vendor/laravel/framework/src/Illuminate/Foundation/Http/Kernel.php(144): Illuminate\\Foundation\\Http\\Kernel->sendRequestThroughRouter(Object(Illuminate\\Http\\Request))
#56 /Users/rifkinasss/Documents/workspace/Startup/NasLabs/internal-projects/Blog/vendor/laravel/framework/src/Illuminate/Foundation/Testing/Concerns/MakesHttpRequests.php(638): Illuminate\\Foundation\\Http\\Kernel->handle(Object(Illuminate\\Http\\Request))
#57 /Users/rifkinasss/Documents/workspace/Startup/NasLabs/internal-projects/Blog/vendor/laravel/framework/src/Illuminate/Foundation/Testing/Concerns/MakesHttpRequests.php(368): Illuminate\\Foundation\\Testing\\TestCase->call('GET', '/id/articles/pu...', Array, Array, Array, Array)
#58 /Users/rifkinasss/Documents/workspace/Startup/NasLabs/internal-projects/Blog/tests/Feature/ArticleWorkflowTest.php(33): Illuminate\\Foundation\\Testing\\TestCase->get('/id/articles/pu...')
#59 /Users/rifkinasss/Documents/workspace/Startup/NasLabs/internal-projects/Blog/vendor/phpunit/phpunit/src/Framework/TestCase.php(1318): Tests\\Feature\\ArticleWorkflowTest->test_published_article_is_public()
#60 /Users/rifkinasss/Documents/workspace/Startup/NasLabs/internal-projects/Blog/vendor/phpunit/phpunit/src/Framework/TestCase.php(1355): PHPUnit\\Framework\\TestCase->invokeTestMethod('test_published_...', Array)
#61 /Users/rifkinasss/Documents/workspace/Startup/NasLabs/internal-projects/Blog/vendor/phpunit/phpunit/src/Framework/TestCase.php(521): PHPUnit\\Framework\\TestCase->runTest()
#62 /Users/rifkinasss/Documents/workspace/Startup/NasLabs/internal-projects/Blog/vendor/phpunit/phpunit/src/Framework/TestRunner/TestRunner.php(99): PHPUnit\\Framework\\TestCase->runBare()
#63 /Users/rifkinasss/Documents/workspace/Startup/NasLabs/internal-projects/Blog/vendor/phpunit/phpunit/src/Framework/TestCase.php(361): PHPUnit\\Framework\\TestRunner->run(Object(Tests\\Feature\\ArticleWorkflowTest))
#64 /Users/rifkinasss/Documents/workspace/Startup/NasLabs/internal-projects/Blog/vendor/phpunit/phpunit/src/Framework/TestSuite.php(374): PHPUnit\\Framework\\TestCase->run()
#65 /Users/rifkinasss/Documents/workspace/Startup/NasLabs/internal-projects/Blog/vendor/phpunit/phpunit/src/Framework/TestSuite.php(374): PHPUnit\\Framework\\TestSuite->run()
#66 /Users/rifkinasss/Documents/workspace/Startup/NasLabs/internal-projects/Blog/vendor/phpunit/phpunit/src/Framework/TestSuite.php(374): PHPUnit\\Framework\\TestSuite->run()
#67 /Users/rifkinasss/Documents/workspace/Startup/NasLabs/internal-projects/Blog/vendor/phpunit/phpunit/src/TextUI/TestRunner.php(64): PHPUnit\\Framework\\TestSuite->run()
#68 /Users/rifkinasss/Documents/workspace/Startup/NasLabs/internal-projects/Blog/vendor/phpunit/phpunit/src/TextUI/Application.php(229): PHPUnit\\TextUI\\TestRunner->run(Object(PHPUnit\\TextUI\\Configuration\\Configuration), Object(PHPUnit\\Runner\\ResultCache\\DefaultResultCache), Object(PHPUnit\\Framework\\TestSuite))
#69 /Users/rifkinasss/Documents/workspace/Startup/NasLabs/internal-projects/Blog/vendor/phpunit/phpunit/phpunit(104): PHPUnit\\TextUI\\Application->run(Array)
#70 {main}
"} 
[2026-09-15 15:58:00] testing.ERROR: App\Http\Controllers\BlogController::show(): Argument #1 ($article) must be of type App\Models\Article, string given, called in /Users/rifkinasss/Documents/workspace/Startup/NasLabs/internal-projects/Blog/vendor/laravel/framework/src/Illuminate/Routing/ControllerDispatcher.php on line 46 {"exception":"[object] (TypeError(code: 0): App\\Http\\Controllers\\BlogController::show(): Argument #1 ($article) must be of type App\\Models\\Article, string given, called in /Users/rifkinasss/Documents/workspace/Startup/NasLabs/internal-projects/Blog/vendor/laravel/framework/src/Illuminate/Routing/ControllerDispatcher.php on line 46 at /Users/rifkinasss/Documents/workspace/Startup/NasLabs/internal-projects/Blog/app/Http/Controllers/BlogController.php:29)
[stacktrace]
#0 /Users/rifkinasss/Documents/workspace/Startup/NasLabs/internal-projects/Blog/vendor/laravel/framework/src/Illuminate/Routing/ControllerDispatcher.php(46): App\\Http\\Controllers\\BlogController->show('id', Object(App\\Services\\Markdown), Object(App\\Models\\Article))
#1 /Users/rifkinasss/Documents/workspace/Startup/NasLabs/internal-projects/Blog/vendor/laravel/framework/src/Illuminate/Routing/Route.php(276): Illuminate\\Routing\\ControllerDispatcher->dispatch(Object(Illuminate\\Routing\\Route), Object(App\\Http\\Controllers\\BlogController), 'show')
#2 /Users/rifkinasss/Documents/workspace/Startup/NasLabs/internal-projects/Blog/vendor/laravel/framework/src/Illuminate/Routing/Route.php(216): Illuminate\\Routing\\Route->runController()
#3 /Users/rifkinasss/Documents/workspace/Startup/NasLabs/internal-projects/Blog/vendor/laravel/framework/src/Illuminate/Routing/Router.php(822): Illuminate\\Routing\\Route->run()
#4 /Users/rifkinasss/Documents/workspace/Startup/NasLabs/internal-projects/Blog/vendor/laravel/framework/src/Illuminate/Pipeline/Pipeline.php(180): Illuminate\\Routing\\Router->{closure:Illuminate\\Routing\\Router::runRouteWithinStack():821}(Object(Illuminate\\Http\\Request))
#5 /Users/rifkinasss/Documents/workspace/Startup/NasLabs/internal-projects/Blog/vendor/mcamara/laravel-localization/src/Mcamara/LaravelLocalization/Middleware/LaravelLocalizationViewPath.php(33): Illuminate\\Pipeline\\Pipeline->{closure:Illuminate\\Pipeline\\Pipeline::prepareDestination():178}(Object(Illuminate\\Http\\Request))
#6 /Users/rifkinasss/Documents/workspace/Startup/NasLabs/internal-projects/Blog/vendor/laravel/framework/src/Illuminate/Pipeline/Pipeline.php(219): Mcamara\\LaravelLocalization\\Middleware\\LaravelLocalizationViewPath->handle(Object(Illuminate\\Http\\Request), Object(Closure))
#7 /Users/rifkinasss/Documents/workspace/Startup/NasLabs/internal-projects/Blog/vendor/mcamara/laravel-localization/src/Mcamara/LaravelLocalization/Middleware/LaravelLocalizationRoutes.php(30): Illuminate\\Pipeline\\Pipeline->{closure:{closure:Illuminate\\Pipeline\\Pipeline::carry():194}:195}(Object(Illuminate\\Http\\Request))
#8 /Users/rifkinasss/Documents/workspace/Startup/NasLabs/internal-projects/Blog/vendor/laravel/framework/src/Illuminate/Pipeline/Pipeline.php(219): Mcamara\\LaravelLocalization\\Middleware\\LaravelLocalizationRoutes->handle(Object(Illuminate\\Http\\Request), Object(Closure))
#9 /Users/rifkinasss/Documents/workspace/Startup/NasLabs/internal-projects/Blog/app/Http/Middleware/SetLocalizedLocale.php(19): Illuminate\\Pipeline\\Pipeline->{closure:{closure:Illuminate\\Pipeline\\Pipeline::carry():194}:195}(Object(Illuminate\\Http\\Request))
#10 /Users/rifkinasss/Documents/workspace/Startup/NasLabs/internal-projects/Blog/vendor/laravel/framework/src/Illuminate/Pipeline/Pipeline.php(219): App\\Http\\Middleware\\SetLocalizedLocale->handle(Object(Illuminate\\Http\\Request), Object(Closure))
#11 /Users/rifkinasss/Documents/workspace/Startup/NasLabs/internal-projects/Blog/vendor/laravel/framework/src/Illuminate/Http/Middleware/AddLinkHeadersForPreloadedAssets.php(32): Illuminate\\Pipeline\\Pipeline->{closure:{closure:Illuminate\\Pipeline\\Pipeline::carry():194}:195}(Object(Illuminate\\Http\\Request))
#12 /Users/rifkinasss/Documents/workspace/Startup/NasLabs/internal-projects/Blog/vendor/laravel/framework/src/Illuminate/Pipeline/Pipeline.php(219): Illuminate\\Http\\Middleware\\AddLinkHeadersForPreloadedAssets->handle(Object(Illuminate\\Http\\Request), Object(Closure))
#13 /Users/rifkinasss/Documents/workspace/Startup/NasLabs/internal-projects/Blog/vendor/laravel/framework/src/Illuminate/Routing/Middleware/SubstituteBindings.php(52): Illuminate\\Pipeline\\Pipeline->{closure:{closure:Illuminate\\Pipeline\\Pipeline::carry():194}:195}(Object(Illuminate\\Http\\Request))
#14 /Users/rifkinasss/Documents/workspace/Startup/NasLabs/internal-projects/Blog/vendor/laravel/framework/src/Illuminate/Pipeline/Pipeline.php(219): Illuminate\\Routing\\Middleware\\SubstituteBindings->handle(Object(Illuminate\\Http\\Request), Object(Closure))
#15 /Users/rifkinasss/Documents/workspace/Startup/NasLabs/internal-projects/Blog/vendor/laravel/framework/src/Illuminate/Foundation/Http/Middleware/PreventRequestForgery.php(104): Illuminate\\Pipeline\\Pipeline->{closure:{closure:Illuminate\\Pipeline\\Pipeline::carry():194}:195}(Object(Illuminate\\Http\\Request))
#16 /Users/rifkinasss/Documents/workspace/Startup/NasLabs/internal-projects/Blog/vendor/laravel/framework/src/Illuminate/Pipeline/Pipeline.php(219): Illuminate\\Foundation\\Http\\Middleware\\PreventRequestForgery->handle(Object(Illuminate\\Http\\Request), Object(Closure))
#17 /Users/rifkinasss/Documents/workspace/Startup/NasLabs/internal-projects/Blog/vendor/laravel/framework/src/Illuminate/View/Middleware/ShareErrorsFromSession.php(48): Illuminate\\Pipeline\\Pipeline->{closure:{closure:Illuminate\\Pipeline\\Pipeline::carry():194}:195}(Object(Illuminate\\Http\\Request))
#18 /Users/rifkinasss/Documents/workspace/Startup/NasLabs/internal-projects/Blog/vendor/laravel/framework/src/Illuminate/Pipeline/Pipeline.php(219): Illuminate\\View\\Middleware\\ShareErrorsFromSession->handle(Object(Illuminate\\Http\\Request), Object(Closure))
#19 /Users/rifkinasss/Documents/workspace/Startup/NasLabs/internal-projects/Blog/vendor/laravel/framework/src/Illuminate/Session/Middleware/StartSession.php(120): Illuminate\\Pipeline\\Pipeline->{closure:{closure:Illuminate\\Pipeline\\Pipeline::carry():194}:195}(Object(Illuminate\\Http\\Request))
#20 /Users/rifkinasss/Documents/workspace/Startup/NasLabs/internal-projects/Blog/vendor/laravel/framework/src/Illuminate/Session/Middleware/StartSession.php(63): Illuminate\\Session\\Middleware\\StartSession->handleStatefulRequest(Object(Illuminate\\Http\\Request), Object(Illuminate\\Session\\Store), Object(Closure))
#21 /Users/rifkinasss/Documents/workspace/Startup/NasLabs/internal-projects/Blog/vendor/laravel/framework/src/Illuminate/Pipeline/Pipeline.php(219): Illuminate\\Session\\Middleware\\StartSession->handle(Object(Illuminate\\Http\\Request), Object(Closure))
#22 /Users/rifkinasss/Documents/workspace/Startup/NasLabs/internal-projects/Blog/vendor/laravel/framework/src/Illuminate/Cookie/Middleware/AddQueuedCookiesToResponse.php(36): Illuminate\\Pipeline\\Pipeline->{closure:{closure:Illuminate\\Pipeline\\Pipeline::carry():194}:195}(Object(Illuminate\\Http\\Request))
#23 /Users/rifkinasss/Documents/workspace/Startup/NasLabs/internal-projects/Blog/vendor/laravel/framework/src/Illuminate/Pipeline/Pipeline.php(219): Illuminate\\Cookie\\Middleware\\AddQueuedCookiesToResponse->handle(Object(Illuminate\\Http\\Request), Object(Closure))
#24 /Users/rifkinasss/Documents/workspace/Startup/NasLabs/internal-projects/Blog/vendor/laravel/framework/src/Illuminate/Cookie/Middleware/EncryptCookies.php(74): Illuminate\\Pipeline\\Pipeline->{closure:{closure:Illuminate\\Pipeline\\Pipeline::carry():194}:195}(Object(Illuminate\\Http\\Request))
#25 /Users/rifkinasss/Documents/workspace/Startup/NasLabs/internal-projects/Blog/vendor/laravel/framework/src/Illuminate/Pipeline/Pipeline.php(219): Illuminate\\Cookie\\Middleware\\EncryptCookies->handle(Object(Illuminate\\Http\\Request), Object(Closure))
#26 /Users/rifkinasss/Documents/workspace/Startup/NasLabs/internal-projects/Blog/vendor/laravel/framework/src/Illuminate/Pipeline/Pipeline.php(137): Illuminate\\Pipeline\\Pipeline->{closure:{closure:Illuminate\\Pipeline\\Pipeline::carry():194}:195}(Object(Illuminate\\Http\\Request))
#27 /Users/rifkinasss/Documents/workspace/Startup/NasLabs/internal-projects/Blog/vendor/laravel/framework/src/Illuminate/Routing/Router.php(821): Illuminate\\Pipeline\\Pipeline->then(Object(Closure))
#28 /Users/rifkinasss/Documents/workspace/Startup/NasLabs/internal-projects/Blog/vendor/laravel/framework/src/Illuminate/Routing/Router.php(800): Illuminate\\Routing\\Router->runRouteWithinStack(Object(Illuminate\\Routing\\Route), Object(Illuminate\\Http\\Request))
#29 /Users/rifkinasss/Documents/workspace/Startup/NasLabs/internal-projects/Blog/vendor/laravel/framework/src/Illuminate/Routing/Router.php(764): Illuminate\\Routing\\Router->runRoute(Object(Illuminate\\Http\\Request), Object(Illuminate\\Routing\\Route))
#30 /Users/rifkinasss/Documents/workspace/Startup/NasLabs/internal-projects/Blog/vendor/laravel/framework/src/Illuminate/Routing/Router.php(753): Illuminate\\Routing\\Router->dispatchToRoute(Object(Illuminate\\Http\\Request))
#31 /Users/rifkinasss/Documents/workspace/Startup/NasLabs/internal-projects/Blog/vendor/laravel/framework/src/Illuminate/Foundation/Http/Kernel.php(200): Illuminate\\Routing\\Router->dispatch(Object(Illuminate\\Http\\Request))
#32 /Users/rifkinasss/Documents/workspace/Startup/NasLabs/internal-projects/Blog/vendor/laravel/framework/src/Illuminate/Pipeline/Pipeline.php(180): Illuminate\\Foundation\\Http\\Kernel->{closure:Illuminate\\Foundation\\Http\\Kernel::dispatchToRouter():197}(Object(Illuminate\\Http\\Request))
#33 /Users/rifkinasss/Documents/workspace/Startup/NasLabs/internal-projects/Blog/vendor/livewire/livewire/src/Features/SupportDisablingBackButtonCache/DisableBackButtonCacheMiddleware.php(19): Illuminate\\Pipeline\\Pipeline->{closure:Illuminate\\Pipeline\\Pipeline::prepareDestination():178}(Object(Illuminate\\Http\\Request))
#34 /Users/rifkinasss/Documents/workspace/Startup/NasLabs/internal-projects/Blog/vendor/laravel/framework/src/Illuminate/Pipeline/Pipeline.php(219): Livewire\\Features\\SupportDisablingBackButtonCache\\DisableBackButtonCacheMiddleware->handle(Object(Illuminate\\Http\\Request), Object(Closure))
#35 /Users/rifkinasss/Documents/workspace/Startup/NasLabs/internal-projects/Blog/vendor/laravel/framework/src/Illuminate/Foundation/Http/Middleware/TransformsRequest.php(21): Illuminate\\Pipeline\\Pipeline->{closure:{closure:Illuminate\\Pipeline\\Pipeline::carry():194}:195}(Object(Illuminate\\Http\\Request))
#36 /Users/rifkinasss/Documents/workspace/Startup/NasLabs/internal-projects/Blog/vendor/laravel/framework/src/Illuminate/Foundation/Http/Middleware/ConvertEmptyStringsToNull.php(31): Illuminate\\Foundation\\Http\\Middleware\\TransformsRequest->handle(Object(Illuminate\\Http\\Request), Object(Closure))
#37 /Users/rifkinasss/Documents/workspace/Startup/NasLabs/internal-projects/Blog/vendor/laravel/framework/src/Illuminate/Pipeline/Pipeline.php(219): Illuminate\\Foundation\\Http\\Middleware\\ConvertEmptyStringsToNull->handle(Object(Illuminate\\Http\\Request), Object(Closure))
#38 /Users/rifkinasss/Documents/workspace/Startup/NasLabs/internal-projects/Blog/vendor/laravel/framework/src/Illuminate/Foundation/Http/Middleware/TransformsRequest.php(21): Illuminate\\Pipeline\\Pipeline->{closure:{closure:Illuminate\\Pipeline\\Pipeline::carry():194}:195}(Object(Illuminate\\Http\\Request))
#39 /Users/rifkinasss/Documents/workspace/Startup/NasLabs/internal-projects/Blog/vendor/laravel/framework/src/Illuminate/Foundation/Http/Middleware/TrimStrings.php(51): Illuminate\\Foundation\\Http\\Middleware\\TransformsRequest->handle(Object(Illuminate\\Http\\Request), Object(Closure))
#40 /Users/rifkinasss/Documents/workspace/Startup/NasLabs/internal-projects/Blog/vendor/laravel/framework/src/Illuminate/Pipeline/Pipeline.php(219): Illuminate\\Foundation\\Http\\Middleware\\TrimStrings->handle(Object(Illuminate\\Http\\Request), Object(Closure))
#41 /Users/rifkinasss/Documents/workspace/Startup/NasLabs/internal-projects/Blog/vendor/laravel/framework/src/Illuminate/Http/Middleware/ValidatePostSize.php(27): Illuminate\\Pipeline\\Pipeline->{closure:{closure:Illuminate\\Pipeline\\Pipeline::carry():194}:195}(Object(Illuminate\\Http\\Request))
#42 /Users/rifkinasss/Documents/workspace/Startup/NasLabs/internal-projects/Blog/vendor/laravel/framework/src/Illuminate/Pipeline/Pipeline.php(219): Illuminate\\Http\\Middleware\\ValidatePostSize->handle(Object(Illuminate\\Http\\Request), Object(Closure))
#43 /Users/rifkinasss/Documents/workspace/Startup/NasLabs/internal-projects/Blog/vendor/laravel/framework/src/Illuminate/Foundation/Http/Middleware/PreventRequestsDuringMaintenance.php(110): Illuminate\\Pipeline\\Pipeline->{closure:{closure:Illuminate\\Pipeline\\Pipeline::carry():194}:195}(Object(Illuminate\\Http\\Request))
#44 /Users/rifkinasss/Documents/workspace/Startup/NasLabs/internal-projects/Blog/vendor/laravel/framework/src/Illuminate/Pipeline/Pipeline.php(219): Illuminate\\Foundation\\Http\\Middleware\\PreventRequestsDuringMaintenance->handle(Object(Illuminate\\Http\\Request), Object(Closure))
#45 /Users/rifkinasss/Documents/workspace/Startup/NasLabs/internal-projects/Blog/vendor/laravel/framework/src/Illuminate/Http/Middleware/HandleCors.php(61): Illuminate\\Pipeline\\Pipeline->{closure:{closure:Illuminate\\Pipeline\\Pipeline::carry():194}:195}(Object(Illuminate\\Http\\Request))
#46 /Users/rifkinasss/Documents/workspace/Startup/NasLabs/internal-projects/Blog/vendor/laravel/framework/src/Illuminate/Pipeline/Pipeline.php(219): Illuminate\\Http\\Middleware\\HandleCors->handle(Object(Illuminate\\Http\\Request), Object(Closure))
#47 /Users/rifkinasss/Documents/workspace/Startup/NasLabs/internal-projects/Blog/vendor/laravel/framework/src/Illuminate/Http/Middleware/TrustProxies.php(58): Illuminate\\Pipeline\\Pipeline->{closure:{closure:Illuminate\\Pipeline\\Pipeline::carry():194}:195}(Object(Illuminate\\Http\\Request))
#48 /Users/rifkinasss/Documents/workspace/Startup/NasLabs/internal-projects/Blog/vendor/laravel/framework/src/Illuminate/Pipeline/Pipeline.php(219): Illuminate\\Http\\Middleware\\TrustProxies->handle(Object(Illuminate\\Http\\Request), Object(Closure))
#49 /Users/rifkinasss/Documents/workspace/Startup/NasLabs/internal-projects/Blog/vendor/laravel/framework/src/Illuminate/Foundation/Http/Middleware/InvokeDeferredCallbacks.php(22): Illuminate\\Pipeline\\Pipeline->{closure:{closure:Illuminate\\Pipeline\\Pipeline::carry():194}:195}(Object(Illuminate\\Http\\Request))
#50 /Users/rifkinasss/Documents/workspace/Startup/NasLabs/internal-projects/Blog/vendor/laravel/framework/src/Illuminate/Pipeline/Pipeline.php(219): Illuminate\\Foundation\\Http\\Middleware\\InvokeDeferredCallbacks->handle(Object(Illuminate\\Http\\Request), Object(Closure))
#51 /Users/rifkinasss/Documents/workspace/Startup/NasLabs/internal-projects/Blog/vendor/laravel/framework/src/Illuminate/Http/Middleware/ValidatePathEncoding.php(28): Illuminate\\Pipeline\\Pipeline->{closure:{closure:Illuminate\\Pipeline\\Pipeline::carry():194}:195}(Object(Illuminate\\Http\\Request))
#52 /Users/rifkinasss/Documents/workspace/Startup/NasLabs/internal-projects/Blog/vendor/laravel/framework/src/Illuminate/Pipeline/Pipeline.php(219): Illuminate\\Http\\Middleware\\ValidatePathEncoding->handle(Object(Illuminate\\Http\\Request), Object(Closure))
#53 /Users/rifkinasss/Documents/workspace/Startup/NasLabs/internal-projects/Blog/vendor/laravel/framework/src/Illuminate/Pipeline/Pipeline.php(137): Illuminate\\Pipeline\\Pipeline->{closure:{closure:Illuminate\\Pipeline\\Pipeline::carry():194}:195}(Object(Illuminate\\Http\\Request))
#54 /Users/rifkinasss/Documents/workspace/Startup/NasLabs/internal-projects/Blog/vendor/laravel/framework/src/Illuminate/Foundation/Http/Kernel.php(175): Illuminate\\Pipeline\\Pipeline->then(Object(Closure))
#55 /Users/rifkinasss/Documents/workspace/Startup/NasLabs/internal-projects/Blog/vendor/laravel/framework/src/Illuminate/Foundation/Http/Kernel.php(144): Illuminate\\Foundation\\Http\\Kernel->sendRequestThroughRouter(Object(Illuminate\\Http\\Request))
#56 /Users/rifkinasss/Documents/workspace/Startup/NasLabs/internal-projects/Blog/vendor/laravel/framework/src/Illuminate/Foundation/Testing/Concerns/MakesHttpRequests.php(638): Illuminate\\Foundation\\Http\\Kernel->handle(Object(Illuminate\\Http\\Request))
#57 /Users/rifkinasss/Documents/workspace/Startup/NasLabs/internal-projects/Blog/vendor/laravel/framework/src/Illuminate/Foundation/Testing/Concerns/MakesHttpRequests.php(368): Illuminate\\Foundation\\Testing\\TestCase->call('GET', '/id/articles/sc...', Array, Array, Array, Array)
#58 /Users/rifkinasss/Documents/workspace/Startup/NasLabs/internal-projects/Blog/tests/Feature/ArticleWorkflowTest.php(48): Illuminate\\Foundation\\Testing\\TestCase->get('/id/articles/sc...')
#59 /Users/rifkinasss/Documents/workspace/Startup/NasLabs/internal-projects/Blog/vendor/phpunit/phpunit/src/Framework/TestCase.php(1318): Tests\\Feature\\ArticleWorkflowTest->test_scheduled_article_is_not_public_until_its_publish_time()
#60 /Users/rifkinasss/Documents/workspace/Startup/NasLabs/internal-projects/Blog/vendor/phpunit/phpunit/src/Framework/TestCase.php(1355): PHPUnit\\Framework\\TestCase->invokeTestMethod('test_scheduled_...', Array)
#61 /Users/rifkinasss/Documents/workspace/Startup/NasLabs/internal-projects/Blog/vendor/phpunit/phpunit/src/Framework/TestCase.php(521): PHPUnit\\Framework\\TestCase->runTest()
#62 /Users/rifkinasss/Documents/workspace/Startup/NasLabs/internal-projects/Blog/vendor/phpunit/phpunit/src/Framework/TestRunner/TestRunner.php(99): PHPUnit\\Framework\\TestCase->runBare()
#63 /Users/rifkinasss/Documents/workspace/Startup/NasLabs/internal-projects/Blog/vendor/phpunit/phpunit/src/Framework/TestCase.php(361): PHPUnit\\Framework\\TestRunner->run(Object(Tests\\Feature\\ArticleWorkflowTest))
#64 /Users/rifkinasss/Documents/workspace/Startup/NasLabs/internal-projects/Blog/vendor/phpunit/phpunit/src/Framework/TestSuite.php(374): PHPUnit\\Framework\\TestCase->run()
#65 /Users/rifkinasss/Documents/workspace/Startup/NasLabs/internal-projects/Blog/vendor/phpunit/phpunit/src/Framework/TestSuite.php(374): PHPUnit\\Framework\\TestSuite->run()
#66 /Users/rifkinasss/Documents/workspace/Startup/NasLabs/internal-projects/Blog/vendor/phpunit/phpunit/src/Framework/TestSuite.php(374): PHPUnit\\Framework\\TestSuite->run()
#67 /Users/rifkinasss/Documents/workspace/Startup/NasLabs/internal-projects/Blog/vendor/phpunit/phpunit/src/TextUI/TestRunner.php(64): PHPUnit\\Framework\\TestSuite->run()
#68 /Users/rifkinasss/Documents/workspace/Startup/NasLabs/internal-projects/Blog/vendor/phpunit/phpunit/src/TextUI/Application.php(229): PHPUnit\\TextUI\\TestRunner->run(Object(PHPUnit\\TextUI\\Configuration\\Configuration), Object(PHPUnit\\Runner\\ResultCache\\DefaultResultCache), Object(PHPUnit\\Framework\\TestSuite))
#69 /Users/rifkinasss/Documents/workspace/Startup/NasLabs/internal-projects/Blog/vendor/phpunit/phpunit/phpunit(104): PHPUnit\\TextUI\\Application->run(Array)
#70 {main}
"} 
[2026-09-15 15:58:31] local.ERROR: App\Http\Controllers\BlogController::category(): Argument #1 ($category) must be of type App\Models\Category, string given, called in /Users/rifkinasss/Documents/workspace/Startup/NasLabs/internal-projects/Blog/vendor/laravel/framework/src/Illuminate/Routing/ControllerDispatcher.php on line 46 {"userId":1,"exception":"[object] (TypeError(code: 0): App\\Http\\Controllers\\BlogController::category(): Argument #1 ($category) must be of type App\\Models\\Category, string given, called in /Users/rifkinasss/Documents/workspace/Startup/NasLabs/internal-projects/Blog/vendor/laravel/framework/src/Illuminate/Routing/ControllerDispatcher.php on line 46 at /Users/rifkinasss/Documents/workspace/Startup/NasLabs/internal-projects/Blog/app/Http/Controllers/BlogController.php:80)
[stacktrace]
#0 /Users/rifkinasss/Documents/workspace/Startup/NasLabs/internal-projects/Blog/vendor/laravel/framework/src/Illuminate/Routing/ControllerDispatcher.php(46): App\\Http\\Controllers\\BlogController->category('id', Object(App\\Models\\Category))
#1 /Users/rifkinasss/Documents/workspace/Startup/NasLabs/internal-projects/Blog/vendor/laravel/framework/src/Illuminate/Routing/Route.php(276): Illuminate\\Routing\\ControllerDispatcher->dispatch(Object(Illuminate\\Routing\\Route), Object(App\\Http\\Controllers\\BlogController), 'category')
#2 /Users/rifkinasss/Documents/workspace/Startup/NasLabs/internal-projects/Blog/vendor/laravel/framework/src/Illuminate/Routing/Route.php(216): Illuminate\\Routing\\Route->runController()
#3 /Users/rifkinasss/Documents/workspace/Startup/NasLabs/internal-projects/Blog/vendor/laravel/framework/src/Illuminate/Routing/Router.php(822): Illuminate\\Routing\\Route->run()
#4 /Users/rifkinasss/Documents/workspace/Startup/NasLabs/internal-projects/Blog/vendor/laravel/framework/src/Illuminate/Pipeline/Pipeline.php(180): Illuminate\\Routing\\Router->{closure:Illuminate\\Routing\\Router::runRouteWithinStack():821}(Object(Illuminate\\Http\\Request))
#5 /Users/rifkinasss/Documents/workspace/Startup/NasLabs/internal-projects/Blog/vendor/mcamara/laravel-localization/src/Mcamara/LaravelLocalization/Middleware/LaravelLocalizationViewPath.php(33): Illuminate\\Pipeline\\Pipeline->{closure:Illuminate\\Pipeline\\Pipeline::prepareDestination():178}(Object(Illuminate\\Http\\Request))
#6 /Users/rifkinasss/Documents/workspace/Startup/NasLabs/internal-projects/Blog/vendor/laravel/framework/src/Illuminate/Pipeline/Pipeline.php(219): Mcamara\\LaravelLocalization\\Middleware\\LaravelLocalizationViewPath->handle(Object(Illuminate\\Http\\Request), Object(Closure))
#7 /Users/rifkinasss/Documents/workspace/Startup/NasLabs/internal-projects/Blog/vendor/mcamara/laravel-localization/src/Mcamara/LaravelLocalization/Middleware/LaravelLocalizationRoutes.php(30): Illuminate\\Pipeline\\Pipeline->{closure:{closure:Illuminate\\Pipeline\\Pipeline::carry():194}:195}(Object(Illuminate\\Http\\Request))
#8 /Users/rifkinasss/Documents/workspace/Startup/NasLabs/internal-projects/Blog/vendor/laravel/framework/src/Illuminate/Pipeline/Pipeline.php(219): Mcamara\\LaravelLocalization\\Middleware\\LaravelLocalizationRoutes->handle(Object(Illuminate\\Http\\Request), Object(Closure))
#9 /Users/rifkinasss/Documents/workspace/Startup/NasLabs/internal-projects/Blog/app/Http/Middleware/SetLocalizedLocale.php(19): Illuminate\\Pipeline\\Pipeline->{closure:{closure:Illuminate\\Pipeline\\Pipeline::carry():194}:195}(Object(Illuminate\\Http\\Request))
#10 /Users/rifkinasss/Documents/workspace/Startup/NasLabs/internal-projects/Blog/vendor/laravel/framework/src/Illuminate/Pipeline/Pipeline.php(219): App\\Http\\Middleware\\SetLocalizedLocale->handle(Object(Illuminate\\Http\\Request), Object(Closure))
#11 /Users/rifkinasss/Documents/workspace/Startup/NasLabs/internal-projects/Blog/vendor/laravel/framework/src/Illuminate/Http/Middleware/AddLinkHeadersForPreloadedAssets.php(32): Illuminate\\Pipeline\\Pipeline->{closure:{closure:Illuminate\\Pipeline\\Pipeline::carry():194}:195}(Object(Illuminate\\Http\\Request))
#12 /Users/rifkinasss/Documents/workspace/Startup/NasLabs/internal-projects/Blog/vendor/laravel/framework/src/Illuminate/Pipeline/Pipeline.php(219): Illuminate\\Http\\Middleware\\AddLinkHeadersForPreloadedAssets->handle(Object(Illuminate\\Http\\Request), Object(Closure))
#13 /Users/rifkinasss/Documents/workspace/Startup/NasLabs/internal-projects/Blog/vendor/laravel/framework/src/Illuminate/Routing/Middleware/SubstituteBindings.php(52): Illuminate\\Pipeline\\Pipeline->{closure:{closure:Illuminate\\Pipeline\\Pipeline::carry():194}:195}(Object(Illuminate\\Http\\Request))
#14 /Users/rifkinasss/Documents/workspace/Startup/NasLabs/internal-projects/Blog/vendor/laravel/framework/src/Illuminate/Pipeline/Pipeline.php(219): Illuminate\\Routing\\Middleware\\SubstituteBindings->handle(Object(Illuminate\\Http\\Request), Object(Closure))
#15 /Users/rifkinasss/Documents/workspace/Startup/NasLabs/internal-projects/Blog/vendor/laravel/framework/src/Illuminate/Foundation/Http/Middleware/PreventRequestForgery.php(104): Illuminate\\Pipeline\\Pipeline->{closure:{closure:Illuminate\\Pipeline\\Pipeline::carry():194}:195}(Object(Illuminate\\Http\\Request))
#16 /Users/rifkinasss/Documents/workspace/Startup/NasLabs/internal-projects/Blog/vendor/laravel/framework/src/Illuminate/Pipeline/Pipeline.php(219): Illuminate\\Foundation\\Http\\Middleware\\PreventRequestForgery->handle(Object(Illuminate\\Http\\Request), Object(Closure))
#17 /Users/rifkinasss/Documents/workspace/Startup/NasLabs/internal-projects/Blog/vendor/laravel/framework/src/Illuminate/View/Middleware/ShareErrorsFromSession.php(48): Illuminate\\Pipeline\\Pipeline->{closure:{closure:Illuminate\\Pipeline\\Pipeline::carry():194}:195}(Object(Illuminate\\Http\\Request))
#18 /Users/rifkinasss/Documents/workspace/Startup/NasLabs/internal-projects/Blog/vendor/laravel/framework/src/Illuminate/Pipeline/Pipeline.php(219): Illuminate\\View\\Middleware\\ShareErrorsFromSession->handle(Object(Illuminate\\Http\\Request), Object(Closure))
#19 /Users/rifkinasss/Documents/workspace/Startup/NasLabs/internal-projects/Blog/vendor/laravel/framework/src/Illuminate/Session/Middleware/StartSession.php(120): Illuminate\\Pipeline\\Pipeline->{closure:{closure:Illuminate\\Pipeline\\Pipeline::carry():194}:195}(Object(Illuminate\\Http\\Request))
#20 /Users/rifkinasss/Documents/workspace/Startup/NasLabs/internal-projects/Blog/vendor/laravel/framework/src/Illuminate/Session/Middleware/StartSession.php(63): Illuminate\\Session\\Middleware\\StartSession->handleStatefulRequest(Object(Illuminate\\Http\\Request), Object(Illuminate\\Session\\Store), Object(Closure))
#21 /Users/rifkinasss/Documents/workspace/Startup/NasLabs/internal-projects/Blog/vendor/laravel/framework/src/Illuminate/Pipeline/Pipeline.php(219): Illuminate\\Session\\Middleware\\StartSession->handle(Object(Illuminate\\Http\\Request), Object(Closure))
#22 /Users/rifkinasss/Documents/workspace/Startup/NasLabs/internal-projects/Blog/vendor/laravel/framework/src/Illuminate/Cookie/Middleware/AddQueuedCookiesToResponse.php(36): Illuminate\\Pipeline\\Pipeline->{closure:{closure:Illuminate\\Pipeline\\Pipeline::carry():194}:195}(Object(Illuminate\\Http\\Request))
#23 /Users/rifkinasss/Documents/workspace/Startup/NasLabs/internal-projects/Blog/vendor/laravel/framework/src/Illuminate/Pipeline/Pipeline.php(219): Illuminate\\Cookie\\Middleware\\AddQueuedCookiesToResponse->handle(Object(Illuminate\\Http\\Request), Object(Closure))
#24 /Users/rifkinasss/Documents/workspace/Startup/NasLabs/internal-projects/Blog/vendor/laravel/framework/src/Illuminate/Cookie/Middleware/EncryptCookies.php(74): Illuminate\\Pipeline\\Pipeline->{closure:{closure:Illuminate\\Pipeline\\Pipeline::carry():194}:195}(Object(Illuminate\\Http\\Request))
#25 /Users/rifkinasss/Documents/workspace/Startup/NasLabs/internal-projects/Blog/vendor/laravel/framework/src/Illuminate/Pipeline/Pipeline.php(219): Illuminate\\Cookie\\Middleware\\EncryptCookies->handle(Object(Illuminate\\Http\\Request), Object(Closure))
#26 /Users/rifkinasss/Documents/workspace/Startup/NasLabs/internal-projects/Blog/vendor/laravel/framework/src/Illuminate/Pipeline/Pipeline.php(137): Illuminate\\Pipeline\\Pipeline->{closure:{closure:Illuminate\\Pipeline\\Pipeline::carry():194}:195}(Object(Illuminate\\Http\\Request))
#27 /Users/rifkinasss/Documents/workspace/Startup/NasLabs/internal-projects/Blog/vendor/laravel/framework/src/Illuminate/Routing/Router.php(821): Illuminate\\Pipeline\\Pipeline->then(Object(Closure))
#28 /Users/rifkinasss/Documents/workspace/Startup/NasLabs/internal-projects/Blog/vendor/laravel/framework/src/Illuminate/Routing/Router.php(800): Illuminate\\Routing\\Router->runRouteWithinStack(Object(Illuminate\\Routing\\Route), Object(Illuminate\\Http\\Request))
#29 /Users/rifkinasss/Documents/workspace/Startup/NasLabs/internal-projects/Blog/vendor/laravel/framework/src/Illuminate/Routing/Router.php(764): Illuminate\\Routing\\Router->runRoute(Object(Illuminate\\Http\\Request), Object(Illuminate\\Routing\\Route))
#30 /Users/rifkinasss/Documents/workspace/Startup/NasLabs/internal-projects/Blog/vendor/laravel/framework/src/Illuminate/Routing/Router.php(753): Illuminate\\Routing\\Router->dispatchToRoute(Object(Illuminate\\Http\\Request))
#31 /Users/rifkinasss/Documents/workspace/Startup/NasLabs/internal-projects/Blog/vendor/laravel/framework/src/Illuminate/Foundation/Http/Kernel.php(200): Illuminate\\Routing\\Router->dispatch(Object(Illuminate\\Http\\Request))
#32 /Users/rifkinasss/Documents/workspace/Startup/NasLabs/internal-projects/Blog/vendor/laravel/framework/src/Illuminate/Pipeline/Pipeline.php(180): Illuminate\\Foundation\\Http\\Kernel->{closure:Illuminate\\Foundation\\Http\\Kernel::dispatchToRouter():197}(Object(Illuminate\\Http\\Request))
#33 /Users/rifkinasss/Documents/workspace/Startup/NasLabs/internal-projects/Blog/vendor/livewire/livewire/src/Features/SupportDisablingBackButtonCache/DisableBackButtonCacheMiddleware.php(19): Illuminate\\Pipeline\\Pipeline->{closure:Illuminate\\Pipeline\\Pipeline::prepareDestination():178}(Object(Illuminate\\Http\\Request))
#34 /Users/rifkinasss/Documents/workspace/Startup/NasLabs/internal-projects/Blog/vendor/laravel/framework/src/Illuminate/Pipeline/Pipeline.php(219): Livewire\\Features\\SupportDisablingBackButtonCache\\DisableBackButtonCacheMiddleware->handle(Object(Illuminate\\Http\\Request), Object(Closure))
#35 /Users/rifkinasss/Documents/workspace/Startup/NasLabs/internal-projects/Blog/vendor/laravel/framework/src/Illuminate/Foundation/Http/Middleware/TransformsRequest.php(21): Illuminate\\Pipeline\\Pipeline->{closure:{closure:Illuminate\\Pipeline\\Pipeline::carry():194}:195}(Object(Illuminate\\Http\\Request))
#36 /Users/rifkinasss/Documents/workspace/Startup/NasLabs/internal-projects/Blog/vendor/laravel/framework/src/Illuminate/Foundation/Http/Middleware/ConvertEmptyStringsToNull.php(31): Illuminate\\Foundation\\Http\\Middleware\\TransformsRequest->handle(Object(Illuminate\\Http\\Request), Object(Closure))
#37 /Users/rifkinasss/Documents/workspace/Startup/NasLabs/internal-projects/Blog/vendor/laravel/framework/src/Illuminate/Pipeline/Pipeline.php(219): Illuminate\\Foundation\\Http\\Middleware\\ConvertEmptyStringsToNull->handle(Object(Illuminate\\Http\\Request), Object(Closure))
#38 /Users/rifkinasss/Documents/workspace/Startup/NasLabs/internal-projects/Blog/vendor/laravel/framework/src/Illuminate/Foundation/Http/Middleware/TransformsRequest.php(21): Illuminate\\Pipeline\\Pipeline->{closure:{closure:Illuminate\\Pipeline\\Pipeline::carry():194}:195}(Object(Illuminate\\Http\\Request))
#39 /Users/rifkinasss/Documents/workspace/Startup/NasLabs/internal-projects/Blog/vendor/laravel/framework/src/Illuminate/Foundation/Http/Middleware/TrimStrings.php(51): Illuminate\\Foundation\\Http\\Middleware\\TransformsRequest->handle(Object(Illuminate\\Http\\Request), Object(Closure))
#40 /Users/rifkinasss/Documents/workspace/Startup/NasLabs/internal-projects/Blog/vendor/laravel/framework/src/Illuminate/Pipeline/Pipeline.php(219): Illuminate\\Foundation\\Http\\Middleware\\TrimStrings->handle(Object(Illuminate\\Http\\Request), Object(Closure))
#41 /Users/rifkinasss/Documents/workspace/Startup/NasLabs/internal-projects/Blog/vendor/laravel/framework/src/Illuminate/Http/Middleware/ValidatePostSize.php(27): Illuminate\\Pipeline\\Pipeline->{closure:{closure:Illuminate\\Pipeline\\Pipeline::carry():194}:195}(Object(Illuminate\\Http\\Request))
#42 /Users/rifkinasss/Documents/workspace/Startup/NasLabs/internal-projects/Blog/vendor/laravel/framework/src/Illuminate/Pipeline/Pipeline.php(219): Illuminate\\Http\\Middleware\\ValidatePostSize->handle(Object(Illuminate\\Http\\Request), Object(Closure))
#43 /Users/rifkinasss/Documents/workspace/Startup/NasLabs/internal-projects/Blog/vendor/laravel/framework/src/Illuminate/Foundation/Http/Middleware/PreventRequestsDuringMaintenance.php(110): Illuminate\\Pipeline\\Pipeline->{closure:{closure:Illuminate\\Pipeline\\Pipeline::carry():194}:195}(Object(Illuminate\\Http\\Request))
#44 /Users/rifkinasss/Documents/workspace/Startup/NasLabs/internal-projects/Blog/vendor/laravel/framework/src/Illuminate/Pipeline/Pipeline.php(219): Illuminate\\Foundation\\Http\\Middleware\\PreventRequestsDuringMaintenance->handle(Object(Illuminate\\Http\\Request), Object(Closure))
#45 /Users/rifkinasss/Documents/workspace/Startup/NasLabs/internal-projects/Blog/vendor/laravel/framework/src/Illuminate/Http/Middleware/HandleCors.php(61): Illuminate\\Pipeline\\Pipeline->{closure:{closure:Illuminate\\Pipeline\\Pipeline::carry():194}:195}(Object(Illuminate\\Http\\Request))
#46 /Users/rifkinasss/Documents/workspace/Startup/NasLabs/internal-projects/Blog/vendor/laravel/framework/src/Illuminate/Pipeline/Pipeline.php(219): Illuminate\\Http\\Middleware\\HandleCors->handle(Object(Illuminate\\Http\\Request), Object(Closure))
#47 /Users/rifkinasss/Documents/workspace/Startup/NasLabs/internal-projects/Blog/vendor/laravel/framework/src/Illuminate/Http/Middleware/TrustProxies.php(58): Illuminate\\Pipeline\\Pipeline->{closure:{closure:Illuminate\\Pipeline\\Pipeline::carry():194}:195}(Object(Illuminate\\Http\\Request))
#48 /Users/rifkinasss/Documents/workspace/Startup/NasLabs/internal-projects/Blog/vendor/laravel/framework/src/Illuminate/Pipeline/Pipeline.php(219): Illuminate\\Http\\Middleware\\TrustProxies->handle(Object(Illuminate\\Http\\Request), Object(Closure))
#49 /Users/rifkinasss/Documents/workspace/Startup/NasLabs/internal-projects/Blog/vendor/laravel/framework/src/Illuminate/Foundation/Http/Middleware/InvokeDeferredCallbacks.php(22): Illuminate\\Pipeline\\Pipeline->{closure:{closure:Illuminate\\Pipeline\\Pipeline::carry():194}:195}(Object(Illuminate\\Http\\Request))
#50 /Users/rifkinasss/Documents/workspace/Startup/NasLabs/internal-projects/Blog/vendor/laravel/framework/src/Illuminate/Pipeline/Pipeline.php(219): Illuminate\\Foundation\\Http\\Middleware\\InvokeDeferredCallbacks->handle(Object(Illuminate\\Http\\Request), Object(Closure))
#51 /Users/rifkinasss/Documents/workspace/Startup/NasLabs/internal-projects/Blog/vendor/laravel/framework/src/Illuminate/Http/Middleware/ValidatePathEncoding.php(28): Illuminate\\Pipeline\\Pipeline->{closure:{closure:Illuminate\\Pipeline\\Pipeline::carry():194}:195}(Object(Illuminate\\Http\\Request))
#52 /Users/rifkinasss/Documents/workspace/Startup/NasLabs/internal-projects/Blog/vendor/laravel/framework/src/Illuminate/Pipeline/Pipeline.php(219): Illuminate\\Http\\Middleware\\ValidatePathEncoding->handle(Object(Illuminate\\Http\\Request), Object(Closure))
#53 /Users/rifkinasss/Documents/workspace/Startup/NasLabs/internal-projects/Blog/vendor/laravel/framework/src/Illuminate/Pipeline/Pipeline.php(137): Illuminate\\Pipeline\\Pipeline->{closure:{closure:Illuminate\\Pipeline\\Pipeline::carry():194}:195}(Object(Illuminate\\Http\\Request))
#54 /Users/rifkinasss/Documents/workspace/Startup/NasLabs/internal-projects/Blog/vendor/laravel/framework/src/Illuminate/Foundation/Http/Kernel.php(175): Illuminate\\Pipeline\\Pipeline->then(Object(Closure))
#55 /Users/rifkinasss/Documents/workspace/Startup/NasLabs/internal-projects/Blog/vendor/laravel/framework/src/Illuminate/Foundation/Http/Kernel.php(144): Illuminate\\Foundation\\Http\\Kernel->sendRequestThroughRouter(Object(Illuminate\\Http\\Request))
#56 /Users/rifkinasss/Documents/workspace/Startup/NasLabs/internal-projects/Blog/vendor/laravel/framework/src/Illuminate/Foundation/Application.php(1227): Illuminate\\Foundation\\Http\\Kernel->handle(Object(Illuminate\\Http\\Request))
#57 /Users/rifkinasss/Documents/workspace/Startup/NasLabs/internal-projects/Blog/public/index.php(20): Illuminate\\Foundation\\Application->handleRequest(Object(Illuminate\\Http\\Request))
#58 /Users/rifkinasss/Documents/workspace/Startup/NasLabs/internal-projects/Blog/vendor/laravel/framework/src/Illuminate/Foundation/resources/server.php(23): require_once('/Users/rifkinas...')
#59 {main}
"} 
[2026-09-16 08:17:15] local.ERROR: Command "pint" is not defined. {"exception":"[object] (Symfony\\Component\\Console\\Exception\\CommandNotFoundException(code: 0): Command \"pint\" is not defined. at /Users/rifkinasss/Documents/workspace/Startup/NasLabs/internal-projects/Blog/vendor/symfony/console/Application.php:785)
[stacktrace]
#0 /Users/rifkinasss/Documents/workspace/Startup/NasLabs/internal-projects/Blog/vendor/symfony/console/Application.php(321): Symfony\\Component\\Console\\Application->find('pint')
#1 /Users/rifkinasss/Documents/workspace/Startup/NasLabs/internal-projects/Blog/vendor/symfony/console/Application.php(218): Symfony\\Component\\Console\\Application->doRun(Object(Symfony\\Component\\Console\\Input\\ArgvInput), Object(Symfony\\Component\\Console\\Output\\ConsoleOutput))
#2 /Users/rifkinasss/Documents/workspace/Startup/NasLabs/internal-projects/Blog/vendor/laravel/framework/src/Illuminate/Foundation/Console/Kernel.php(198): Symfony\\Component\\Console\\Application->run(Object(Symfony\\Component\\Console\\Input\\ArgvInput), Object(Symfony\\Component\\Console\\Output\\ConsoleOutput))
#3 /Users/rifkinasss/Documents/workspace/Startup/NasLabs/internal-projects/Blog/vendor/laravel/framework/src/Illuminate/Foundation/Application.php(1242): Illuminate\\Foundation\\Console\\Kernel->handle(Object(Symfony\\Component\\Console\\Input\\ArgvInput), Object(Symfony\\Component\\Console\\Output\\ConsoleOutput))
#4 /Users/rifkinasss/Documents/workspace/Startup/NasLabs/internal-projects/Blog/artisan(16): Illuminate\\Foundation\\Application->handleCommand(Object(Symfony\\Component\\Console\\Input\\ArgvInput))
#5 {main}
"} 
[2026-09-16 08:36:21] local.ERROR: Cannot use Livewire\Attributes\Url as Url because the name is already in use {"exception":"[object] (Symfony\\Component\\ErrorHandler\\Error\\FatalError(code: 0): Cannot use Livewire\\Attributes\\Url as Url because the name is already in use at /Users/rifkinasss/Documents/workspace/Startup/NasLabs/internal-projects/Blog/app/Livewire/Dashboard/Articles/ArticleIndex.php:15)
[stacktrace]
#0 {main}
"} 
[2026-09-16 08:36:59] local.ERROR: Cannot use Livewire\Attributes\Url as Url because the name is already in use {"exception":"[object] (Symfony\\Component\\ErrorHandler\\Error\\FatalError(code: 0): Cannot use Livewire\\Attributes\\Url as Url because the name is already in use at /Users/rifkinasss/Documents/workspace/Startup/NasLabs/internal-projects/Blog/app/Livewire/Dashboard/Articles/ArticleIndex.php:15)
[stacktrace]
#0 {main}
"} 
[2026-09-16 08:36:59] local.ERROR: Cannot use Livewire\Attributes\Url as Url because the name is already in use {"exception":"[object] (Symfony\\Component\\ErrorHandler\\Error\\FatalError(code: 0): Cannot use Livewire\\Attributes\\Url as Url because the name is already in use at /Users/rifkinasss/Documents/workspace/Startup/NasLabs/internal-projects/Blog/app/Livewire/Dashboard/Articles/ArticleIndex.php:15)
[stacktrace]
#0 {main}
"} 
[2026-09-16 08:56:02] local.ERROR: syntax error, unexpected token "->" {"exception":"[object] (ParseError(code: 0): syntax error, unexpected token \"->\" at /Users/rifkinasss/Documents/workspace/Startup/NasLabs/internal-projects/Blog/app/Livewire/Dashboard/Media/MediaIndex.php:92)
[stacktrace]
#0 /Users/rifkinasss/Documents/workspace/Startup/NasLabs/internal-projects/Blog/vendor/composer/ClassLoader.php(427): {closure:Composer\\Autoload\\ClassLoader::initializeIncludeClosure():575}('/Users/rifkinas...')
#1 [internal function]: Composer\\Autoload\\ClassLoader->loadClass('App\\\\Livewire\\\\Da...')
#2 /Users/rifkinasss/Documents/workspace/Startup/NasLabs/internal-projects/Blog/vendor/laravel/framework/src/Illuminate/Routing/RouteAction.php(91): method_exists('App\\\\Livewire\\\\Da...', '__invoke')
#3 /Users/rifkinasss/Documents/workspace/Startup/NasLabs/internal-projects/Blog/vendor/laravel/framework/src/Illuminate/Routing/RouteAction.php(47): Illuminate\\Routing\\RouteAction::makeInvokable('App\\\\Livewire\\\\Da...')
#4 /Users/rifkinasss/Documents/workspace/Startup/NasLabs/internal-projects/Blog/vendor/laravel/framework/src/Illuminate/Routing/Route.php(202): Illuminate\\Routing\\RouteAction::parse('dashboard/media', Array)
#5 /Users/rifkinasss/Documents/workspace/Startup/NasLabs/internal-projects/Blog/vendor/laravel/framework/src/Illuminate/Routing/Route.php(183): Illuminate\\Routing\\Route->parseAction(Array)
#6 /Users/rifkinasss/Documents/workspace/Startup/NasLabs/internal-projects/Blog/vendor/laravel/framework/src/Illuminate/Routing/Router.php(685): Illuminate\\Routing\\Route->__construct(Array, 'dashboard/media', Array)
#7 /Users/rifkinasss/Documents/workspace/Startup/NasLabs/internal-projects/Blog/vendor/laravel/framework/src/Illuminate/Routing/Router.php(576): Illuminate\\Routing\\Router->newRoute(Array, 'dashboard/media', Array)
#8 /Users/rifkinasss/Documents/workspace/Startup/NasLabs/internal-projects/Blog/vendor/laravel/framework/src/Illuminate/Routing/Router.php(556): Illuminate\\Routing\\Router->createRoute(Array, '/media', Array)
#9 /Users/rifkinasss/Documents/workspace/Startup/NasLabs/internal-projects/Blog/vendor/laravel/framework/src/Illuminate/Routing/Router.php(160): Illuminate\\Routing\\Router->addRoute(Array, '/media', 'App\\\\Livewire\\\\Da...')
#10 /Users/rifkinasss/Documents/workspace/Startup/NasLabs/internal-projects/Blog/vendor/laravel/framework/src/Illuminate/Support/Facades/Facade.php(364): Illuminate\\Routing\\Router->get('/media', 'App\\\\Livewire\\\\Da...')
#11 /Users/rifkinasss/Documents/workspace/Startup/NasLabs/internal-projects/Blog/routes/web.php(44): Illuminate\\Support\\Facades\\Facade::__callStatic('get', Array)
#12 /Users/rifkinasss/Documents/workspace/Startup/NasLabs/internal-projects/Blog/vendor/laravel/framework/src/Illuminate/Routing/Router.php(524): Illuminate\\Routing\\RouteFileRegistrar->{closure:/Users/rifkinasss/Documents/workspace/Startup/NasLabs/internal-projects/Blog/routes/web.php:44}(Object(Illuminate\\Routing\\Router))
#13 /Users/rifkinasss/Documents/workspace/Startup/NasLabs/internal-projects/Blog/vendor/laravel/framework/src/Illuminate/Routing/Router.php(480): Illuminate\\Routing\\Router->loadRoutes(Object(Closure))
#14 /Users/rifkinasss/Documents/workspace/Startup/NasLabs/internal-projects/Blog/vendor/laravel/framework/src/Illuminate/Routing/RouteRegistrar.php(224): Illuminate\\Routing\\Router->group(Array, Object(Closure))
#15 /Users/rifkinasss/Documents/workspace/Startup/NasLabs/internal-projects/Blog/routes/web.php(44): Illuminate\\Routing\\RouteRegistrar->group(Object(Closure))
#16 /Users/rifkinasss/Documents/workspace/Startup/NasLabs/internal-projects/Blog/vendor/laravel/framework/src/Illuminate/Routing/RouteFileRegistrar.php(34): require('/Users/rifkinas...')
#17 /Users/rifkinasss/Documents/workspace/Startup/NasLabs/internal-projects/Blog/vendor/laravel/framework/src/Illuminate/Routing/Router.php(526): Illuminate\\Routing\\RouteFileRegistrar->register('/Users/rifkinas...')
#18 /Users/rifkinasss/Documents/workspace/Startup/NasLabs/internal-projects/Blog/vendor/laravel/framework/src/Illuminate/Routing/Router.php(480): Illuminate\\Routing\\Router->loadRoutes('/Users/rifkinas...')
#19 /Users/rifkinasss/Documents/workspace/Startup/NasLabs/internal-projects/Blog/vendor/laravel/framework/src/Illuminate/Routing/RouteRegistrar.php(224): Illuminate\\Routing\\Router->group(Array, '/Users/rifkinas...')
#20 /Users/rifkinasss/Documents/workspace/Startup/NasLabs/internal-projects/Blog/vendor/laravel/framework/src/Illuminate/Foundation/Configuration/ApplicationBuilder.php(261): Illuminate\\Routing\\RouteRegistrar->group('/Users/rifkinas...')
#21 /Users/rifkinasss/Documents/workspace/Startup/NasLabs/internal-projects/Blog/vendor/laravel/framework/src/Illuminate/Container/BoundMethod.php(36): Illuminate\\Foundation\\Configuration\\ApplicationBuilder->{closure:Illuminate\\Foundation\\Configuration\\ApplicationBuilder::buildRoutingCallback():210}()
#22 /Users/rifkinasss/Documents/workspace/Startup/NasLabs/internal-projects/Blog/vendor/laravel/framework/src/Illuminate/Container/Util.php(43): Illuminate\\Container\\BoundMethod::{closure:Illuminate\\Container\\BoundMethod::call():35}()
#23 /Users/rifkinasss/Documents/workspace/Startup/NasLabs/internal-projects/Blog/vendor/laravel/framework/src/Illuminate/Container/BoundMethod.php(84): Illuminate\\Container\\Util::unwrapIfClosure(Object(Closure))
#24 /Users/rifkinasss/Documents/workspace/Startup/NasLabs/internal-projects/Blog/vendor/laravel/framework/src/Illuminate/Container/BoundMethod.php(35): Illuminate\\Container\\BoundMethod::callBoundMethod(Object(Illuminate\\Foundation\\Application), Object(Closure), Object(Closure))
#25 /Users/rifkinasss/Documents/workspace/Startup/NasLabs/internal-projects/Blog/vendor/laravel/framework/src/Illuminate/Container/Container.php(803): Illuminate\\Container\\BoundMethod::call(Object(Illuminate\\Foundation\\Application), Object(Closure), Array, NULL)
#26 /Users/rifkinasss/Documents/workspace/Startup/NasLabs/internal-projects/Blog/vendor/laravel/framework/src/Illuminate/Foundation/Support/Providers/RouteServiceProvider.php(162): Illuminate\\Container\\Container->call(Object(Closure))
#27 /Users/rifkinasss/Documents/workspace/Startup/NasLabs/internal-projects/Blog/vendor/laravel/framework/src/Illuminate/Foundation/Support/Providers/RouteServiceProvider.php(59): Illuminate\\Foundation\\Support\\Providers\\RouteServiceProvider->loadRoutes()
#28 /Users/rifkinasss/Documents/workspace/Startup/NasLabs/internal-projects/Blog/vendor/laravel/framework/src/Illuminate/Container/BoundMethod.php(36): Illuminate\\Foundation\\Support\\Providers\\RouteServiceProvider->{closure:Illuminate\\Foundation\\Support\\Providers\\RouteServiceProvider::register():53}()
#29 /Users/rifkinasss/Documents/workspace/Startup/NasLabs/internal-projects/Blog/vendor/laravel/framework/src/Illuminate/Container/Util.php(43): Illuminate\\Container\\BoundMethod::{closure:Illuminate\\Container\\BoundMethod::call():35}()
#30 /Users/rifkinasss/Documents/workspace/Startup/NasLabs/internal-projects/Blog/vendor/laravel/framework/src/Illuminate/Container/BoundMethod.php(84): Illuminate\\Container\\Util::unwrapIfClosure(Object(Closure))
#31 /Users/rifkinasss/Documents/workspace/Startup/NasLabs/internal-projects/Blog/vendor/laravel/framework/src/Illuminate/Container/BoundMethod.php(35): Illuminate\\Container\\BoundMethod::callBoundMethod(Object(Illuminate\\Foundation\\Application), Object(Closure), Object(Closure))
#32 /Users/rifkinasss/Documents/workspace/Startup/NasLabs/internal-projects/Blog/vendor/laravel/framework/src/Illuminate/Container/Container.php(803): Illuminate\\Container\\BoundMethod::call(Object(Illuminate\\Foundation\\Application), Object(Closure), Array, NULL)
#33 /Users/rifkinasss/Documents/workspace/Startup/NasLabs/internal-projects/Blog/vendor/laravel/framework/src/Illuminate/Support/ServiceProvider.php(150): Illuminate\\Container\\Container->call(Object(Closure))
#34 /Users/rifkinasss/Documents/workspace/Startup/NasLabs/internal-projects/Blog/vendor/laravel/framework/src/Illuminate/Foundation/Application.php(1161): Illuminate\\Support\\ServiceProvider->callBootedCallbacks()
#35 /Users/rifkinasss/Documents/workspace/Startup/NasLabs/internal-projects/Blog/vendor/laravel/framework/src/Illuminate/Foundation/Application.php(1139): Illuminate\\Foundation\\Application->bootProvider(Object(Illuminate\\Foundation\\Support\\Providers\\RouteServiceProvider))
#36 [internal function]: Illuminate\\Foundation\\Application->{closure:Illuminate\\Foundation\\Application::boot():1138}(Object(Illuminate\\Foundation\\Support\\Providers\\RouteServiceProvider), 'Illuminate\\\\Foun...')
#37 /Users/rifkinasss/Documents/workspace/Startup/NasLabs/internal-projects/Blog/vendor/laravel/framework/src/Illuminate/Foundation/Application.php(1138): array_walk(Array, Object(Closure))
#38 /Users/rifkinasss/Documents/workspace/Startup/NasLabs/internal-projects/Blog/vendor/laravel/framework/src/Illuminate/Foundation/Bootstrap/BootProviders.php(17): Illuminate\\Foundation\\Application->boot()
#39 /Users/rifkinasss/Documents/workspace/Startup/NasLabs/internal-projects/Blog/vendor/laravel/framework/src/Illuminate/Foundation/Application.php(349): Illuminate\\Foundation\\Bootstrap\\BootProviders->bootstrap(Object(Illuminate\\Foundation\\Application))
#40 /Users/rifkinasss/Documents/workspace/Startup/NasLabs/internal-projects/Blog/vendor/laravel/framework/src/Illuminate/Foundation/Console/Kernel.php(507): Illuminate\\Foundation\\Application->bootstrapWith(Array)
#41 /Users/rifkinasss/Documents/workspace/Startup/NasLabs/internal-projects/Blog/vendor/laravel/framework/src/Illuminate/Foundation/Console/Kernel.php(196): Illuminate\\Foundation\\Console\\Kernel->bootstrap()
#42 /Users/rifkinasss/Documents/workspace/Startup/NasLabs/internal-projects/Blog/vendor/laravel/framework/src/Illuminate/Foundation/Application.php(1242): Illuminate\\Foundation\\Console\\Kernel->handle(Object(Symfony\\Component\\Console\\Input\\ArgvInput), Object(Symfony\\Component\\Console\\Output\\ConsoleOutput))
#43 /Users/rifkinasss/Documents/workspace/Startup/NasLabs/internal-projects/Blog/artisan(16): Illuminate\\Foundation\\Application->handleCommand(Object(Symfony\\Component\\Console\\Input\\ArgvInput))
#44 {main}
"} 
[2026-09-16 08:56:03] local.ERROR: syntax error, unexpected token "->" {"exception":"[object] (ParseError(code: 0): syntax error, unexpected token \"->\" at /Users/rifkinasss/Documents/workspace/Startup/NasLabs/internal-projects/Blog/app/Livewire/Dashboard/Media/MediaIndex.php:92)
[stacktrace]
#0 /Users/rifkinasss/Documents/workspace/Startup/NasLabs/internal-projects/Blog/vendor/composer/ClassLoader.php(427): {closure:Composer\\Autoload\\ClassLoader::initializeIncludeClosure():575}('/Users/rifkinas...')
#1 [internal function]: Composer\\Autoload\\ClassLoader->loadClass('App\\\\Livewire\\\\Da...')
#2 /Users/rifkinasss/Documents/workspace/Startup/NasLabs/internal-projects/Blog/vendor/laravel/framework/src/Illuminate/Routing/RouteAction.php(91): method_exists('App\\\\Livewire\\\\Da...', '__invoke')
#3 /Users/rifkinasss/Documents/workspace/Startup/NasLabs/internal-projects/Blog/vendor/laravel/framework/src/Illuminate/Routing/RouteAction.php(47): Illuminate\\Routing\\RouteAction::makeInvokable('App\\\\Livewire\\\\Da...')
#4 /Users/rifkinasss/Documents/workspace/Startup/NasLabs/internal-projects/Blog/vendor/laravel/framework/src/Illuminate/Routing/Route.php(202): Illuminate\\Routing\\RouteAction::parse('dashboard/media', Array)
#5 /Users/rifkinasss/Documents/workspace/Startup/NasLabs/internal-projects/Blog/vendor/laravel/framework/src/Illuminate/Routing/Route.php(183): Illuminate\\Routing\\Route->parseAction(Array)
#6 /Users/rifkinasss/Documents/workspace/Startup/NasLabs/internal-projects/Blog/vendor/laravel/framework/src/Illuminate/Routing/Router.php(685): Illuminate\\Routing\\Route->__construct(Array, 'dashboard/media', Array)
#7 /Users/rifkinasss/Documents/workspace/Startup/NasLabs/internal-projects/Blog/vendor/laravel/framework/src/Illuminate/Routing/Router.php(576): Illuminate\\Routing\\Router->newRoute(Array, 'dashboard/media', Array)
#8 /Users/rifkinasss/Documents/workspace/Startup/NasLabs/internal-projects/Blog/vendor/laravel/framework/src/Illuminate/Routing/Router.php(556): Illuminate\\Routing\\Router->createRoute(Array, '/media', Array)
#9 /Users/rifkinasss/Documents/workspace/Startup/NasLabs/internal-projects/Blog/vendor/laravel/framework/src/Illuminate/Routing/Router.php(160): Illuminate\\Routing\\Router->addRoute(Array, '/media', 'App\\\\Livewire\\\\Da...')
#10 /Users/rifkinasss/Documents/workspace/Startup/NasLabs/internal-projects/Blog/vendor/laravel/framework/src/Illuminate/Support/Facades/Facade.php(364): Illuminate\\Routing\\Router->get('/media', 'App\\\\Livewire\\\\Da...')
#11 /Users/rifkinasss/Documents/workspace/Startup/NasLabs/internal-projects/Blog/routes/web.php(44): Illuminate\\Support\\Facades\\Facade::__callStatic('get', Array)
#12 /Users/rifkinasss/Documents/workspace/Startup/NasLabs/internal-projects/Blog/vendor/laravel/framework/src/Illuminate/Routing/Router.php(524): Illuminate\\Routing\\RouteFileRegistrar->{closure:/Users/rifkinasss/Documents/workspace/Startup/NasLabs/internal-projects/Blog/routes/web.php:44}(Object(Illuminate\\Routing\\Router))
#13 /Users/rifkinasss/Documents/workspace/Startup/NasLabs/internal-projects/Blog/vendor/laravel/framework/src/Illuminate/Routing/Router.php(480): Illuminate\\Routing\\Router->loadRoutes(Object(Closure))
#14 /Users/rifkinasss/Documents/workspace/Startup/NasLabs/internal-projects/Blog/vendor/laravel/framework/src/Illuminate/Routing/RouteRegistrar.php(224): Illuminate\\Routing\\Router->group(Array, Object(Closure))
#15 /Users/rifkinasss/Documents/workspace/Startup/NasLabs/internal-projects/Blog/routes/web.php(44): Illuminate\\Routing\\RouteRegistrar->group(Object(Closure))
#16 /Users/rifkinasss/Documents/workspace/Startup/NasLabs/internal-projects/Blog/vendor/laravel/framework/src/Illuminate/Routing/RouteFileRegistrar.php(34): require('/Users/rifkinas...')
#17 /Users/rifkinasss/Documents/workspace/Startup/NasLabs/internal-projects/Blog/vendor/laravel/framework/src/Illuminate/Routing/Router.php(526): Illuminate\\Routing\\RouteFileRegistrar->register('/Users/rifkinas...')
#18 /Users/rifkinasss/Documents/workspace/Startup/NasLabs/internal-projects/Blog/vendor/laravel/framework/src/Illuminate/Routing/Router.php(480): Illuminate\\Routing\\Router->loadRoutes('/Users/rifkinas...')
#19 /Users/rifkinasss/Documents/workspace/Startup/NasLabs/internal-projects/Blog/vendor/laravel/framework/src/Illuminate/Routing/RouteRegistrar.php(224): Illuminate\\Routing\\Router->group(Array, '/Users/rifkinas...')
#20 /Users/rifkinasss/Documents/workspace/Startup/NasLabs/internal-projects/Blog/vendor/laravel/framework/src/Illuminate/Foundation/Configuration/ApplicationBuilder.php(261): Illuminate\\Routing\\RouteRegistrar->group('/Users/rifkinas...')
#21 /Users/rifkinasss/Documents/workspace/Startup/NasLabs/internal-projects/Blog/vendor/laravel/framework/src/Illuminate/Container/BoundMethod.php(36): Illuminate\\Foundation\\Configuration\\ApplicationBuilder->{closure:Illuminate\\Foundation\\Configuration\\ApplicationBuilder::buildRoutingCallback():210}()
#22 /Users/rifkinasss/Documents/workspace/Startup/NasLabs/internal-projects/Blog/vendor/laravel/framework/src/Illuminate/Container/Util.php(43): Illuminate\\Container\\BoundMethod::{closure:Illuminate\\Container\\BoundMethod::call():35}()
#23 /Users/rifkinasss/Documents/workspace/Startup/NasLabs/internal-projects/Blog/vendor/laravel/framework/src/Illuminate/Container/BoundMethod.php(84): Illuminate\\Container\\Util::unwrapIfClosure(Object(Closure))
#24 /Users/rifkinasss/Documents/workspace/Startup/NasLabs/internal-projects/Blog/vendor/laravel/framework/src/Illuminate/Container/BoundMethod.php(35): Illuminate\\Container\\BoundMethod::callBoundMethod(Object(Illuminate\\Foundation\\Application), Object(Closure), Object(Closure))
#25 /Users/rifkinasss/Documents/workspace/Startup/NasLabs/internal-projects/Blog/vendor/laravel/framework/src/Illuminate/Container/Container.php(803): Illuminate\\Container\\BoundMethod::call(Object(Illuminate\\Foundation\\Application), Object(Closure), Array, NULL)
#26 /Users/rifkinasss/Documents/workspace/Startup/NasLabs/internal-projects/Blog/vendor/laravel/framework/src/Illuminate/Foundation/Support/Providers/RouteServiceProvider.php(162): Illuminate\\Container\\Container->call(Object(Closure))
#27 /Users/rifkinasss/Documents/workspace/Startup/NasLabs/internal-projects/Blog/vendor/laravel/framework/src/Illuminate/Foundation/Support/Providers/RouteServiceProvider.php(59): Illuminate\\Foundation\\Support\\Providers\\RouteServiceProvider->loadRoutes()
#28 /Users/rifkinasss/Documents/workspace/Startup/NasLabs/internal-projects/Blog/vendor/laravel/framework/src/Illuminate/Container/BoundMethod.php(36): Illuminate\\Foundation\\Support\\Providers\\RouteServiceProvider->{closure:Illuminate\\Foundation\\Support\\Providers\\RouteServiceProvider::register():53}()
#29 /Users/rifkinasss/Documents/workspace/Startup/NasLabs/internal-projects/Blog/vendor/laravel/framework/src/Illuminate/Container/Util.php(43): Illuminate\\Container\\BoundMethod::{closure:Illuminate\\Container\\BoundMethod::call():35}()
#30 /Users/rifkinasss/Documents/workspace/Startup/NasLabs/internal-projects/Blog/vendor/laravel/framework/src/Illuminate/Container/BoundMethod.php(84): Illuminate\\Container\\Util::unwrapIfClosure(Object(Closure))
#31 /Users/rifkinasss/Documents/workspace/Startup/NasLabs/internal-projects/Blog/vendor/laravel/framework/src/Illuminate/Container/BoundMethod.php(35): Illuminate\\Container\\BoundMethod::callBoundMethod(Object(Illuminate\\Foundation\\Application), Object(Closure), Object(Closure))
#32 /Users/rifkinasss/Documents/workspace/Startup/NasLabs/internal-projects/Blog/vendor/laravel/framework/src/Illuminate/Container/Container.php(803): Illuminate\\Container\\BoundMethod::call(Object(Illuminate\\Foundation\\Application), Object(Closure), Array, NULL)
#33 /Users/rifkinasss/Documents/workspace/Startup/NasLabs/internal-projects/Blog/vendor/laravel/framework/src/Illuminate/Support/ServiceProvider.php(150): Illuminate\\Container\\Container->call(Object(Closure))
#34 /Users/rifkinasss/Documents/workspace/Startup/NasLabs/internal-projects/Blog/vendor/laravel/framework/src/Illuminate/Foundation/Application.php(1161): Illuminate\\Support\\ServiceProvider->callBootedCallbacks()
#35 /Users/rifkinasss/Documents/workspace/Startup/NasLabs/internal-projects/Blog/vendor/laravel/framework/src/Illuminate/Foundation/Application.php(1139): Illuminate\\Foundation\\Application->bootProvider(Object(Illuminate\\Foundation\\Support\\Providers\\RouteServiceProvider))
#36 [internal function]: Illuminate\\Foundation\\Application->{closure:Illuminate\\Foundation\\Application::boot():1138}(Object(Illuminate\\Foundation\\Support\\Providers\\RouteServiceProvider), 'Illuminate\\\\Foun...')
#37 /Users/rifkinasss/Documents/workspace/Startup/NasLabs/internal-projects/Blog/vendor/laravel/framework/src/Illuminate/Foundation/Application.php(1138): array_walk(Array, Object(Closure))
#38 /Users/rifkinasss/Documents/workspace/Startup/NasLabs/internal-projects/Blog/vendor/laravel/framework/src/Illuminate/Foundation/Bootstrap/BootProviders.php(17): Illuminate\\Foundation\\Application->boot()
#39 /Users/rifkinasss/Documents/workspace/Startup/NasLabs/internal-projects/Blog/vendor/laravel/framework/src/Illuminate/Foundation/Application.php(349): Illuminate\\Foundation\\Bootstrap\\BootProviders->bootstrap(Object(Illuminate\\Foundation\\Application))
#40 /Users/rifkinasss/Documents/workspace/Startup/NasLabs/internal-projects/Blog/vendor/laravel/framework/src/Illuminate/Foundation/Console/Kernel.php(507): Illuminate\\Foundation\\Application->bootstrapWith(Array)
#41 /Users/rifkinasss/Documents/workspace/Startup/NasLabs/internal-projects/Blog/vendor/laravel/framework/src/Illuminate/Foundation/Console/Kernel.php(196): Illuminate\\Foundation\\Console\\Kernel->bootstrap()
#42 /Users/rifkinasss/Documents/workspace/Startup/NasLabs/internal-projects/Blog/vendor/laravel/framework/src/Illuminate/Foundation/Application.php(1242): Illuminate\\Foundation\\Console\\Kernel->handle(Object(Symfony\\Component\\Console\\Input\\ArgvInput), Object(Symfony\\Component\\Console\\Output\\ConsoleOutput))
#43 /Users/rifkinasss/Documents/workspace/Startup/NasLabs/internal-projects/Blog/artisan(16): Illuminate\\Foundation\\Application->handleCommand(Object(Symfony\\Component\\Console\\Input\\ArgvInput))
#44 {main}
"} 
[2026-09-16 09:04:38] local.ERROR: include(/Users/rifkinasss/Documents/workspace/Startup/NasLabs/internal-projects/Blog/app/Livewire/Dashboard/Analytics/AnalyticsIndex.php): Failed to open stream: No such file or directory {"exception":"[object] (ErrorException(code: 0): include(/Users/rifkinasss/Documents/workspace/Startup/NasLabs/internal-projects/Blog/app/Livewire/Dashboard/Analytics/AnalyticsIndex.php): Failed to open stream: No such file or directory at /Users/rifkinasss/Documents/workspace/Startup/NasLabs/internal-projects/Blog/vendor/composer/ClassLoader.php:576)
[stacktrace]
#0 /Users/rifkinasss/Documents/workspace/Startup/NasLabs/internal-projects/Blog/vendor/laravel/framework/src/Illuminate/Foundation/Bootstrap/HandleExceptions.php(265): Illuminate\\Foundation\\Bootstrap\\HandleExceptions->handleError(2, 'include(/Users/...', '/Users/rifkinas...', 576)
#1 /Users/rifkinasss/Documents/workspace/Startup/NasLabs/internal-projects/Blog/vendor/composer/ClassLoader.php(576): Illuminate\\Foundation\\Bootstrap\\HandleExceptions->{closure:Illuminate\\Foundation\\Bootstrap\\HandleExceptions::forwardsTo():264}(2, 'include(/Users/...', '/Users/rifkinas...', 576)
#2 /Users/rifkinasss/Documents/workspace/Startup/NasLabs/internal-projects/Blog/vendor/composer/ClassLoader.php(576): include('/Users/rifkinas...')
#3 /Users/rifkinasss/Documents/workspace/Startup/NasLabs/internal-projects/Blog/vendor/composer/ClassLoader.php(427): {closure:Composer\\Autoload\\ClassLoader::initializeIncludeClosure():575}('/Users/rifkinas...')
#4 [internal function]: Composer\\Autoload\\ClassLoader->loadClass('App\\\\Livewire\\\\Da...')
#5 /Users/rifkinasss/Documents/workspace/Startup/NasLabs/internal-projects/Blog/vendor/laravel/framework/src/Illuminate/Routing/RouteAction.php(91): method_exists('App\\\\Livewire\\\\Da...', '__invoke')
#6 /Users/rifkinasss/Documents/workspace/Startup/NasLabs/internal-projects/Blog/vendor/laravel/framework/src/Illuminate/Routing/RouteAction.php(47): Illuminate\\Routing\\RouteAction::makeInvokable('App\\\\Livewire\\\\Da...')
#7 /Users/rifkinasss/Documents/workspace/Startup/NasLabs/internal-projects/Blog/vendor/laravel/framework/src/Illuminate/Routing/Route.php(202): Illuminate\\Routing\\RouteAction::parse('dashboard/analy...', Array)
#8 /Users/rifkinasss/Documents/workspace/Startup/NasLabs/internal-projects/Blog/vendor/laravel/framework/src/Illuminate/Routing/Route.php(183): Illuminate\\Routing\\Route->parseAction(Array)
#9 /Users/rifkinasss/Documents/workspace/Startup/NasLabs/internal-projects/Blog/vendor/laravel/framework/src/Illuminate/Routing/Router.php(685): Illuminate\\Routing\\Route->__construct(Array, 'dashboard/analy...', Array)
#10 /Users/rifkinasss/Documents/workspace/Startup/NasLabs/internal-projects/Blog/vendor/laravel/framework/src/Illuminate/Routing/Router.php(576): Illuminate\\Routing\\Router->newRoute(Array, 'dashboard/analy...', Array)
#11 /Users/rifkinasss/Documents/workspace/Startup/NasLabs/internal-projects/Blog/vendor/laravel/framework/src/Illuminate/Routing/Router.php(556): Illuminate\\Routing\\Router->createRoute(Array, '/analytics', Array)
#12 /Users/rifkinasss/Documents/workspace/Startup/NasLabs/internal-projects/Blog/vendor/laravel/framework/src/Illuminate/Routing/Router.php(160): Illuminate\\Routing\\Router->addRoute(Array, '/analytics', 'App\\\\Livewire\\\\Da...')
#13 /Users/rifkinasss/Documents/workspace/Startup/NasLabs/internal-projects/Blog/vendor/laravel/framework/src/Illuminate/Support/Facades/Facade.php(364): Illuminate\\Routing\\Router->get('/analytics', 'App\\\\Livewire\\\\Da...')
#14 /Users/rifkinasss/Documents/workspace/Startup/NasLabs/internal-projects/Blog/routes/web.php(44): Illuminate\\Support\\Facades\\Facade::__callStatic('get', Array)
#15 /Users/rifkinasss/Documents/workspace/Startup/NasLabs/internal-projects/Blog/vendor/laravel/framework/src/Illuminate/Routing/Router.php(524): Illuminate\\Routing\\RouteFileRegistrar->{closure:/Users/rifkinasss/Documents/workspace/Startup/NasLabs/internal-projects/Blog/routes/web.php:44}(Object(Illuminate\\Routing\\Router))
#16 /Users/rifkinasss/Documents/workspace/Startup/NasLabs/internal-projects/Blog/vendor/laravel/framework/src/Illuminate/Routing/Router.php(480): Illuminate\\Routing\\Router->loadRoutes(Object(Closure))
#17 /Users/rifkinasss/Documents/workspace/Startup/NasLabs/internal-projects/Blog/vendor/laravel/framework/src/Illuminate/Routing/RouteRegistrar.php(224): Illuminate\\Routing\\Router->group(Array, Object(Closure))
#18 /Users/rifkinasss/Documents/workspace/Startup/NasLabs/internal-projects/Blog/routes/web.php(44): Illuminate\\Routing\\RouteRegistrar->group(Object(Closure))
#19 /Users/rifkinasss/Documents/workspace/Startup/NasLabs/internal-projects/Blog/vendor/laravel/framework/src/Illuminate/Routing/RouteFileRegistrar.php(34): require('/Users/rifkinas...')
#20 /Users/rifkinasss/Documents/workspace/Startup/NasLabs/internal-projects/Blog/vendor/laravel/framework/src/Illuminate/Routing/Router.php(526): Illuminate\\Routing\\RouteFileRegistrar->register('/Users/rifkinas...')
#21 /Users/rifkinasss/Documents/workspace/Startup/NasLabs/internal-projects/Blog/vendor/laravel/framework/src/Illuminate/Routing/Router.php(480): Illuminate\\Routing\\Router->loadRoutes('/Users/rifkinas...')
#22 /Users/rifkinasss/Documents/workspace/Startup/NasLabs/internal-projects/Blog/vendor/laravel/framework/src/Illuminate/Routing/RouteRegistrar.php(224): Illuminate\\Routing\\Router->group(Array, '/Users/rifkinas...')
#23 /Users/rifkinasss/Documents/workspace/Startup/NasLabs/internal-projects/Blog/vendor/laravel/framework/src/Illuminate/Foundation/Configuration/ApplicationBuilder.php(261): Illuminate\\Routing\\RouteRegistrar->group('/Users/rifkinas...')
#24 /Users/rifkinasss/Documents/workspace/Startup/NasLabs/internal-projects/Blog/vendor/laravel/framework/src/Illuminate/Container/BoundMethod.php(36): Illuminate\\Foundation\\Configuration\\ApplicationBuilder->{closure:Illuminate\\Foundation\\Configuration\\ApplicationBuilder::buildRoutingCallback():210}()
#25 /Users/rifkinasss/Documents/workspace/Startup/NasLabs/internal-projects/Blog/vendor/laravel/framework/src/Illuminate/Container/Util.php(43): Illuminate\\Container\\BoundMethod::{closure:Illuminate\\Container\\BoundMethod::call():35}()
#26 /Users/rifkinasss/Documents/workspace/Startup/NasLabs/internal-projects/Blog/vendor/laravel/framework/src/Illuminate/Container/BoundMethod.php(84): Illuminate\\Container\\Util::unwrapIfClosure(Object(Closure))
#27 /Users/rifkinasss/Documents/workspace/Startup/NasLabs/internal-projects/Blog/vendor/laravel/framework/src/Illuminate/Container/BoundMethod.php(35): Illuminate\\Container\\BoundMethod::callBoundMethod(Object(Illuminate\\Foundation\\Application), Object(Closure), Object(Closure))
#28 /Users/rifkinasss/Documents/workspace/Startup/NasLabs/internal-projects/Blog/vendor/laravel/framework/src/Illuminate/Container/Container.php(803): Illuminate\\Container\\BoundMethod::call(Object(Illuminate\\Foundation\\Application), Object(Closure), Array, NULL)
#29 /Users/rifkinasss/Documents/workspace/Startup/NasLabs/internal-projects/Blog/vendor/laravel/framework/src/Illuminate/Foundation/Support/Providers/RouteServiceProvider.php(162): Illuminate\\Container\\Container->call(Object(Closure))
#30 /Users/rifkinasss/Documents/workspace/Startup/NasLabs/internal-projects/Blog/vendor/laravel/framework/src/Illuminate/Foundation/Support/Providers/RouteServiceProvider.php(59): Illuminate\\Foundation\\Support\\Providers\\RouteServiceProvider->loadRoutes()
#31 /Users/rifkinasss/Documents/workspace/Startup/NasLabs/internal-projects/Blog/vendor/laravel/framework/src/Illuminate/Container/BoundMethod.php(36): Illuminate\\Foundation\\Support\\Providers\\RouteServiceProvider->{closure:Illuminate\\Foundation\\Support\\Providers\\RouteServiceProvider::register():53}()
#32 /Users/rifkinasss/Documents/workspace/Startup/NasLabs/internal-projects/Blog/vendor/laravel/framework/src/Illuminate/Container/Util.php(43): Illuminate\\Container\\BoundMethod::{closure:Illuminate\\Container\\BoundMethod::call():35}()
#33 /Users/rifkinasss/Documents/workspace/Startup/NasLabs/internal-projects/Blog/vendor/laravel/framework/src/Illuminate/Container/BoundMethod.php(84): Illuminate\\Container\\Util::unwrapIfClosure(Object(Closure))
#34 /Users/rifkinasss/Documents/workspace/Startup/NasLabs/internal-projects/Blog/vendor/laravel/framework/src/Illuminate/Container/BoundMethod.php(35): Illuminate\\Container\\BoundMethod::callBoundMethod(Object(Illuminate\\Foundation\\Application), Object(Closure), Object(Closure))
#35 /Users/rifkinasss/Documents/workspace/Startup/NasLabs/internal-projects/Blog/vendor/laravel/framework/src/Illuminate/Container/Container.php(803): Illuminate\\Container\\BoundMethod::call(Object(Illuminate\\Foundation\\Application), Object(Closure), Array, NULL)
#36 /Users/rifkinasss/Documents/workspace/Startup/NasLabs/internal-projects/Blog/vendor/laravel/framework/src/Illuminate/Support/ServiceProvider.php(150): Illuminate\\Container\\Container->call(Object(Closure))
#37 /Users/rifkinasss/Documents/workspace/Startup/NasLabs/internal-projects/Blog/vendor/laravel/framework/src/Illuminate/Foundation/Application.php(1161): Illuminate\\Support\\ServiceProvider->callBootedCallbacks()
#38 /Users/rifkinasss/Documents/workspace/Startup/NasLabs/internal-projects/Blog/vendor/laravel/framework/src/Illuminate/Foundation/Application.php(1139): Illuminate\\Foundation\\Application->bootProvider(Object(Illuminate\\Foundation\\Support\\Providers\\RouteServiceProvider))
#39 [internal function]: Illuminate\\Foundation\\Application->{closure:Illuminate\\Foundation\\Application::boot():1138}(Object(Illuminate\\Foundation\\Support\\Providers\\RouteServiceProvider), 'Illuminate\\\\Foun...')
#40 /Users/rifkinasss/Documents/workspace/Startup/NasLabs/internal-projects/Blog/vendor/laravel/framework/src/Illuminate/Foundation/Application.php(1138): array_walk(Array, Object(Closure))
#41 /Users/rifkinasss/Documents/workspace/Startup/NasLabs/internal-projects/Blog/vendor/laravel/framework/src/Illuminate/Foundation/Bootstrap/BootProviders.php(17): Illuminate\\Foundation\\Application->boot()
#42 /Users/rifkinasss/Documents/workspace/Startup/NasLabs/internal-projects/Blog/vendor/laravel/framework/src/Illuminate/Foundation/Application.php(349): Illuminate\\Foundation\\Bootstrap\\BootProviders->bootstrap(Object(Illuminate\\Foundation\\Application))
#43 /Users/rifkinasss/Documents/workspace/Startup/NasLabs/internal-projects/Blog/vendor/laravel/framework/src/Illuminate/Foundation/Http/Kernel.php(186): Illuminate\\Foundation\\Application->bootstrapWith(Array)
#44 /Users/rifkinasss/Documents/workspace/Startup/NasLabs/internal-projects/Blog/vendor/laravel/framework/src/Illuminate/Foundation/Http/Kernel.php(170): Illuminate\\Foundation\\Http\\Kernel->bootstrap()
#45 /Users/rifkinasss/Documents/workspace/Startup/NasLabs/internal-projects/Blog/vendor/laravel/framework/src/Illuminate/Foundation/Http/Kernel.php(144): Illuminate\\Foundation\\Http\\Kernel->sendRequestThroughRouter(Object(Illuminate\\Http\\Request))
#46 /Users/rifkinasss/Documents/workspace/Startup/NasLabs/internal-projects/Blog/vendor/laravel/framework/src/Illuminate/Foundation/Application.php(1227): Illuminate\\Foundation\\Http\\Kernel->handle(Object(Illuminate\\Http\\Request))
#47 /Users/rifkinasss/Documents/workspace/Startup/NasLabs/internal-projects/Blog/public/index.php(20): Illuminate\\Foundation\\Application->handleRequest(Object(Illuminate\\Http\\Request))
#48 /Users/rifkinasss/Documents/workspace/Startup/NasLabs/internal-projects/Blog/vendor/laravel/framework/src/Illuminate/Foundation/resources/server.php(23): require_once('/Users/rifkinas...')
#49 {main}
"} 
[2026-09-16 09:04:40] local.ERROR: include(/Users/rifkinasss/Documents/workspace/Startup/NasLabs/internal-projects/Blog/vendor/composer/../../app/Livewire/Dashboard/Analytics/AnalyticsIndex.php): Failed to open stream: No such file or directory {"exception":"[object] (ErrorException(code: 0): include(/Users/rifkinasss/Documents/workspace/Startup/NasLabs/internal-projects/Blog/vendor/composer/../../app/Livewire/Dashboard/Analytics/AnalyticsIndex.php): Failed to open stream: No such file or directory at /Users/rifkinasss/Documents/workspace/Startup/NasLabs/internal-projects/Blog/vendor/composer/ClassLoader.php:576)
[stacktrace]
#0 /Users/rifkinasss/Documents/workspace/Startup/NasLabs/internal-projects/Blog/vendor/laravel/framework/src/Illuminate/Foundation/Bootstrap/HandleExceptions.php(265): Illuminate\\Foundation\\Bootstrap\\HandleExceptions->handleError(2, 'include(/Users/...', '/Users/rifkinas...', 576)
#1 /Users/rifkinasss/Documents/workspace/Startup/NasLabs/internal-projects/Blog/vendor/composer/ClassLoader.php(576): Illuminate\\Foundation\\Bootstrap\\HandleExceptions->{closure:Illuminate\\Foundation\\Bootstrap\\HandleExceptions::forwardsTo():264}(2, 'include(/Users/...', '/Users/rifkinas...', 576)
#2 /Users/rifkinasss/Documents/workspace/Startup/NasLabs/internal-projects/Blog/vendor/composer/ClassLoader.php(576): include('/Users/rifkinas...')
#3 /Users/rifkinasss/Documents/workspace/Startup/NasLabs/internal-projects/Blog/vendor/composer/ClassLoader.php(427): {closure:Composer\\Autoload\\ClassLoader::initializeIncludeClosure():575}('/Users/rifkinas...')
#4 [internal function]: Composer\\Autoload\\ClassLoader->loadClass('App\\\\Livewire\\\\Da...')
#5 /Users/rifkinasss/Documents/workspace/Startup/NasLabs/internal-projects/Blog/vendor/laravel/framework/src/Illuminate/Routing/RouteAction.php(91): method_exists('App\\\\Livewire\\\\Da...', '__invoke')
#6 /Users/rifkinasss/Documents/workspace/Startup/NasLabs/internal-projects/Blog/vendor/laravel/framework/src/Illuminate/Routing/RouteAction.php(47): Illuminate\\Routing\\RouteAction::makeInvokable('App\\\\Livewire\\\\Da...')
#7 /Users/rifkinasss/Documents/workspace/Startup/NasLabs/internal-projects/Blog/vendor/laravel/framework/src/Illuminate/Routing/Route.php(202): Illuminate\\Routing\\RouteAction::parse('dashboard/analy...', Array)
#8 /Users/rifkinasss/Documents/workspace/Startup/NasLabs/internal-projects/Blog/vendor/laravel/framework/src/Illuminate/Routing/Route.php(183): Illuminate\\Routing\\Route->parseAction(Array)
#9 /Users/rifkinasss/Documents/workspace/Startup/NasLabs/internal-projects/Blog/vendor/laravel/framework/src/Illuminate/Routing/Router.php(685): Illuminate\\Routing\\Route->__construct(Array, 'dashboard/analy...', Array)
#10 /Users/rifkinasss/Documents/workspace/Startup/NasLabs/internal-projects/Blog/vendor/laravel/framework/src/Illuminate/Routing/Router.php(576): Illuminate\\Routing\\Router->newRoute(Array, 'dashboard/analy...', Array)
#11 /Users/rifkinasss/Documents/workspace/Startup/NasLabs/internal-projects/Blog/vendor/laravel/framework/src/Illuminate/Routing/Router.php(556): Illuminate\\Routing\\Router->createRoute(Array, '/analytics', Array)
#12 /Users/rifkinasss/Documents/workspace/Startup/NasLabs/internal-projects/Blog/vendor/laravel/framework/src/Illuminate/Routing/Router.php(160): Illuminate\\Routing\\Router->addRoute(Array, '/analytics', 'App\\\\Livewire\\\\Da...')
#13 /Users/rifkinasss/Documents/workspace/Startup/NasLabs/internal-projects/Blog/vendor/laravel/framework/src/Illuminate/Support/Facades/Facade.php(364): Illuminate\\Routing\\Router->get('/analytics', 'App\\\\Livewire\\\\Da...')
#14 /Users/rifkinasss/Documents/workspace/Startup/NasLabs/internal-projects/Blog/routes/web.php(44): Illuminate\\Support\\Facades\\Facade::__callStatic('get', Array)
#15 /Users/rifkinasss/Documents/workspace/Startup/NasLabs/internal-projects/Blog/vendor/laravel/framework/src/Illuminate/Routing/Router.php(524): Illuminate\\Routing\\RouteFileRegistrar->{closure:/Users/rifkinasss/Documents/workspace/Startup/NasLabs/internal-projects/Blog/routes/web.php:44}(Object(Illuminate\\Routing\\Router))
#16 /Users/rifkinasss/Documents/workspace/Startup/NasLabs/internal-projects/Blog/vendor/laravel/framework/src/Illuminate/Routing/Router.php(480): Illuminate\\Routing\\Router->loadRoutes(Object(Closure))
#17 /Users/rifkinasss/Documents/workspace/Startup/NasLabs/internal-projects/Blog/vendor/laravel/framework/src/Illuminate/Routing/RouteRegistrar.php(224): Illuminate\\Routing\\Router->group(Array, Object(Closure))
#18 /Users/rifkinasss/Documents/workspace/Startup/NasLabs/internal-projects/Blog/routes/web.php(44): Illuminate\\Routing\\RouteRegistrar->group(Object(Closure))
#19 /Users/rifkinasss/Documents/workspace/Startup/NasLabs/internal-projects/Blog/vendor/laravel/framework/src/Illuminate/Routing/RouteFileRegistrar.php(34): require('/Users/rifkinas...')
#20 /Users/rifkinasss/Documents/workspace/Startup/NasLabs/internal-projects/Blog/vendor/laravel/framework/src/Illuminate/Routing/Router.php(526): Illuminate\\Routing\\RouteFileRegistrar->register('/Users/rifkinas...')
#21 /Users/rifkinasss/Documents/workspace/Startup/NasLabs/internal-projects/Blog/vendor/laravel/framework/src/Illuminate/Routing/Router.php(480): Illuminate\\Routing\\Router->loadRoutes('/Users/rifkinas...')
#22 /Users/rifkinasss/Documents/workspace/Startup/NasLabs/internal-projects/Blog/vendor/laravel/framework/src/Illuminate/Routing/RouteRegistrar.php(224): Illuminate\\Routing\\Router->group(Array, '/Users/rifkinas...')
#23 /Users/rifkinasss/Documents/workspace/Startup/NasLabs/internal-projects/Blog/vendor/laravel/framework/src/Illuminate/Foundation/Configuration/ApplicationBuilder.php(261): Illuminate\\Routing\\RouteRegistrar->group('/Users/rifkinas...')
#24 /Users/rifkinasss/Documents/workspace/Startup/NasLabs/internal-projects/Blog/vendor/laravel/framework/src/Illuminate/Container/BoundMethod.php(36): Illuminate\\Foundation\\Configuration\\ApplicationBuilder->{closure:Illuminate\\Foundation\\Configuration\\ApplicationBuilder::buildRoutingCallback():210}()
#25 /Users/rifkinasss/Documents/workspace/Startup/NasLabs/internal-projects/Blog/vendor/laravel/framework/src/Illuminate/Container/Util.php(43): Illuminate\\Container\\BoundMethod::{closure:Illuminate\\Container\\BoundMethod::call():35}()
#26 /Users/rifkinasss/Documents/workspace/Startup/NasLabs/internal-projects/Blog/vendor/laravel/framework/src/Illuminate/Container/BoundMethod.php(84): Illuminate\\Container\\Util::unwrapIfClosure(Object(Closure))
#27 /Users/rifkinasss/Documents/workspace/Startup/NasLabs/internal-projects/Blog/vendor/laravel/framework/src/Illuminate/Container/BoundMethod.php(35): Illuminate\\Container\\BoundMethod::callBoundMethod(Object(Illuminate\\Foundation\\Application), Object(Closure), Object(Closure))
#28 /Users/rifkinasss/Documents/workspace/Startup/NasLabs/internal-projects/Blog/vendor/laravel/framework/src/Illuminate/Container/Container.php(803): Illuminate\\Container\\BoundMethod::call(Object(Illuminate\\Foundation\\Application), Object(Closure), Array, NULL)
#29 /Users/rifkinasss/Documents/workspace/Startup/NasLabs/internal-projects/Blog/vendor/laravel/framework/src/Illuminate/Foundation/Support/Providers/RouteServiceProvider.php(162): Illuminate\\Container\\Container->call(Object(Closure))
#30 /Users/rifkinasss/Documents/workspace/Startup/NasLabs/internal-projects/Blog/vendor/laravel/framework/src/Illuminate/Foundation/Support/Providers/RouteServiceProvider.php(59): Illuminate\\Foundation\\Support\\Providers\\RouteServiceProvider->loadRoutes()
#31 /Users/rifkinasss/Documents/workspace/Startup/NasLabs/internal-projects/Blog/vendor/laravel/framework/src/Illuminate/Container/BoundMethod.php(36): Illuminate\\Foundation\\Support\\Providers\\RouteServiceProvider->{closure:Illuminate\\Foundation\\Support\\Providers\\RouteServiceProvider::register():53}()
#32 /Users/rifkinasss/Documents/workspace/Startup/NasLabs/internal-projects/Blog/vendor/laravel/framework/src/Illuminate/Container/Util.php(43): Illuminate\\Container\\BoundMethod::{closure:Illuminate\\Container\\BoundMethod::call():35}()
#33 /Users/rifkinasss/Documents/workspace/Startup/NasLabs/internal-projects/Blog/vendor/laravel/framework/src/Illuminate/Container/BoundMethod.php(84): Illuminate\\Container\\Util::unwrapIfClosure(Object(Closure))
#34 /Users/rifkinasss/Documents/workspace/Startup/NasLabs/internal-projects/Blog/vendor/laravel/framework/src/Illuminate/Container/BoundMethod.php(35): Illuminate\\Container\\BoundMethod::callBoundMethod(Object(Illuminate\\Foundation\\Application), Object(Closure), Object(Closure))
#35 /Users/rifkinasss/Documents/workspace/Startup/NasLabs/internal-projects/Blog/vendor/laravel/framework/src/Illuminate/Container/Container.php(803): Illuminate\\Container\\BoundMethod::call(Object(Illuminate\\Foundation\\Application), Object(Closure), Array, NULL)
#36 /Users/rifkinasss/Documents/workspace/Startup/NasLabs/internal-projects/Blog/vendor/laravel/framework/src/Illuminate/Support/ServiceProvider.php(150): Illuminate\\Container\\Container->call(Object(Closure))
#37 /Users/rifkinasss/Documents/workspace/Startup/NasLabs/internal-projects/Blog/vendor/laravel/framework/src/Illuminate/Foundation/Application.php(1161): Illuminate\\Support\\ServiceProvider->callBootedCallbacks()
#38 /Users/rifkinasss/Documents/workspace/Startup/NasLabs/internal-projects/Blog/vendor/laravel/framework/src/Illuminate/Foundation/Application.php(1139): Illuminate\\Foundation\\Application->bootProvider(Object(Illuminate\\Foundation\\Support\\Providers\\RouteServiceProvider))
#39 [internal function]: Illuminate\\Foundation\\Application->{closure:Illuminate\\Foundation\\Application::boot():1138}(Object(Illuminate\\Foundation\\Support\\Providers\\RouteServiceProvider), 'Illuminate\\\\Foun...')
#40 /Users/rifkinasss/Documents/workspace/Startup/NasLabs/internal-projects/Blog/vendor/laravel/framework/src/Illuminate/Foundation/Application.php(1138): array_walk(Array, Object(Closure))
#41 /Users/rifkinasss/Documents/workspace/Startup/NasLabs/internal-projects/Blog/vendor/laravel/framework/src/Illuminate/Foundation/Bootstrap/BootProviders.php(17): Illuminate\\Foundation\\Application->boot()
#42 /Users/rifkinasss/Documents/workspace/Startup/NasLabs/internal-projects/Blog/vendor/laravel/framework/src/Illuminate/Foundation/Application.php(349): Illuminate\\Foundation\\Bootstrap\\BootProviders->bootstrap(Object(Illuminate\\Foundation\\Application))
#43 /Users/rifkinasss/Documents/workspace/Startup/NasLabs/internal-projects/Blog/vendor/laravel/framework/src/Illuminate/Foundation/Http/Kernel.php(186): Illuminate\\Foundation\\Application->bootstrapWith(Array)
#44 /Users/rifkinasss/Documents/workspace/Startup/NasLabs/internal-projects/Blog/vendor/laravel/framework/src/Illuminate/Foundation/Http/Kernel.php(170): Illuminate\\Foundation\\Http\\Kernel->bootstrap()
#45 /Users/rifkinasss/Documents/workspace/Startup/NasLabs/internal-projects/Blog/vendor/laravel/framework/src/Illuminate/Foundation/Http/Kernel.php(144): Illuminate\\Foundation\\Http\\Kernel->sendRequestThroughRouter(Object(Illuminate\\Http\\Request))
#46 /Users/rifkinasss/Documents/workspace/Startup/NasLabs/internal-projects/Blog/vendor/laravel/framework/src/Illuminate/Foundation/Application.php(1227): Illuminate\\Foundation\\Http\\Kernel->handle(Object(Illuminate\\Http\\Request))
#47 /Users/rifkinasss/Documents/workspace/Startup/NasLabs/internal-projects/Blog/public/index.php(20): Illuminate\\Foundation\\Application->handleRequest(Object(Illuminate\\Http\\Request))
#48 /Users/rifkinasss/Documents/workspace/Startup/NasLabs/internal-projects/Blog/vendor/laravel/framework/src/Illuminate/Foundation/resources/server.php(23): require_once('/Users/rifkinas...')
#49 {main}
"} 
[2026-09-16 09:05:13] local.ERROR: include(/Users/rifkinasss/Documents/workspace/Startup/NasLabs/internal-projects/Blog/vendor/composer/../../app/Livewire/Dashboard/Analytics/AnalyticsIndex.php): Failed to open stream: No such file or directory {"exception":"[object] (ErrorException(code: 0): include(/Users/rifkinasss/Documents/workspace/Startup/NasLabs/internal-projects/Blog/vendor/composer/../../app/Livewire/Dashboard/Analytics/AnalyticsIndex.php): Failed to open stream: No such file or directory at /Users/rifkinasss/Documents/workspace/Startup/NasLabs/internal-projects/Blog/vendor/composer/ClassLoader.php:576)
[stacktrace]
#0 /Users/rifkinasss/Documents/workspace/Startup/NasLabs/internal-projects/Blog/vendor/laravel/framework/src/Illuminate/Foundation/Bootstrap/HandleExceptions.php(265): Illuminate\\Foundation\\Bootstrap\\HandleExceptions->handleError(2, 'include(/Users/...', '/Users/rifkinas...', 576)
#1 /Users/rifkinasss/Documents/workspace/Startup/NasLabs/internal-projects/Blog/vendor/composer/ClassLoader.php(576): Illuminate\\Foundation\\Bootstrap\\HandleExceptions->{closure:Illuminate\\Foundation\\Bootstrap\\HandleExceptions::forwardsTo():264}(2, 'include(/Users/...', '/Users/rifkinas...', 576)
#2 /Users/rifkinasss/Documents/workspace/Startup/NasLabs/internal-projects/Blog/vendor/composer/ClassLoader.php(576): include('/Users/rifkinas...')
#3 /Users/rifkinasss/Documents/workspace/Startup/NasLabs/internal-projects/Blog/vendor/composer/ClassLoader.php(427): {closure:Composer\\Autoload\\ClassLoader::initializeIncludeClosure():575}('/Users/rifkinas...')
#4 [internal function]: Composer\\Autoload\\ClassLoader->loadClass('App\\\\Livewire\\\\Da...')
#5 /Users/rifkinasss/Documents/workspace/Startup/NasLabs/internal-projects/Blog/vendor/laravel/framework/src/Illuminate/Routing/RouteAction.php(91): method_exists('App\\\\Livewire\\\\Da...', '__invoke')
#6 /Users/rifkinasss/Documents/workspace/Startup/NasLabs/internal-projects/Blog/vendor/laravel/framework/src/Illuminate/Routing/RouteAction.php(47): Illuminate\\Routing\\RouteAction::makeInvokable('App\\\\Livewire\\\\Da...')
#7 /Users/rifkinasss/Documents/workspace/Startup/NasLabs/internal-projects/Blog/vendor/laravel/framework/src/Illuminate/Routing/Route.php(202): Illuminate\\Routing\\RouteAction::parse('dashboard/analy...', Array)
#8 /Users/rifkinasss/Documents/workspace/Startup/NasLabs/internal-projects/Blog/vendor/laravel/framework/src/Illuminate/Routing/Route.php(183): Illuminate\\Routing\\Route->parseAction(Array)
#9 /Users/rifkinasss/Documents/workspace/Startup/NasLabs/internal-projects/Blog/vendor/laravel/framework/src/Illuminate/Routing/Router.php(685): Illuminate\\Routing\\Route->__construct(Array, 'dashboard/analy...', Array)
#10 /Users/rifkinasss/Documents/workspace/Startup/NasLabs/internal-projects/Blog/vendor/laravel/framework/src/Illuminate/Routing/Router.php(576): Illuminate\\Routing\\Router->newRoute(Array, 'dashboard/analy...', Array)
#11 /Users/rifkinasss/Documents/workspace/Startup/NasLabs/internal-projects/Blog/vendor/laravel/framework/src/Illuminate/Routing/Router.php(556): Illuminate\\Routing\\Router->createRoute(Array, '/analytics', Array)
#12 /Users/rifkinasss/Documents/workspace/Startup/NasLabs/internal-projects/Blog/vendor/laravel/framework/src/Illuminate/Routing/Router.php(160): Illuminate\\Routing\\Router->addRoute(Array, '/analytics', 'App\\\\Livewire\\\\Da...')
#13 /Users/rifkinasss/Documents/workspace/Startup/NasLabs/internal-projects/Blog/vendor/laravel/framework/src/Illuminate/Support/Facades/Facade.php(364): Illuminate\\Routing\\Router->get('/analytics', 'App\\\\Livewire\\\\Da...')
#14 /Users/rifkinasss/Documents/workspace/Startup/NasLabs/internal-projects/Blog/routes/web.php(44): Illuminate\\Support\\Facades\\Facade::__callStatic('get', Array)
#15 /Users/rifkinasss/Documents/workspace/Startup/NasLabs/internal-projects/Blog/vendor/laravel/framework/src/Illuminate/Routing/Router.php(524): Illuminate\\Routing\\RouteFileRegistrar->{closure:/Users/rifkinasss/Documents/workspace/Startup/NasLabs/internal-projects/Blog/routes/web.php:44}(Object(Illuminate\\Routing\\Router))
#16 /Users/rifkinasss/Documents/workspace/Startup/NasLabs/internal-projects/Blog/vendor/laravel/framework/src/Illuminate/Routing/Router.php(480): Illuminate\\Routing\\Router->loadRoutes(Object(Closure))
#17 /Users/rifkinasss/Documents/workspace/Startup/NasLabs/internal-projects/Blog/vendor/laravel/framework/src/Illuminate/Routing/RouteRegistrar.php(224): Illuminate\\Routing\\Router->group(Array, Object(Closure))
#18 /Users/rifkinasss/Documents/workspace/Startup/NasLabs/internal-projects/Blog/routes/web.php(44): Illuminate\\Routing\\RouteRegistrar->group(Object(Closure))
#19 /Users/rifkinasss/Documents/workspace/Startup/NasLabs/internal-projects/Blog/vendor/laravel/framework/src/Illuminate/Routing/RouteFileRegistrar.php(34): require('/Users/rifkinas...')
#20 /Users/rifkinasss/Documents/workspace/Startup/NasLabs/internal-projects/Blog/vendor/laravel/framework/src/Illuminate/Routing/Router.php(526): Illuminate\\Routing\\RouteFileRegistrar->register('/Users/rifkinas...')
#21 /Users/rifkinasss/Documents/workspace/Startup/NasLabs/internal-projects/Blog/vendor/laravel/framework/src/Illuminate/Routing/Router.php(480): Illuminate\\Routing\\Router->loadRoutes('/Users/rifkinas...')
#22 /Users/rifkinasss/Documents/workspace/Startup/NasLabs/internal-projects/Blog/vendor/laravel/framework/src/Illuminate/Routing/RouteRegistrar.php(224): Illuminate\\Routing\\Router->group(Array, '/Users/rifkinas...')
#23 /Users/rifkinasss/Documents/workspace/Startup/NasLabs/internal-projects/Blog/vendor/laravel/framework/src/Illuminate/Foundation/Configuration/ApplicationBuilder.php(261): Illuminate\\Routing\\RouteRegistrar->group('/Users/rifkinas...')
#24 /Users/rifkinasss/Documents/workspace/Startup/NasLabs/internal-projects/Blog/vendor/laravel/framework/src/Illuminate/Container/BoundMethod.php(36): Illuminate\\Foundation\\Configuration\\ApplicationBuilder->{closure:Illuminate\\Foundation\\Configuration\\ApplicationBuilder::buildRoutingCallback():210}()
#25 /Users/rifkinasss/Documents/workspace/Startup/NasLabs/internal-projects/Blog/vendor/laravel/framework/src/Illuminate/Container/Util.php(43): Illuminate\\Container\\BoundMethod::{closure:Illuminate\\Container\\BoundMethod::call():35}()
#26 /Users/rifkinasss/Documents/workspace/Startup/NasLabs/internal-projects/Blog/vendor/laravel/framework/src/Illuminate/Container/BoundMethod.php(84): Illuminate\\Container\\Util::unwrapIfClosure(Object(Closure))
#27 /Users/rifkinasss/Documents/workspace/Startup/NasLabs/internal-projects/Blog/vendor/laravel/framework/src/Illuminate/Container/BoundMethod.php(35): Illuminate\\Container\\BoundMethod::callBoundMethod(Object(Illuminate\\Foundation\\Application), Object(Closure), Object(Closure))
#28 /Users/rifkinasss/Documents/workspace/Startup/NasLabs/internal-projects/Blog/vendor/laravel/framework/src/Illuminate/Container/Container.php(803): Illuminate\\Container\\BoundMethod::call(Object(Illuminate\\Foundation\\Application), Object(Closure), Array, NULL)
#29 /Users/rifkinasss/Documents/workspace/Startup/NasLabs/internal-projects/Blog/vendor/laravel/framework/src/Illuminate/Foundation/Support/Providers/RouteServiceProvider.php(162): Illuminate\\Container\\Container->call(Object(Closure))
#30 /Users/rifkinasss/Documents/workspace/Startup/NasLabs/internal-projects/Blog/vendor/laravel/framework/src/Illuminate/Foundation/Support/Providers/RouteServiceProvider.php(59): Illuminate\\Foundation\\Support\\Providers\\RouteServiceProvider->loadRoutes()
#31 /Users/rifkinasss/Documents/workspace/Startup/NasLabs/internal-projects/Blog/vendor/laravel/framework/src/Illuminate/Container/BoundMethod.php(36): Illuminate\\Foundation\\Support\\Providers\\RouteServiceProvider->{closure:Illuminate\\Foundation\\Support\\Providers\\RouteServiceProvider::register():53}()
#32 /Users/rifkinasss/Documents/workspace/Startup/NasLabs/internal-projects/Blog/vendor/laravel/framework/src/Illuminate/Container/Util.php(43): Illuminate\\Container\\BoundMethod::{closure:Illuminate\\Container\\BoundMethod::call():35}()
#33 /Users/rifkinasss/Documents/workspace/Startup/NasLabs/internal-projects/Blog/vendor/laravel/framework/src/Illuminate/Container/BoundMethod.php(84): Illuminate\\Container\\Util::unwrapIfClosure(Object(Closure))
#34 /Users/rifkinasss/Documents/workspace/Startup/NasLabs/internal-projects/Blog/vendor/laravel/framework/src/Illuminate/Container/BoundMethod.php(35): Illuminate\\Container\\BoundMethod::callBoundMethod(Object(Illuminate\\Foundation\\Application), Object(Closure), Object(Closure))
#35 /Users/rifkinasss/Documents/workspace/Startup/NasLabs/internal-projects/Blog/vendor/laravel/framework/src/Illuminate/Container/Container.php(803): Illuminate\\Container\\BoundMethod::call(Object(Illuminate\\Foundation\\Application), Object(Closure), Array, NULL)
#36 /Users/rifkinasss/Documents/workspace/Startup/NasLabs/internal-projects/Blog/vendor/laravel/framework/src/Illuminate/Support/ServiceProvider.php(150): Illuminate\\Container\\Container->call(Object(Closure))
#37 /Users/rifkinasss/Documents/workspace/Startup/NasLabs/internal-projects/Blog/vendor/laravel/framework/src/Illuminate/Foundation/Application.php(1161): Illuminate\\Support\\ServiceProvider->callBootedCallbacks()
#38 /Users/rifkinasss/Documents/workspace/Startup/NasLabs/internal-projects/Blog/vendor/laravel/framework/src/Illuminate/Foundation/Application.php(1139): Illuminate\\Foundation\\Application->bootProvider(Object(Illuminate\\Foundation\\Support\\Providers\\RouteServiceProvider))
#39 [internal function]: Illuminate\\Foundation\\Application->{closure:Illuminate\\Foundation\\Application::boot():1138}(Object(Illuminate\\Foundation\\Support\\Providers\\RouteServiceProvider), 'Illuminate\\\\Foun...')
#40 /Users/rifkinasss/Documents/workspace/Startup/NasLabs/internal-projects/Blog/vendor/laravel/framework/src/Illuminate/Foundation/Application.php(1138): array_walk(Array, Object(Closure))
#41 /Users/rifkinasss/Documents/workspace/Startup/NasLabs/internal-projects/Blog/vendor/laravel/framework/src/Illuminate/Foundation/Bootstrap/BootProviders.php(17): Illuminate\\Foundation\\Application->boot()
#42 /Users/rifkinasss/Documents/workspace/Startup/NasLabs/internal-projects/Blog/vendor/laravel/framework/src/Illuminate/Foundation/Application.php(349): Illuminate\\Foundation\\Bootstrap\\BootProviders->bootstrap(Object(Illuminate\\Foundation\\Application))
#43 /Users/rifkinasss/Documents/workspace/Startup/NasLabs/internal-projects/Blog/vendor/laravel/framework/src/Illuminate/Foundation/Http/Kernel.php(186): Illuminate\\Foundation\\Application->bootstrapWith(Array)
#44 /Users/rifkinasss/Documents/workspace/Startup/NasLabs/internal-projects/Blog/vendor/laravel/framework/src/Illuminate/Foundation/Http/Kernel.php(170): Illuminate\\Foundation\\Http\\Kernel->bootstrap()
#45 /Users/rifkinasss/Documents/workspace/Startup/NasLabs/internal-projects/Blog/vendor/laravel/framework/src/Illuminate/Foundation/Http/Kernel.php(144): Illuminate\\Foundation\\Http\\Kernel->sendRequestThroughRouter(Object(Illuminate\\Http\\Request))
#46 /Users/rifkinasss/Documents/workspace/Startup/NasLabs/internal-projects/Blog/vendor/laravel/framework/src/Illuminate/Foundation/Application.php(1227): Illuminate\\Foundation\\Http\\Kernel->handle(Object(Illuminate\\Http\\Request))
#47 /Users/rifkinasss/Documents/workspace/Startup/NasLabs/internal-projects/Blog/public/index.php(20): Illuminate\\Foundation\\Application->handleRequest(Object(Illuminate\\Http\\Request))
#48 /Users/rifkinasss/Documents/workspace/Startup/NasLabs/internal-projects/Blog/vendor/laravel/framework/src/Illuminate/Foundation/resources/server.php(23): require_once('/Users/rifkinas...')
#49 {main}
"} 
[2026-09-16 09:21:16] testing.ERROR: Undefined variable $dateFormat (View: /Users/rifkinasss/Documents/workspace/Startup/NasLabs/internal-projects/Blog/resources/views/blog/show.blade.php) {"exception":"[object] (Illuminate\\View\\ViewException(code: 0): Undefined variable $dateFormat (View: /Users/rifkinasss/Documents/workspace/Startup/NasLabs/internal-projects/Blog/resources/views/blog/show.blade.php) at /Users/rifkinasss/Documents/workspace/Startup/NasLabs/internal-projects/Blog/storage/framework/views/764c5e7e6adb5fe4e376bf2c764c4c6e.php:64)
[stacktrace]
#0 /Users/rifkinasss/Documents/workspace/Startup/NasLabs/internal-projects/Blog/vendor/livewire/livewire/src/Mechanisms/ExtendBlade/ExtendedCompilerEngine.php(58): Illuminate\\View\\Engines\\CompilerEngine->handleViewException(Object(ErrorException), 1)
#1 /Users/rifkinasss/Documents/workspace/Startup/NasLabs/internal-projects/Blog/vendor/laravel/framework/src/Illuminate/View/Engines/PhpEngine.php(59): Livewire\\Mechanisms\\ExtendBlade\\ExtendedCompilerEngine->handleViewException(Object(ErrorException), 1)
#2 /Users/rifkinasss/Documents/workspace/Startup/NasLabs/internal-projects/Blog/vendor/livewire/livewire/src/Mechanisms/ExtendBlade/ExtendedCompilerEngine.php(22): Illuminate\\View\\Engines\\PhpEngine->evaluatePath('/Users/rifkinas...', Array)
#3 /Users/rifkinasss/Documents/workspace/Startup/NasLabs/internal-projects/Blog/vendor/laravel/framework/src/Illuminate/View/Engines/CompilerEngine.php(76): Livewire\\Mechanisms\\ExtendBlade\\ExtendedCompilerEngine->evaluatePath('/Users/rifkinas...', Array)
#4 /Users/rifkinasss/Documents/workspace/Startup/NasLabs/internal-projects/Blog/vendor/livewire/livewire/src/Mechanisms/ExtendBlade/ExtendedCompilerEngine.php(10): Illuminate\\View\\Engines\\CompilerEngine->get('/Users/rifkinas...', Array)
#5 /Users/rifkinasss/Documents/workspace/Startup/NasLabs/internal-projects/Blog/vendor/laravel/framework/src/Illuminate/View/View.php(208): Livewire\\Mechanisms\\ExtendBlade\\ExtendedCompilerEngine->get('/Users/rifkinas...', Array)
#6 /Users/rifkinasss/Documents/workspace/Startup/NasLabs/internal-projects/Blog/vendor/laravel/framework/src/Illuminate/View/View.php(191): Illuminate\\View\\View->getContents()
#7 /Users/rifkinasss/Documents/workspace/Startup/NasLabs/internal-projects/Blog/vendor/laravel/framework/src/Illuminate/View/View.php(160): Illuminate\\View\\View->renderContents()
#8 /Users/rifkinasss/Documents/workspace/Startup/NasLabs/internal-projects/Blog/vendor/laravel/framework/src/Illuminate/Http/Response.php(82): Illuminate\\View\\View->render()
#9 /Users/rifkinasss/Documents/workspace/Startup/NasLabs/internal-projects/Blog/vendor/laravel/framework/src/Illuminate/Http/Response.php(40): Illuminate\\Http\\Response->setContent(Object(Illuminate\\View\\View))
#10 /Users/rifkinasss/Documents/workspace/Startup/NasLabs/internal-projects/Blog/vendor/laravel/framework/src/Illuminate/Routing/Router.php(939): Illuminate\\Http\\Response->__construct(Object(Illuminate\\View\\View), 200, Array)
#11 /Users/rifkinasss/Documents/workspace/Startup/NasLabs/internal-projects/Blog/vendor/laravel/framework/src/Illuminate/Routing/Router.php(906): Illuminate\\Routing\\Router::toResponse(Object(Illuminate\\Http\\Request), Object(Illuminate\\View\\View))
#12 /Users/rifkinasss/Documents/workspace/Startup/NasLabs/internal-projects/Blog/vendor/laravel/framework/src/Illuminate/Routing/Router.php(821): Illuminate\\Routing\\Router->prepareResponse(Object(Illuminate\\Http\\Request), Object(Illuminate\\View\\View))
#13 /Users/rifkinasss/Documents/workspace/Startup/NasLabs/internal-projects/Blog/vendor/laravel/framework/src/Illuminate/Pipeline/Pipeline.php(180): Illuminate\\Routing\\Router->{closure:Illuminate\\Routing\\Router::runRouteWithinStack():821}(Object(Illuminate\\Http\\Request))
#14 /Users/rifkinasss/Documents/workspace/Startup/NasLabs/internal-projects/Blog/vendor/laravel/framework/src/Illuminate/Routing/Middleware/ValidateSignature.php(70): Illuminate\\Pipeline\\Pipeline->{closure:Illuminate\\Pipeline\\Pipeline::prepareDestination():178}(Object(Illuminate\\Http\\Request))
#15 /Users/rifkinasss/Documents/workspace/Startup/NasLabs/internal-projects/Blog/vendor/laravel/framework/src/Illuminate/Pipeline/Pipeline.php(219): Illuminate\\Routing\\Middleware\\ValidateSignature->handle(Object(Illuminate\\Http\\Request), Object(Closure))
#16 /Users/rifkinasss/Documents/workspace/Startup/NasLabs/internal-projects/Blog/vendor/laravel/framework/src/Illuminate/Http/Middleware/AddLinkHeadersForPreloadedAssets.php(32): Illuminate\\Pipeline\\Pipeline->{closure:{closure:Illuminate\\Pipeline\\Pipeline::carry():194}:195}(Object(Illuminate\\Http\\Request))
#17 /Users/rifkinasss/Documents/workspace/Startup/NasLabs/internal-projects/Blog/vendor/laravel/framework/src/Illuminate/Pipeline/Pipeline.php(219): Illuminate\\Http\\Middleware\\AddLinkHeadersForPreloadedAssets->handle(Object(Illuminate\\Http\\Request), Object(Closure))
#18 /Users/rifkinasss/Documents/workspace/Startup/NasLabs/internal-projects/Blog/vendor/laravel/framework/src/Illuminate/Routing/Middleware/SubstituteBindings.php(52): Illuminate\\Pipeline\\Pipeline->{closure:{closure:Illuminate\\Pipeline\\Pipeline::carry():194}:195}(Object(Illuminate\\Http\\Request))
#19 /Users/rifkinasss/Documents/workspace/Startup/NasLabs/internal-projects/Blog/vendor/laravel/framework/src/Illuminate/Pipeline/Pipeline.php(219): Illuminate\\Routing\\Middleware\\SubstituteBindings->handle(Object(Illuminate\\Http\\Request), Object(Closure))
#20 /Users/rifkinasss/Documents/workspace/Startup/NasLabs/internal-projects/Blog/vendor/laravel/framework/src/Illuminate/Foundation/Http/Middleware/PreventRequestForgery.php(104): Illuminate\\Pipeline\\Pipeline->{closure:{closure:Illuminate\\Pipeline\\Pipeline::carry():194}:195}(Object(Illuminate\\Http\\Request))
#21 /Users/rifkinasss/Documents/workspace/Startup/NasLabs/internal-projects/Blog/vendor/laravel/framework/src/Illuminate/Pipeline/Pipeline.php(219): Illuminate\\Foundation\\Http\\Middleware\\PreventRequestForgery->handle(Object(Illuminate\\Http\\Request), Object(Closure))
#22 /Users/rifkinasss/Documents/workspace/Startup/NasLabs/internal-projects/Blog/vendor/laravel/framework/src/Illuminate/View/Middleware/ShareErrorsFromSession.php(48): Illuminate\\Pipeline\\Pipeline->{closure:{closure:Illuminate\\Pipeline\\Pipeline::carry():194}:195}(Object(Illuminate\\Http\\Request))
#23 /Users/rifkinasss/Documents/workspace/Startup/NasLabs/internal-projects/Blog/vendor/laravel/framework/src/Illuminate/Pipeline/Pipeline.php(219): Illuminate\\View\\Middleware\\ShareErrorsFromSession->handle(Object(Illuminate\\Http\\Request), Object(Closure))
#24 /Users/rifkinasss/Documents/workspace/Startup/NasLabs/internal-projects/Blog/vendor/laravel/framework/src/Illuminate/Session/Middleware/StartSession.php(120): Illuminate\\Pipeline\\Pipeline->{closure:{closure:Illuminate\\Pipeline\\Pipeline::carry():194}:195}(Object(Illuminate\\Http\\Request))
#25 /Users/rifkinasss/Documents/workspace/Startup/NasLabs/internal-projects/Blog/vendor/laravel/framework/src/Illuminate/Session/Middleware/StartSession.php(63): Illuminate\\Session\\Middleware\\StartSession->handleStatefulRequest(Object(Illuminate\\Http\\Request), Object(Illuminate\\Session\\Store), Object(Closure))
#26 /Users/rifkinasss/Documents/workspace/Startup/NasLabs/internal-projects/Blog/vendor/laravel/framework/src/Illuminate/Pipeline/Pipeline.php(219): Illuminate\\Session\\Middleware\\StartSession->handle(Object(Illuminate\\Http\\Request), Object(Closure))
#27 /Users/rifkinasss/Documents/workspace/Startup/NasLabs/internal-projects/Blog/vendor/laravel/framework/src/Illuminate/Cookie/Middleware/AddQueuedCookiesToResponse.php(36): Illuminate\\Pipeline\\Pipeline->{closure:{closure:Illuminate\\Pipeline\\Pipeline::carry():194}:195}(Object(Illuminate\\Http\\Request))
#28 /Users/rifkinasss/Documents/workspace/Startup/NasLabs/internal-projects/Blog/vendor/laravel/framework/src/Illuminate/Pipeline/Pipeline.php(219): Illuminate\\Cookie\\Middleware\\AddQueuedCookiesToResponse->handle(Object(Illuminate\\Http\\Request), Object(Closure))
#29 /Users/rifkinasss/Documents/workspace/Startup/NasLabs/internal-projects/Blog/vendor/laravel/framework/src/Illuminate/Cookie/Middleware/EncryptCookies.php(74): Illuminate\\Pipeline\\Pipeline->{closure:{closure:Illuminate\\Pipeline\\Pipeline::carry():194}:195}(Object(Illuminate\\Http\\Request))
#30 /Users/rifkinasss/Documents/workspace/Startup/NasLabs/internal-projects/Blog/vendor/laravel/framework/src/Illuminate/Pipeline/Pipeline.php(219): Illuminate\\Cookie\\Middleware\\EncryptCookies->handle(Object(Illuminate\\Http\\Request), Object(Closure))
#31 /Users/rifkinasss/Documents/workspace/Startup/NasLabs/internal-projects/Blog/vendor/laravel/framework/src/Illuminate/Pipeline/Pipeline.php(137): Illuminate\\Pipeline\\Pipeline->{closure:{closure:Illuminate\\Pipeline\\Pipeline::carry():194}:195}(Object(Illuminate\\Http\\Request))
#32 /Users/rifkinasss/Documents/workspace/Startup/NasLabs/internal-projects/Blog/vendor/laravel/framework/src/Illuminate/Routing/Router.php(821): Illuminate\\Pipeline\\Pipeline->then(Object(Closure))
#33 /Users/rifkinasss/Documents/workspace/Startup/NasLabs/internal-projects/Blog/vendor/laravel/framework/src/Illuminate/Routing/Router.php(800): Illuminate\\Routing\\Router->runRouteWithinStack(Object(Illuminate\\Routing\\Route), Object(Illuminate\\Http\\Request))
#34 /Users/rifkinasss/Documents/workspace/Startup/NasLabs/internal-projects/Blog/vendor/laravel/framework/src/Illuminate/Routing/Router.php(764): Illuminate\\Routing\\Router->runRoute(Object(Illuminate\\Http\\Request), Object(Illuminate\\Routing\\Route))
#35 /Users/rifkinasss/Documents/workspace/Startup/NasLabs/internal-projects/Blog/vendor/laravel/framework/src/Illuminate/Routing/Router.php(753): Illuminate\\Routing\\Router->dispatchToRoute(Object(Illuminate\\Http\\Request))
#36 /Users/rifkinasss/Documents/workspace/Startup/NasLabs/internal-projects/Blog/vendor/laravel/framework/src/Illuminate/Foundation/Http/Kernel.php(200): Illuminate\\Routing\\Router->dispatch(Object(Illuminate\\Http\\Request))
#37 /Users/rifkinasss/Documents/workspace/Startup/NasLabs/internal-projects/Blog/vendor/laravel/framework/src/Illuminate/Pipeline/Pipeline.php(180): Illuminate\\Foundation\\Http\\Kernel->{closure:Illuminate\\Foundation\\Http\\Kernel::dispatchToRouter():197}(Object(Illuminate\\Http\\Request))
#38 /Users/rifkinasss/Documents/workspace/Startup/NasLabs/internal-projects/Blog/vendor/livewire/livewire/src/Features/SupportDisablingBackButtonCache/DisableBackButtonCacheMiddleware.php(19): Illuminate\\Pipeline\\Pipeline->{closure:Illuminate\\Pipeline\\Pipeline::prepareDestination():178}(Object(Illuminate\\Http\\Request))
#39 /Users/rifkinasss/Documents/workspace/Startup/NasLabs/internal-projects/Blog/vendor/laravel/framework/src/Illuminate/Pipeline/Pipeline.php(219): Livewire\\Features\\SupportDisablingBackButtonCache\\DisableBackButtonCacheMiddleware->handle(Object(Illuminate\\Http\\Request), Object(Closure))
#40 /Users/rifkinasss/Documents/workspace/Startup/NasLabs/internal-projects/Blog/vendor/laravel/framework/src/Illuminate/Foundation/Http/Middleware/TransformsRequest.php(21): Illuminate\\Pipeline\\Pipeline->{closure:{closure:Illuminate\\Pipeline\\Pipeline::carry():194}:195}(Object(Illuminate\\Http\\Request))
#41 /Users/rifkinasss/Documents/workspace/Startup/NasLabs/internal-projects/Blog/vendor/laravel/framework/src/Illuminate/Foundation/Http/Middleware/ConvertEmptyStringsToNull.php(31): Illuminate\\Foundation\\Http\\Middleware\\TransformsRequest->handle(Object(Illuminate\\Http\\Request), Object(Closure))
#42 /Users/rifkinasss/Documents/workspace/Startup/NasLabs/internal-projects/Blog/vendor/laravel/framework/src/Illuminate/Pipeline/Pipeline.php(219): Illuminate\\Foundation\\Http\\Middleware\\ConvertEmptyStringsToNull->handle(Object(Illuminate\\Http\\Request), Object(Closure))
#43 /Users/rifkinasss/Documents/workspace/Startup/NasLabs/internal-projects/Blog/vendor/laravel/framework/src/Illuminate/Foundation/Http/Middleware/TransformsRequest.php(21): Illuminate\\Pipeline\\Pipeline->{closure:{closure:Illuminate\\Pipeline\\Pipeline::carry():194}:195}(Object(Illuminate\\Http\\Request))
#44 /Users/rifkinasss/Documents/workspace/Startup/NasLabs/internal-projects/Blog/vendor/laravel/framework/src/Illuminate/Foundation/Http/Middleware/TrimStrings.php(51): Illuminate\\Foundation\\Http\\Middleware\\TransformsRequest->handle(Object(Illuminate\\Http\\Request), Object(Closure))
#45 /Users/rifkinasss/Documents/workspace/Startup/NasLabs/internal-projects/Blog/vendor/laravel/framework/src/Illuminate/Pipeline/Pipeline.php(219): Illuminate\\Foundation\\Http\\Middleware\\TrimStrings->handle(Object(Illuminate\\Http\\Request), Object(Closure))
#46 /Users/rifkinasss/Documents/workspace/Startup/NasLabs/internal-projects/Blog/vendor/laravel/framework/src/Illuminate/Http/Middleware/ValidatePostSize.php(27): Illuminate\\Pipeline\\Pipeline->{closure:{closure:Illuminate\\Pipeline\\Pipeline::carry():194}:195}(Object(Illuminate\\Http\\Request))
#47 /Users/rifkinasss/Documents/workspace/Startup/NasLabs/internal-projects/Blog/vendor/laravel/framework/src/Illuminate/Pipeline/Pipeline.php(219): Illuminate\\Http\\Middleware\\ValidatePostSize->handle(Object(Illuminate\\Http\\Request), Object(Closure))
#48 /Users/rifkinasss/Documents/workspace/Startup/NasLabs/internal-projects/Blog/vendor/laravel/framework/src/Illuminate/Foundation/Http/Middleware/PreventRequestsDuringMaintenance.php(110): Illuminate\\Pipeline\\Pipeline->{closure:{closure:Illuminate\\Pipeline\\Pipeline::carry():194}:195}(Object(Illuminate\\Http\\Request))
#49 /Users/rifkinasss/Documents/workspace/Startup/NasLabs/internal-projects/Blog/vendor/laravel/framework/src/Illuminate/Pipeline/Pipeline.php(219): Illuminate\\Foundation\\Http\\Middleware\\PreventRequestsDuringMaintenance->handle(Object(Illuminate\\Http\\Request), Object(Closure))
#50 /Users/rifkinasss/Documents/workspace/Startup/NasLabs/internal-projects/Blog/vendor/laravel/framework/src/Illuminate/Http/Middleware/HandleCors.php(61): Illuminate\\Pipeline\\Pipeline->{closure:{closure:Illuminate\\Pipeline\\Pipeline::carry():194}:195}(Object(Illuminate\\Http\\Request))
#51 /Users/rifkinasss/Documents/workspace/Startup/NasLabs/internal-projects/Blog/vendor/laravel/framework/src/Illuminate/Pipeline/Pipeline.php(219): Illuminate\\Http\\Middleware\\HandleCors->handle(Object(Illuminate\\Http\\Request), Object(Closure))
#52 /Users/rifkinasss/Documents/workspace/Startup/NasLabs/internal-projects/Blog/vendor/laravel/framework/src/Illuminate/Http/Middleware/TrustProxies.php(58): Illuminate\\Pipeline\\Pipeline->{closure:{closure:Illuminate\\Pipeline\\Pipeline::carry():194}:195}(Object(Illuminate\\Http\\Request))
#53 /Users/rifkinasss/Documents/workspace/Startup/NasLabs/internal-projects/Blog/vendor/laravel/framework/src/Illuminate/Pipeline/Pipeline.php(219): Illuminate\\Http\\Middleware\\TrustProxies->handle(Object(Illuminate\\Http\\Request), Object(Closure))
#54 /Users/rifkinasss/Documents/workspace/Startup/NasLabs/internal-projects/Blog/vendor/laravel/framework/src/Illuminate/Foundation/Http/Middleware/InvokeDeferredCallbacks.php(22): Illuminate\\Pipeline\\Pipeline->{closure:{closure:Illuminate\\Pipeline\\Pipeline::carry():194}:195}(Object(Illuminate\\Http\\Request))
#55 /Users/rifkinasss/Documents/workspace/Startup/NasLabs/internal-projects/Blog/vendor/laravel/framework/src/Illuminate/Pipeline/Pipeline.php(219): Illuminate\\Foundation\\Http\\Middleware\\InvokeDeferredCallbacks->handle(Object(Illuminate\\Http\\Request), Object(Closure))
#56 /Users/rifkinasss/Documents/workspace/Startup/NasLabs/internal-projects/Blog/vendor/laravel/framework/src/Illuminate/Http/Middleware/ValidatePathEncoding.php(28): Illuminate\\Pipeline\\Pipeline->{closure:{closure:Illuminate\\Pipeline\\Pipeline::carry():194}:195}(Object(Illuminate\\Http\\Request))
#57 /Users/rifkinasss/Documents/workspace/Startup/NasLabs/internal-projects/Blog/vendor/laravel/framework/src/Illuminate/Pipeline/Pipeline.php(219): Illuminate\\Http\\Middleware\\ValidatePathEncoding->handle(Object(Illuminate\\Http\\Request), Object(Closure))
#58 /Users/rifkinasss/Documents/workspace/Startup/NasLabs/internal-projects/Blog/vendor/laravel/framework/src/Illuminate/Pipeline/Pipeline.php(137): Illuminate\\Pipeline\\Pipeline->{closure:{closure:Illuminate\\Pipeline\\Pipeline::carry():194}:195}(Object(Illuminate\\Http\\Request))
#59 /Users/rifkinasss/Documents/workspace/Startup/NasLabs/internal-projects/Blog/vendor/laravel/framework/src/Illuminate/Foundation/Http/Kernel.php(175): Illuminate\\Pipeline\\Pipeline->then(Object(Closure))
#60 /Users/rifkinasss/Documents/workspace/Startup/NasLabs/internal-projects/Blog/vendor/laravel/framework/src/Illuminate/Foundation/Http/Kernel.php(144): Illuminate\\Foundation\\Http\\Kernel->sendRequestThroughRouter(Object(Illuminate\\Http\\Request))
#61 /Users/rifkinasss/Documents/workspace/Startup/NasLabs/internal-projects/Blog/vendor/laravel/framework/src/Illuminate/Foundation/Testing/Concerns/MakesHttpRequests.php(638): Illuminate\\Foundation\\Http\\Kernel->handle(Object(Illuminate\\Http\\Request))
#62 /Users/rifkinasss/Documents/workspace/Startup/NasLabs/internal-projects/Blog/vendor/laravel/framework/src/Illuminate/Foundation/Testing/Concerns/MakesHttpRequests.php(368): Illuminate\\Foundation\\Testing\\TestCase->call('GET', 'https://blog.ri...', Array, Array, Array, Array)
#63 /Users/rifkinasss/Documents/workspace/Startup/NasLabs/internal-projects/Blog/tests/Feature/AdminFoundationTest.php(43): Illuminate\\Foundation\\Testing\\TestCase->get('https://blog.ri...')
#64 /Users/rifkinasss/Documents/workspace/Startup/NasLabs/internal-projects/Blog/vendor/phpunit/phpunit/src/Framework/TestCase.php(1318): Tests\\Feature\\AdminFoundationTest->test_signed_preview_can_show_a_draft_but_public_route_cannot()
#65 /Users/rifkinasss/Documents/workspace/Startup/NasLabs/internal-projects/Blog/vendor/phpunit/phpunit/src/Framework/TestCase.php(1355): PHPUnit\\Framework\\TestCase->invokeTestMethod('test_signed_pre...', Array)
#66 /Users/rifkinasss/Documents/workspace/Startup/NasLabs/internal-projects/Blog/vendor/phpunit/phpunit/src/Framework/TestCase.php(521): PHPUnit\\Framework\\TestCase->runTest()
#67 /Users/rifkinasss/Documents/workspace/Startup/NasLabs/internal-projects/Blog/vendor/phpunit/phpunit/src/Framework/TestRunner/TestRunner.php(99): PHPUnit\\Framework\\TestCase->runBare()
#68 /Users/rifkinasss/Documents/workspace/Startup/NasLabs/internal-projects/Blog/vendor/phpunit/phpunit/src/Framework/TestCase.php(361): PHPUnit\\Framework\\TestRunner->run(Object(Tests\\Feature\\AdminFoundationTest))
#69 /Users/rifkinasss/Documents/workspace/Startup/NasLabs/internal-projects/Blog/vendor/phpunit/phpunit/src/Framework/TestSuite.php(374): PHPUnit\\Framework\\TestCase->run()
#70 /Users/rifkinasss/Documents/workspace/Startup/NasLabs/internal-projects/Blog/vendor/phpunit/phpunit/src/Framework/TestSuite.php(374): PHPUnit\\Framework\\TestSuite->run()
#71 /Users/rifkinasss/Documents/workspace/Startup/NasLabs/internal-projects/Blog/vendor/phpunit/phpunit/src/Framework/TestSuite.php(374): PHPUnit\\Framework\\TestSuite->run()
#72 /Users/rifkinasss/Documents/workspace/Startup/NasLabs/internal-projects/Blog/vendor/phpunit/phpunit/src/TextUI/TestRunner.php(64): PHPUnit\\Framework\\TestSuite->run()
#73 /Users/rifkinasss/Documents/workspace/Startup/NasLabs/internal-projects/Blog/vendor/phpunit/phpunit/src/TextUI/Application.php(229): PHPUnit\\TextUI\\TestRunner->run(Object(PHPUnit\\TextUI\\Configuration\\Configuration), Object(PHPUnit\\Runner\\ResultCache\\DefaultResultCache), Object(PHPUnit\\Framework\\TestSuite))
#74 /Users/rifkinasss/Documents/workspace/Startup/NasLabs/internal-projects/Blog/vendor/phpunit/phpunit/phpunit(104): PHPUnit\\TextUI\\Application->run(Array)
#75 {main}

[previous exception] [object] (ErrorException(code: 0): Undefined variable $dateFormat at /Users/rifkinasss/Documents/workspace/Startup/NasLabs/internal-projects/Blog/storage/framework/views/764c5e7e6adb5fe4e376bf2c764c4c6e.php:64)
[stacktrace]
#0 /Users/rifkinasss/Documents/workspace/Startup/NasLabs/internal-projects/Blog/vendor/laravel/framework/src/Illuminate/Foundation/Bootstrap/HandleExceptions.php(265): Illuminate\\Foundation\\Bootstrap\\HandleExceptions->handleError(2, 'Undefined varia...', '/Users/rifkinas...', 64)
#1 /Users/rifkinasss/Documents/workspace/Startup/NasLabs/internal-projects/Blog/storage/framework/views/764c5e7e6adb5fe4e376bf2c764c4c6e.php(64): Illuminate\\Foundation\\Bootstrap\\HandleExceptions->{closure:Illuminate\\Foundation\\Bootstrap\\HandleExceptions::forwardsTo():264}(2, 'Undefined varia...', '/Users/rifkinas...', 64)
#2 /Users/rifkinasss/Documents/workspace/Startup/NasLabs/internal-projects/Blog/vendor/laravel/framework/src/Illuminate/Filesystem/Filesystem.php(123): require('/Users/rifkinas...')
#3 /Users/rifkinasss/Documents/workspace/Startup/NasLabs/internal-projects/Blog/vendor/laravel/framework/src/Illuminate/Filesystem/Filesystem.php(124): Illuminate\\Filesystem\\Filesystem::{closure:Illuminate\\Filesystem\\Filesystem::getRequire():120}()
#4 /Users/rifkinasss/Documents/workspace/Startup/NasLabs/internal-projects/Blog/vendor/laravel/framework/src/Illuminate/View/Engines/PhpEngine.php(57): Illuminate\\Filesystem\\Filesystem->getRequire('/Users/rifkinas...', Array)
#5 /Users/rifkinasss/Documents/workspace/Startup/NasLabs/internal-projects/Blog/vendor/livewire/livewire/src/Mechanisms/ExtendBlade/ExtendedCompilerEngine.php(22): Illuminate\\View\\Engines\\PhpEngine->evaluatePath('/Users/rifkinas...', Array)
#6 /Users/rifkinasss/Documents/workspace/Startup/NasLabs/internal-projects/Blog/vendor/laravel/framework/src/Illuminate/View/Engines/CompilerEngine.php(76): Livewire\\Mechanisms\\ExtendBlade\\ExtendedCompilerEngine->evaluatePath('/Users/rifkinas...', Array)
#7 /Users/rifkinasss/Documents/workspace/Startup/NasLabs/internal-projects/Blog/vendor/livewire/livewire/src/Mechanisms/ExtendBlade/ExtendedCompilerEngine.php(10): Illuminate\\View\\Engines\\CompilerEngine->get('/Users/rifkinas...', Array)
#8 /Users/rifkinasss/Documents/workspace/Startup/NasLabs/internal-projects/Blog/vendor/laravel/framework/src/Illuminate/View/View.php(208): Livewire\\Mechanisms\\ExtendBlade\\ExtendedCompilerEngine->get('/Users/rifkinas...', Array)
#9 /Users/rifkinasss/Documents/workspace/Startup/NasLabs/internal-projects/Blog/vendor/laravel/framework/src/Illuminate/View/View.php(191): Illuminate\\View\\View->getContents()
#10 /Users/rifkinasss/Documents/workspace/Startup/NasLabs/internal-projects/Blog/vendor/laravel/framework/src/Illuminate/View/View.php(160): Illuminate\\View\\View->renderContents()
#11 /Users/rifkinasss/Documents/workspace/Startup/NasLabs/internal-projects/Blog/vendor/laravel/framework/src/Illuminate/Http/Response.php(82): Illuminate\\View\\View->render()
#12 /Users/rifkinasss/Documents/workspace/Startup/NasLabs/internal-projects/Blog/vendor/laravel/framework/src/Illuminate/Http/Response.php(40): Illuminate\\Http\\Response->setContent(Object(Illuminate\\View\\View))
#13 /Users/rifkinasss/Documents/workspace/Startup/NasLabs/internal-projects/Blog/vendor/laravel/framework/src/Illuminate/Routing/Router.php(939): Illuminate\\Http\\Response->__construct(Object(Illuminate\\View\\View), 200, Array)
#14 /Users/rifkinasss/Documents/workspace/Startup/NasLabs/internal-projects/Blog/vendor/laravel/framework/src/Illuminate/Routing/Router.php(906): Illuminate\\Routing\\Router::toResponse(Object(Illuminate\\Http\\Request), Object(Illuminate\\View\\View))
#15 /Users/rifkinasss/Documents/workspace/Startup/NasLabs/internal-projects/Blog/vendor/laravel/framework/src/Illuminate/Routing/Router.php(821): Illuminate\\Routing\\Router->prepareResponse(Object(Illuminate\\Http\\Request), Object(Illuminate\\View\\View))
#16 /Users/rifkinasss/Documents/workspace/Startup/NasLabs/internal-projects/Blog/vendor/laravel/framework/src/Illuminate/Pipeline/Pipeline.php(180): Illuminate\\Routing\\Router->{closure:Illuminate\\Routing\\Router::runRouteWithinStack():821}(Object(Illuminate\\Http\\Request))
#17 /Users/rifkinasss/Documents/workspace/Startup/NasLabs/internal-projects/Blog/vendor/laravel/framework/src/Illuminate/Routing/Middleware/ValidateSignature.php(70): Illuminate\\Pipeline\\Pipeline->{closure:Illuminate\\Pipeline\\Pipeline::prepareDestination():178}(Object(Illuminate\\Http\\Request))
#18 /Users/rifkinasss/Documents/workspace/Startup/NasLabs/internal-projects/Blog/vendor/laravel/framework/src/Illuminate/Pipeline/Pipeline.php(219): Illuminate\\Routing\\Middleware\\ValidateSignature->handle(Object(Illuminate\\Http\\Request), Object(Closure))
#19 /Users/rifkinasss/Documents/workspace/Startup/NasLabs/internal-projects/Blog/vendor/laravel/framework/src/Illuminate/Http/Middleware/AddLinkHeadersForPreloadedAssets.php(32): Illuminate\\Pipeline\\Pipeline->{closure:{closure:Illuminate\\Pipeline\\Pipeline::carry():194}:195}(Object(Illuminate\\Http\\Request))
#20 /Users/rifkinasss/Documents/workspace/Startup/NasLabs/internal-projects/Blog/vendor/laravel/framework/src/Illuminate/Pipeline/Pipeline.php(219): Illuminate\\Http\\Middleware\\AddLinkHeadersForPreloadedAssets->handle(Object(Illuminate\\Http\\Request), Object(Closure))
#21 /Users/rifkinasss/Documents/workspace/Startup/NasLabs/internal-projects/Blog/vendor/laravel/framework/src/Illuminate/Routing/Middleware/SubstituteBindings.php(52): Illuminate\\Pipeline\\Pipeline->{closure:{closure:Illuminate\\Pipeline\\Pipeline::carry():194}:195}(Object(Illuminate\\Http\\Request))
#22 /Users/rifkinasss/Documents/workspace/Startup/NasLabs/internal-projects/Blog/vendor/laravel/framework/src/Illuminate/Pipeline/Pipeline.php(219): Illuminate\\Routing\\Middleware\\SubstituteBindings->handle(Object(Illuminate\\Http\\Request), Object(Closure))
#23 /Users/rifkinasss/Documents/workspace/Startup/NasLabs/internal-projects/Blog/vendor/laravel/framework/src/Illuminate/Foundation/Http/Middleware/PreventRequestForgery.php(104): Illuminate\\Pipeline\\Pipeline->{closure:{closure:Illuminate\\Pipeline\\Pipeline::carry():194}:195}(Object(Illuminate\\Http\\Request))
#24 /Users/rifkinasss/Documents/workspace/Startup/NasLabs/internal-projects/Blog/vendor/laravel/framework/src/Illuminate/Pipeline/Pipeline.php(219): Illuminate\\Foundation\\Http\\Middleware\\PreventRequestForgery->handle(Object(Illuminate\\Http\\Request), Object(Closure))
#25 /Users/rifkinasss/Documents/workspace/Startup/NasLabs/internal-projects/Blog/vendor/laravel/framework/src/Illuminate/View/Middleware/ShareErrorsFromSession.php(48): Illuminate\\Pipeline\\Pipeline->{closure:{closure:Illuminate\\Pipeline\\Pipeline::carry():194}:195}(Object(Illuminate\\Http\\Request))
#26 /Users/rifkinasss/Documents/workspace/Startup/NasLabs/internal-projects/Blog/vendor/laravel/framework/src/Illuminate/Pipeline/Pipeline.php(219): Illuminate\\View\\Middleware\\ShareErrorsFromSession->handle(Object(Illuminate\\Http\\Request), Object(Closure))
#27 /Users/rifkinasss/Documents/workspace/Startup/NasLabs/internal-projects/Blog/vendor/laravel/framework/src/Illuminate/Session/Middleware/StartSession.php(120): Illuminate\\Pipeline\\Pipeline->{closure:{closure:Illuminate\\Pipeline\\Pipeline::carry():194}:195}(Object(Illuminate\\Http\\Request))
#28 /Users/rifkinasss/Documents/workspace/Startup/NasLabs/internal-projects/Blog/vendor/laravel/framework/src/Illuminate/Session/Middleware/StartSession.php(63): Illuminate\\Session\\Middleware\\StartSession->handleStatefulRequest(Object(Illuminate\\Http\\Request), Object(Illuminate\\Session\\Store), Object(Closure))
#29 /Users/rifkinasss/Documents/workspace/Startup/NasLabs/internal-projects/Blog/vendor/laravel/framework/src/Illuminate/Pipeline/Pipeline.php(219): Illuminate\\Session\\Middleware\\StartSession->handle(Object(Illuminate\\Http\\Request), Object(Closure))
#30 /Users/rifkinasss/Documents/workspace/Startup/NasLabs/internal-projects/Blog/vendor/laravel/framework/src/Illuminate/Cookie/Middleware/AddQueuedCookiesToResponse.php(36): Illuminate\\Pipeline\\Pipeline->{closure:{closure:Illuminate\\Pipeline\\Pipeline::carry():194}:195}(Object(Illuminate\\Http\\Request))
#31 /Users/rifkinasss/Documents/workspace/Startup/NasLabs/internal-projects/Blog/vendor/laravel/framework/src/Illuminate/Pipeline/Pipeline.php(219): Illuminate\\Cookie\\Middleware\\AddQueuedCookiesToResponse->handle(Object(Illuminate\\Http\\Request), Object(Closure))
#32 /Users/rifkinasss/Documents/workspace/Startup/NasLabs/internal-projects/Blog/vendor/laravel/framework/src/Illuminate/Cookie/Middleware/EncryptCookies.php(74): Illuminate\\Pipeline\\Pipeline->{closure:{closure:Illuminate\\Pipeline\\Pipeline::carry():194}:195}(Object(Illuminate\\Http\\Request))
#33 /Users/rifkinasss/Documents/workspace/Startup/NasLabs/internal-projects/Blog/vendor/laravel/framework/src/Illuminate/Pipeline/Pipeline.php(219): Illuminate\\Cookie\\Middleware\\EncryptCookies->handle(Object(Illuminate\\Http\\Request), Object(Closure))
#34 /Users/rifkinasss/Documents/workspace/Startup/NasLabs/internal-projects/Blog/vendor/laravel/framework/src/Illuminate/Pipeline/Pipeline.php(137): Illuminate\\Pipeline\\Pipeline->{closure:{closure:Illuminate\\Pipeline\\Pipeline::carry():194}:195}(Object(Illuminate\\Http\\Request))
#35 /Users/rifkinasss/Documents/workspace/Startup/NasLabs/internal-projects/Blog/vendor/laravel/framework/src/Illuminate/Routing/Router.php(821): Illuminate\\Pipeline\\Pipeline->then(Object(Closure))
#36 /Users/rifkinasss/Documents/workspace/Startup/NasLabs/internal-projects/Blog/vendor/laravel/framework/src/Illuminate/Routing/Router.php(800): Illuminate\\Routing\\Router->runRouteWithinStack(Object(Illuminate\\Routing\\Route), Object(Illuminate\\Http\\Request))
#37 /Users/rifkinasss/Documents/workspace/Startup/NasLabs/internal-projects/Blog/vendor/laravel/framework/src/Illuminate/Routing/Router.php(764): Illuminate\\Routing\\Router->runRoute(Object(Illuminate\\Http\\Request), Object(Illuminate\\Routing\\Route))
#38 /Users/rifkinasss/Documents/workspace/Startup/NasLabs/internal-projects/Blog/vendor/laravel/framework/src/Illuminate/Routing/Router.php(753): Illuminate\\Routing\\Router->dispatchToRoute(Object(Illuminate\\Http\\Request))
#39 /Users/rifkinasss/Documents/workspace/Startup/NasLabs/internal-projects/Blog/vendor/laravel/framework/src/Illuminate/Foundation/Http/Kernel.php(200): Illuminate\\Routing\\Router->dispatch(Object(Illuminate\\Http\\Request))
#40 /Users/rifkinasss/Documents/workspace/Startup/NasLabs/internal-projects/Blog/vendor/laravel/framework/src/Illuminate/Pipeline/Pipeline.php(180): Illuminate\\Foundation\\Http\\Kernel->{closure:Illuminate\\Foundation\\Http\\Kernel::dispatchToRouter():197}(Object(Illuminate\\Http\\Request))
#41 /Users/rifkinasss/Documents/workspace/Startup/NasLabs/internal-projects/Blog/vendor/livewire/livewire/src/Features/SupportDisablingBackButtonCache/DisableBackButtonCacheMiddleware.php(19): Illuminate\\Pipeline\\Pipeline->{closure:Illuminate\\Pipeline\\Pipeline::prepareDestination():178}(Object(Illuminate\\Http\\Request))
#42 /Users/rifkinasss/Documents/workspace/Startup/NasLabs/internal-projects/Blog/vendor/laravel/framework/src/Illuminate/Pipeline/Pipeline.php(219): Livewire\\Features\\SupportDisablingBackButtonCache\\DisableBackButtonCacheMiddleware->handle(Object(Illuminate\\Http\\Request), Object(Closure))
#43 /Users/rifkinasss/Documents/workspace/Startup/NasLabs/internal-projects/Blog/vendor/laravel/framework/src/Illuminate/Foundation/Http/Middleware/TransformsRequest.php(21): Illuminate\\Pipeline\\Pipeline->{closure:{closure:Illuminate\\Pipeline\\Pipeline::carry():194}:195}(Object(Illuminate\\Http\\Request))
#44 /Users/rifkinasss/Documents/workspace/Startup/NasLabs/internal-projects/Blog/vendor/laravel/framework/src/Illuminate/Foundation/Http/Middleware/ConvertEmptyStringsToNull.php(31): Illuminate\\Foundation\\Http\\Middleware\\TransformsRequest->handle(Object(Illuminate\\Http\\Request), Object(Closure))
#45 /Users/rifkinasss/Documents/workspace/Startup/NasLabs/internal-projects/Blog/vendor/laravel/framework/src/Illuminate/Pipeline/Pipeline.php(219): Illuminate\\Foundation\\Http\\Middleware\\ConvertEmptyStringsToNull->handle(Object(Illuminate\\Http\\Request), Object(Closure))
#46 /Users/rifkinasss/Documents/workspace/Startup/NasLabs/internal-projects/Blog/vendor/laravel/framework/src/Illuminate/Foundation/Http/Middleware/TransformsRequest.php(21): Illuminate\\Pipeline\\Pipeline->{closure:{closure:Illuminate\\Pipeline\\Pipeline::carry():194}:195}(Object(Illuminate\\Http\\Request))
#47 /Users/rifkinasss/Documents/workspace/Startup/NasLabs/internal-projects/Blog/vendor/laravel/framework/src/Illuminate/Foundation/Http/Middleware/TrimStrings.php(51): Illuminate\\Foundation\\Http\\Middleware\\TransformsRequest->handle(Object(Illuminate\\Http\\Request), Object(Closure))
#48 /Users/rifkinasss/Documents/workspace/Startup/NasLabs/internal-projects/Blog/vendor/laravel/framework/src/Illuminate/Pipeline/Pipeline.php(219): Illuminate\\Foundation\\Http\\Middleware\\TrimStrings->handle(Object(Illuminate\\Http\\Request), Object(Closure))
#49 /Users/rifkinasss/Documents/workspace/Startup/NasLabs/internal-projects/Blog/vendor/laravel/framework/src/Illuminate/Http/Middleware/ValidatePostSize.php(27): Illuminate\\Pipeline\\Pipeline->{closure:{closure:Illuminate\\Pipeline\\Pipeline::carry():194}:195}(Object(Illuminate\\Http\\Request))
#50 /Users/rifkinasss/Documents/workspace/Startup/NasLabs/internal-projects/Blog/vendor/laravel/framework/src/Illuminate/Pipeline/Pipeline.php(219): Illuminate\\Http\\Middleware\\ValidatePostSize->handle(Object(Illuminate\\Http\\Request), Object(Closure))
#51 /Users/rifkinasss/Documents/workspace/Startup/NasLabs/internal-projects/Blog/vendor/laravel/framework/src/Illuminate/Foundation/Http/Middleware/PreventRequestsDuringMaintenance.php(110): Illuminate\\Pipeline\\Pipeline->{closure:{closure:Illuminate\\Pipeline\\Pipeline::carry():194}:195}(Object(Illuminate\\Http\\Request))
#52 /Users/rifkinasss/Documents/workspace/Startup/NasLabs/internal-projects/Blog/vendor/laravel/framework/src/Illuminate/Pipeline/Pipeline.php(219): Illuminate\\Foundation\\Http\\Middleware\\PreventRequestsDuringMaintenance->handle(Object(Illuminate\\Http\\Request), Object(Closure))
#53 /Users/rifkinasss/Documents/workspace/Startup/NasLabs/internal-projects/Blog/vendor/laravel/framework/src/Illuminate/Http/Middleware/HandleCors.php(61): Illuminate\\Pipeline\\Pipeline->{closure:{closure:Illuminate\\Pipeline\\Pipeline::carry():194}:195}(Object(Illuminate\\Http\\Request))
#54 /Users/rifkinasss/Documents/workspace/Startup/NasLabs/internal-projects/Blog/vendor/laravel/framework/src/Illuminate/Pipeline/Pipeline.php(219): Illuminate\\Http\\Middleware\\HandleCors->handle(Object(Illuminate\\Http\\Request), Object(Closure))
#55 /Users/rifkinasss/Documents/workspace/Startup/NasLabs/internal-projects/Blog/vendor/laravel/framework/src/Illuminate/Http/Middleware/TrustProxies.php(58): Illuminate\\Pipeline\\Pipeline->{closure:{closure:Illuminate\\Pipeline\\Pipeline::carry():194}:195}(Object(Illuminate\\Http\\Request))
#56 /Users/rifkinasss/Documents/workspace/Startup/NasLabs/internal-projects/Blog/vendor/laravel/framework/src/Illuminate/Pipeline/Pipeline.php(219): Illuminate\\Http\\Middleware\\TrustProxies->handle(Object(Illuminate\\Http\\Request), Object(Closure))
#57 /Users/rifkinasss/Documents/workspace/Startup/NasLabs/internal-projects/Blog/vendor/laravel/framework/src/Illuminate/Foundation/Http/Middleware/InvokeDeferredCallbacks.php(22): Illuminate\\Pipeline\\Pipeline->{closure:{closure:Illuminate\\Pipeline\\Pipeline::carry():194}:195}(Object(Illuminate\\Http\\Request))
#58 /Users/rifkinasss/Documents/workspace/Startup/NasLabs/internal-projects/Blog/vendor/laravel/framework/src/Illuminate/Pipeline/Pipeline.php(219): Illuminate\\Foundation\\Http\\Middleware\\InvokeDeferredCallbacks->handle(Object(Illuminate\\Http\\Request), Object(Closure))
#59 /Users/rifkinasss/Documents/workspace/Startup/NasLabs/internal-projects/Blog/vendor/laravel/framework/src/Illuminate/Http/Middleware/ValidatePathEncoding.php(28): Illuminate\\Pipeline\\Pipeline->{closure:{closure:Illuminate\\Pipeline\\Pipeline::carry():194}:195}(Object(Illuminate\\Http\\Request))
#60 /Users/rifkinasss/Documents/workspace/Startup/NasLabs/internal-projects/Blog/vendor/laravel/framework/src/Illuminate/Pipeline/Pipeline.php(219): Illuminate\\Http\\Middleware\\ValidatePathEncoding->handle(Object(Illuminate\\Http\\Request), Object(Closure))
#61 /Users/rifkinasss/Documents/workspace/Startup/NasLabs/internal-projects/Blog/vendor/laravel/framework/src/Illuminate/Pipeline/Pipeline.php(137): Illuminate\\Pipeline\\Pipeline->{closure:{closure:Illuminate\\Pipeline\\Pipeline::carry():194}:195}(Object(Illuminate\\Http\\Request))
#62 /Users/rifkinasss/Documents/workspace/Startup/NasLabs/internal-projects/Blog/vendor/laravel/framework/src/Illuminate/Foundation/Http/Kernel.php(175): Illuminate\\Pipeline\\Pipeline->then(Object(Closure))
#63 /Users/rifkinasss/Documents/workspace/Startup/NasLabs/internal-projects/Blog/vendor/laravel/framework/src/Illuminate/Foundation/Http/Kernel.php(144): Illuminate\\Foundation\\Http\\Kernel->sendRequestThroughRouter(Object(Illuminate\\Http\\Request))
#64 /Users/rifkinasss/Documents/workspace/Startup/NasLabs/internal-projects/Blog/vendor/laravel/framework/src/Illuminate/Foundation/Testing/Concerns/MakesHttpRequests.php(638): Illuminate\\Foundation\\Http\\Kernel->handle(Object(Illuminate\\Http\\Request))
#65 /Users/rifkinasss/Documents/workspace/Startup/NasLabs/internal-projects/Blog/vendor/laravel/framework/src/Illuminate/Foundation/Testing/Concerns/MakesHttpRequests.php(368): Illuminate\\Foundation\\Testing\\TestCase->call('GET', 'https://blog.ri...', Array, Array, Array, Array)
#66 /Users/rifkinasss/Documents/workspace/Startup/NasLabs/internal-projects/Blog/tests/Feature/AdminFoundationTest.php(43): Illuminate\\Foundation\\Testing\\TestCase->get('https://blog.ri...')
#67 /Users/rifkinasss/Documents/workspace/Startup/NasLabs/internal-projects/Blog/vendor/phpunit/phpunit/src/Framework/TestCase.php(1318): Tests\\Feature\\AdminFoundationTest->test_signed_preview_can_show_a_draft_but_public_route_cannot()
#68 /Users/rifkinasss/Documents/workspace/Startup/NasLabs/internal-projects/Blog/vendor/phpunit/phpunit/src/Framework/TestCase.php(1355): PHPUnit\\Framework\\TestCase->invokeTestMethod('test_signed_pre...', Array)
#69 /Users/rifkinasss/Documents/workspace/Startup/NasLabs/internal-projects/Blog/vendor/phpunit/phpunit/src/Framework/TestCase.php(521): PHPUnit\\Framework\\TestCase->runTest()
#70 /Users/rifkinasss/Documents/workspace/Startup/NasLabs/internal-projects/Blog/vendor/phpunit/phpunit/src/Framework/TestRunner/TestRunner.php(99): PHPUnit\\Framework\\TestCase->runBare()
#71 /Users/rifkinasss/Documents/workspace/Startup/NasLabs/internal-projects/Blog/vendor/phpunit/phpunit/src/Framework/TestCase.php(361): PHPUnit\\Framework\\TestRunner->run(Object(Tests\\Feature\\AdminFoundationTest))
#72 /Users/rifkinasss/Documents/workspace/Startup/NasLabs/internal-projects/Blog/vendor/phpunit/phpunit/src/Framework/TestSuite.php(374): PHPUnit\\Framework\\TestCase->run()
#73 /Users/rifkinasss/Documents/workspace/Startup/NasLabs/internal-projects/Blog/vendor/phpunit/phpunit/src/Framework/TestSuite.php(374): PHPUnit\\Framework\\TestSuite->run()
#74 /Users/rifkinasss/Documents/workspace/Startup/NasLabs/internal-projects/Blog/vendor/phpunit/phpunit/src/Framework/TestSuite.php(374): PHPUnit\\Framework\\TestSuite->run()
#75 /Users/rifkinasss/Documents/workspace/Startup/NasLabs/internal-projects/Blog/vendor/phpunit/phpunit/src/TextUI/TestRunner.php(64): PHPUnit\\Framework\\TestSuite->run()
#76 /Users/rifkinasss/Documents/workspace/Startup/NasLabs/internal-projects/Blog/vendor/phpunit/phpunit/src/TextUI/Application.php(229): PHPUnit\\TextUI\\TestRunner->run(Object(PHPUnit\\TextUI\\Configuration\\Configuration), Object(PHPUnit\\Runner\\ResultCache\\DefaultResultCache), Object(PHPUnit\\Framework\\TestSuite))
#77 /Users/rifkinasss/Documents/workspace/Startup/NasLabs/internal-projects/Blog/vendor/phpunit/phpunit/phpunit(104): PHPUnit\\TextUI\\Application->run(Array)
#78 {main}
"} 
[2026-09-16 09:27:49] local.ERROR: include(/Users/rifkinasss/Documents/workspace/Startup/NasLabs/internal-projects/Blog/vendor/composer/../../app/Livewire/Dashboard/Users/UserIndex.php): Failed to open stream: No such file or directory {"exception":"[object] (ErrorException(code: 0): include(/Users/rifkinasss/Documents/workspace/Startup/NasLabs/internal-projects/Blog/vendor/composer/../../app/Livewire/Dashboard/Users/UserIndex.php): Failed to open stream: No such file or directory at /Users/rifkinasss/Documents/workspace/Startup/NasLabs/internal-projects/Blog/vendor/composer/ClassLoader.php:576)
[stacktrace]
#0 /Users/rifkinasss/Documents/workspace/Startup/NasLabs/internal-projects/Blog/vendor/laravel/framework/src/Illuminate/Foundation/Bootstrap/HandleExceptions.php(265): Illuminate\\Foundation\\Bootstrap\\HandleExceptions->handleError(2, 'include(/Users/...', '/Users/rifkinas...', 576)
#1 /Users/rifkinasss/Documents/workspace/Startup/NasLabs/internal-projects/Blog/vendor/composer/ClassLoader.php(576): Illuminate\\Foundation\\Bootstrap\\HandleExceptions->{closure:Illuminate\\Foundation\\Bootstrap\\HandleExceptions::forwardsTo():264}(2, 'include(/Users/...', '/Users/rifkinas...', 576)
#2 /Users/rifkinasss/Documents/workspace/Startup/NasLabs/internal-projects/Blog/vendor/composer/ClassLoader.php(576): include('/Users/rifkinas...')
#3 /Users/rifkinasss/Documents/workspace/Startup/NasLabs/internal-projects/Blog/vendor/composer/ClassLoader.php(427): {closure:Composer\\Autoload\\ClassLoader::initializeIncludeClosure():575}('/Users/rifkinas...')
#4 [internal function]: Composer\\Autoload\\ClassLoader->loadClass('App\\\\Livewire\\\\Da...')
#5 /Users/rifkinasss/Documents/workspace/Startup/NasLabs/internal-projects/Blog/vendor/laravel/framework/src/Illuminate/Routing/RouteAction.php(91): method_exists('App\\\\Livewire\\\\Da...', '__invoke')
#6 /Users/rifkinasss/Documents/workspace/Startup/NasLabs/internal-projects/Blog/vendor/laravel/framework/src/Illuminate/Routing/RouteAction.php(47): Illuminate\\Routing\\RouteAction::makeInvokable('App\\\\Livewire\\\\Da...')
#7 /Users/rifkinasss/Documents/workspace/Startup/NasLabs/internal-projects/Blog/vendor/laravel/framework/src/Illuminate/Routing/Route.php(202): Illuminate\\Routing\\RouteAction::parse('dashboard/users', Array)
#8 /Users/rifkinasss/Documents/workspace/Startup/NasLabs/internal-projects/Blog/vendor/laravel/framework/src/Illuminate/Routing/Route.php(183): Illuminate\\Routing\\Route->parseAction(Array)
#9 /Users/rifkinasss/Documents/workspace/Startup/NasLabs/internal-projects/Blog/vendor/laravel/framework/src/Illuminate/Routing/Router.php(685): Illuminate\\Routing\\Route->__construct(Array, 'dashboard/users', Array)
#10 /Users/rifkinasss/Documents/workspace/Startup/NasLabs/internal-projects/Blog/vendor/laravel/framework/src/Illuminate/Routing/Router.php(576): Illuminate\\Routing\\Router->newRoute(Array, 'dashboard/users', Array)
#11 /Users/rifkinasss/Documents/workspace/Startup/NasLabs/internal-projects/Blog/vendor/laravel/framework/src/Illuminate/Routing/Router.php(556): Illuminate\\Routing\\Router->createRoute(Array, '/users', Array)
#12 /Users/rifkinasss/Documents/workspace/Startup/NasLabs/internal-projects/Blog/vendor/laravel/framework/src/Illuminate/Routing/Router.php(160): Illuminate\\Routing\\Router->addRoute(Array, '/users', 'App\\\\Livewire\\\\Da...')
#13 /Users/rifkinasss/Documents/workspace/Startup/NasLabs/internal-projects/Blog/vendor/laravel/framework/src/Illuminate/Support/Facades/Facade.php(364): Illuminate\\Routing\\Router->get('/users', 'App\\\\Livewire\\\\Da...')
#14 /Users/rifkinasss/Documents/workspace/Startup/NasLabs/internal-projects/Blog/routes/web.php(44): Illuminate\\Support\\Facades\\Facade::__callStatic('get', Array)
#15 /Users/rifkinasss/Documents/workspace/Startup/NasLabs/internal-projects/Blog/vendor/laravel/framework/src/Illuminate/Routing/Router.php(524): Illuminate\\Routing\\RouteFileRegistrar->{closure:/Users/rifkinasss/Documents/workspace/Startup/NasLabs/internal-projects/Blog/routes/web.php:44}(Object(Illuminate\\Routing\\Router))
#16 /Users/rifkinasss/Documents/workspace/Startup/NasLabs/internal-projects/Blog/vendor/laravel/framework/src/Illuminate/Routing/Router.php(480): Illuminate\\Routing\\Router->loadRoutes(Object(Closure))
#17 /Users/rifkinasss/Documents/workspace/Startup/NasLabs/internal-projects/Blog/vendor/laravel/framework/src/Illuminate/Routing/RouteRegistrar.php(224): Illuminate\\Routing\\Router->group(Array, Object(Closure))
#18 /Users/rifkinasss/Documents/workspace/Startup/NasLabs/internal-projects/Blog/routes/web.php(44): Illuminate\\Routing\\RouteRegistrar->group(Object(Closure))
#19 /Users/rifkinasss/Documents/workspace/Startup/NasLabs/internal-projects/Blog/vendor/laravel/framework/src/Illuminate/Routing/RouteFileRegistrar.php(34): require('/Users/rifkinas...')
#20 /Users/rifkinasss/Documents/workspace/Startup/NasLabs/internal-projects/Blog/vendor/laravel/framework/src/Illuminate/Routing/Router.php(526): Illuminate\\Routing\\RouteFileRegistrar->register('/Users/rifkinas...')
#21 /Users/rifkinasss/Documents/workspace/Startup/NasLabs/internal-projects/Blog/vendor/laravel/framework/src/Illuminate/Routing/Router.php(480): Illuminate\\Routing\\Router->loadRoutes('/Users/rifkinas...')
#22 /Users/rifkinasss/Documents/workspace/Startup/NasLabs/internal-projects/Blog/vendor/laravel/framework/src/Illuminate/Routing/RouteRegistrar.php(224): Illuminate\\Routing\\Router->group(Array, '/Users/rifkinas...')
#23 /Users/rifkinasss/Documents/workspace/Startup/NasLabs/internal-projects/Blog/vendor/laravel/framework/src/Illuminate/Foundation/Configuration/ApplicationBuilder.php(261): Illuminate\\Routing\\RouteRegistrar->group('/Users/rifkinas...')
#24 /Users/rifkinasss/Documents/workspace/Startup/NasLabs/internal-projects/Blog/vendor/laravel/framework/src/Illuminate/Container/BoundMethod.php(36): Illuminate\\Foundation\\Configuration\\ApplicationBuilder->{closure:Illuminate\\Foundation\\Configuration\\ApplicationBuilder::buildRoutingCallback():210}()
#25 /Users/rifkinasss/Documents/workspace/Startup/NasLabs/internal-projects/Blog/vendor/laravel/framework/src/Illuminate/Container/Util.php(43): Illuminate\\Container\\BoundMethod::{closure:Illuminate\\Container\\BoundMethod::call():35}()
#26 /Users/rifkinasss/Documents/workspace/Startup/NasLabs/internal-projects/Blog/vendor/laravel/framework/src/Illuminate/Container/BoundMethod.php(84): Illuminate\\Container\\Util::unwrapIfClosure(Object(Closure))
#27 /Users/rifkinasss/Documents/workspace/Startup/NasLabs/internal-projects/Blog/vendor/laravel/framework/src/Illuminate/Container/BoundMethod.php(35): Illuminate\\Container\\BoundMethod::callBoundMethod(Object(Illuminate\\Foundation\\Application), Object(Closure), Object(Closure))
#28 /Users/rifkinasss/Documents/workspace/Startup/NasLabs/internal-projects/Blog/vendor/laravel/framework/src/Illuminate/Container/Container.php(803): Illuminate\\Container\\BoundMethod::call(Object(Illuminate\\Foundation\\Application), Object(Closure), Array, NULL)
#29 /Users/rifkinasss/Documents/workspace/Startup/NasLabs/internal-projects/Blog/vendor/laravel/framework/src/Illuminate/Foundation/Support/Providers/RouteServiceProvider.php(162): Illuminate\\Container\\Container->call(Object(Closure))
#30 /Users/rifkinasss/Documents/workspace/Startup/NasLabs/internal-projects/Blog/vendor/laravel/framework/src/Illuminate/Foundation/Support/Providers/RouteServiceProvider.php(59): Illuminate\\Foundation\\Support\\Providers\\RouteServiceProvider->loadRoutes()
#31 /Users/rifkinasss/Documents/workspace/Startup/NasLabs/internal-projects/Blog/vendor/laravel/framework/src/Illuminate/Container/BoundMethod.php(36): Illuminate\\Foundation\\Support\\Providers\\RouteServiceProvider->{closure:Illuminate\\Foundation\\Support\\Providers\\RouteServiceProvider::register():53}()
#32 /Users/rifkinasss/Documents/workspace/Startup/NasLabs/internal-projects/Blog/vendor/laravel/framework/src/Illuminate/Container/Util.php(43): Illuminate\\Container\\BoundMethod::{closure:Illuminate\\Container\\BoundMethod::call():35}()
#33 /Users/rifkinasss/Documents/workspace/Startup/NasLabs/internal-projects/Blog/vendor/laravel/framework/src/Illuminate/Container/BoundMethod.php(84): Illuminate\\Container\\Util::unwrapIfClosure(Object(Closure))
#34 /Users/rifkinasss/Documents/workspace/Startup/NasLabs/internal-projects/Blog/vendor/laravel/framework/src/Illuminate/Container/BoundMethod.php(35): Illuminate\\Container\\BoundMethod::callBoundMethod(Object(Illuminate\\Foundation\\Application), Object(Closure), Object(Closure))
#35 /Users/rifkinasss/Documents/workspace/Startup/NasLabs/internal-projects/Blog/vendor/laravel/framework/src/Illuminate/Container/Container.php(803): Illuminate\\Container\\BoundMethod::call(Object(Illuminate\\Foundation\\Application), Object(Closure), Array, NULL)
#36 /Users/rifkinasss/Documents/workspace/Startup/NasLabs/internal-projects/Blog/vendor/laravel/framework/src/Illuminate/Support/ServiceProvider.php(150): Illuminate\\Container\\Container->call(Object(Closure))
#37 /Users/rifkinasss/Documents/workspace/Startup/NasLabs/internal-projects/Blog/vendor/laravel/framework/src/Illuminate/Foundation/Application.php(1161): Illuminate\\Support\\ServiceProvider->callBootedCallbacks()
#38 /Users/rifkinasss/Documents/workspace/Startup/NasLabs/internal-projects/Blog/vendor/laravel/framework/src/Illuminate/Foundation/Application.php(1139): Illuminate\\Foundation\\Application->bootProvider(Object(Illuminate\\Foundation\\Support\\Providers\\RouteServiceProvider))
#39 [internal function]: Illuminate\\Foundation\\Application->{closure:Illuminate\\Foundation\\Application::boot():1138}(Object(Illuminate\\Foundation\\Support\\Providers\\RouteServiceProvider), 'Illuminate\\\\Foun...')
#40 /Users/rifkinasss/Documents/workspace/Startup/NasLabs/internal-projects/Blog/vendor/laravel/framework/src/Illuminate/Foundation/Application.php(1138): array_walk(Array, Object(Closure))
#41 /Users/rifkinasss/Documents/workspace/Startup/NasLabs/internal-projects/Blog/vendor/laravel/framework/src/Illuminate/Foundation/Bootstrap/BootProviders.php(17): Illuminate\\Foundation\\Application->boot()
#42 /Users/rifkinasss/Documents/workspace/Startup/NasLabs/internal-projects/Blog/vendor/laravel/framework/src/Illuminate/Foundation/Application.php(349): Illuminate\\Foundation\\Bootstrap\\BootProviders->bootstrap(Object(Illuminate\\Foundation\\Application))
#43 /Users/rifkinasss/Documents/workspace/Startup/NasLabs/internal-projects/Blog/vendor/laravel/framework/src/Illuminate/Foundation/Http/Kernel.php(186): Illuminate\\Foundation\\Application->bootstrapWith(Array)
#44 /Users/rifkinasss/Documents/workspace/Startup/NasLabs/internal-projects/Blog/vendor/laravel/framework/src/Illuminate/Foundation/Http/Kernel.php(170): Illuminate\\Foundation\\Http\\Kernel->bootstrap()
#45 /Users/rifkinasss/Documents/workspace/Startup/NasLabs/internal-projects/Blog/vendor/laravel/framework/src/Illuminate/Foundation/Http/Kernel.php(144): Illuminate\\Foundation\\Http\\Kernel->sendRequestThroughRouter(Object(Illuminate\\Http\\Request))
#46 /Users/rifkinasss/Documents/workspace/Startup/NasLabs/internal-projects/Blog/vendor/laravel/framework/src/Illuminate/Foundation/Application.php(1227): Illuminate\\Foundation\\Http\\Kernel->handle(Object(Illuminate\\Http\\Request))
#47 /Users/rifkinasss/Documents/workspace/Startup/NasLabs/internal-projects/Blog/public/index.php(20): Illuminate\\Foundation\\Application->handleRequest(Object(Illuminate\\Http\\Request))
#48 /Users/rifkinasss/Documents/workspace/Startup/NasLabs/internal-projects/Blog/vendor/laravel/framework/src/Illuminate/Foundation/resources/server.php(23): require_once('/Users/rifkinas...')
#49 {main}
"} 
[2026-09-16 09:27:56] local.ERROR: include(/Users/rifkinasss/Documents/workspace/Startup/NasLabs/internal-projects/Blog/vendor/composer/../../app/Livewire/Dashboard/Users/UserIndex.php): Failed to open stream: No such file or directory {"exception":"[object] (ErrorException(code: 0): include(/Users/rifkinasss/Documents/workspace/Startup/NasLabs/internal-projects/Blog/vendor/composer/../../app/Livewire/Dashboard/Users/UserIndex.php): Failed to open stream: No such file or directory at /Users/rifkinasss/Documents/workspace/Startup/NasLabs/internal-projects/Blog/vendor/composer/ClassLoader.php:576)
[stacktrace]
#0 /Users/rifkinasss/Documents/workspace/Startup/NasLabs/internal-projects/Blog/vendor/laravel/framework/src/Illuminate/Foundation/Bootstrap/HandleExceptions.php(265): Illuminate\\Foundation\\Bootstrap\\HandleExceptions->handleError(2, 'include(/Users/...', '/Users/rifkinas...', 576)
#1 /Users/rifkinasss/Documents/workspace/Startup/NasLabs/internal-projects/Blog/vendor/composer/ClassLoader.php(576): Illuminate\\Foundation\\Bootstrap\\HandleExceptions->{closure:Illuminate\\Foundation\\Bootstrap\\HandleExceptions::forwardsTo():264}(2, 'include(/Users/...', '/Users/rifkinas...', 576)
#2 /Users/rifkinasss/Documents/workspace/Startup/NasLabs/internal-projects/Blog/vendor/composer/ClassLoader.php(576): include('/Users/rifkinas...')
#3 /Users/rifkinasss/Documents/workspace/Startup/NasLabs/internal-projects/Blog/vendor/composer/ClassLoader.php(427): {closure:Composer\\Autoload\\ClassLoader::initializeIncludeClosure():575}('/Users/rifkinas...')
#4 [internal function]: Composer\\Autoload\\ClassLoader->loadClass('App\\\\Livewire\\\\Da...')
#5 /Users/rifkinasss/Documents/workspace/Startup/NasLabs/internal-projects/Blog/vendor/laravel/framework/src/Illuminate/Routing/RouteAction.php(91): method_exists('App\\\\Livewire\\\\Da...', '__invoke')
#6 /Users/rifkinasss/Documents/workspace/Startup/NasLabs/internal-projects/Blog/vendor/laravel/framework/src/Illuminate/Routing/RouteAction.php(47): Illuminate\\Routing\\RouteAction::makeInvokable('App\\\\Livewire\\\\Da...')
#7 /Users/rifkinasss/Documents/workspace/Startup/NasLabs/internal-projects/Blog/vendor/laravel/framework/src/Illuminate/Routing/Route.php(202): Illuminate\\Routing\\RouteAction::parse('dashboard/users', Array)
#8 /Users/rifkinasss/Documents/workspace/Startup/NasLabs/internal-projects/Blog/vendor/laravel/framework/src/Illuminate/Routing/Route.php(183): Illuminate\\Routing\\Route->parseAction(Array)
#9 /Users/rifkinasss/Documents/workspace/Startup/NasLabs/internal-projects/Blog/vendor/laravel/framework/src/Illuminate/Routing/Router.php(685): Illuminate\\Routing\\Route->__construct(Array, 'dashboard/users', Array)
#10 /Users/rifkinasss/Documents/workspace/Startup/NasLabs/internal-projects/Blog/vendor/laravel/framework/src/Illuminate/Routing/Router.php(576): Illuminate\\Routing\\Router->newRoute(Array, 'dashboard/users', Array)
#11 /Users/rifkinasss/Documents/workspace/Startup/NasLabs/internal-projects/Blog/vendor/laravel/framework/src/Illuminate/Routing/Router.php(556): Illuminate\\Routing\\Router->createRoute(Array, '/users', Array)
#12 /Users/rifkinasss/Documents/workspace/Startup/NasLabs/internal-projects/Blog/vendor/laravel/framework/src/Illuminate/Routing/Router.php(160): Illuminate\\Routing\\Router->addRoute(Array, '/users', 'App\\\\Livewire\\\\Da...')
#13 /Users/rifkinasss/Documents/workspace/Startup/NasLabs/internal-projects/Blog/vendor/laravel/framework/src/Illuminate/Support/Facades/Facade.php(364): Illuminate\\Routing\\Router->get('/users', 'App\\\\Livewire\\\\Da...')
#14 /Users/rifkinasss/Documents/workspace/Startup/NasLabs/internal-projects/Blog/routes/web.php(44): Illuminate\\Support\\Facades\\Facade::__callStatic('get', Array)
#15 /Users/rifkinasss/Documents/workspace/Startup/NasLabs/internal-projects/Blog/vendor/laravel/framework/src/Illuminate/Routing/Router.php(524): Illuminate\\Routing\\RouteFileRegistrar->{closure:/Users/rifkinasss/Documents/workspace/Startup/NasLabs/internal-projects/Blog/routes/web.php:44}(Object(Illuminate\\Routing\\Router))
#16 /Users/rifkinasss/Documents/workspace/Startup/NasLabs/internal-projects/Blog/vendor/laravel/framework/src/Illuminate/Routing/Router.php(480): Illuminate\\Routing\\Router->loadRoutes(Object(Closure))
#17 /Users/rifkinasss/Documents/workspace/Startup/NasLabs/internal-projects/Blog/vendor/laravel/framework/src/Illuminate/Routing/RouteRegistrar.php(224): Illuminate\\Routing\\Router->group(Array, Object(Closure))
#18 /Users/rifkinasss/Documents/workspace/Startup/NasLabs/internal-projects/Blog/routes/web.php(44): Illuminate\\Routing\\RouteRegistrar->group(Object(Closure))
#19 /Users/rifkinasss/Documents/workspace/Startup/NasLabs/internal-projects/Blog/vendor/laravel/framework/src/Illuminate/Routing/RouteFileRegistrar.php(34): require('/Users/rifkinas...')
#20 /Users/rifkinasss/Documents/workspace/Startup/NasLabs/internal-projects/Blog/vendor/laravel/framework/src/Illuminate/Routing/Router.php(526): Illuminate\\Routing\\RouteFileRegistrar->register('/Users/rifkinas...')
#21 /Users/rifkinasss/Documents/workspace/Startup/NasLabs/internal-projects/Blog/vendor/laravel/framework/src/Illuminate/Routing/Router.php(480): Illuminate\\Routing\\Router->loadRoutes('/Users/rifkinas...')
#22 /Users/rifkinasss/Documents/workspace/Startup/NasLabs/internal-projects/Blog/vendor/laravel/framework/src/Illuminate/Routing/RouteRegistrar.php(224): Illuminate\\Routing\\Router->group(Array, '/Users/rifkinas...')
#23 /Users/rifkinasss/Documents/workspace/Startup/NasLabs/internal-projects/Blog/vendor/laravel/framework/src/Illuminate/Foundation/Configuration/ApplicationBuilder.php(261): Illuminate\\Routing\\RouteRegistrar->group('/Users/rifkinas...')
#24 /Users/rifkinasss/Documents/workspace/Startup/NasLabs/internal-projects/Blog/vendor/laravel/framework/src/Illuminate/Container/BoundMethod.php(36): Illuminate\\Foundation\\Configuration\\ApplicationBuilder->{closure:Illuminate\\Foundation\\Configuration\\ApplicationBuilder::buildRoutingCallback():210}()
#25 /Users/rifkinasss/Documents/workspace/Startup/NasLabs/internal-projects/Blog/vendor/laravel/framework/src/Illuminate/Container/Util.php(43): Illuminate\\Container\\BoundMethod::{closure:Illuminate\\Container\\BoundMethod::call():35}()
#26 /Users/rifkinasss/Documents/workspace/Startup/NasLabs/internal-projects/Blog/vendor/laravel/framework/src/Illuminate/Container/BoundMethod.php(84): Illuminate\\Container\\Util::unwrapIfClosure(Object(Closure))
#27 /Users/rifkinasss/Documents/workspace/Startup/NasLabs/internal-projects/Blog/vendor/laravel/framework/src/Illuminate/Container/BoundMethod.php(35): Illuminate\\Container\\BoundMethod::callBoundMethod(Object(Illuminate\\Foundation\\Application), Object(Closure), Object(Closure))
#28 /Users/rifkinasss/Documents/workspace/Startup/NasLabs/internal-projects/Blog/vendor/laravel/framework/src/Illuminate/Container/Container.php(803): Illuminate\\Container\\BoundMethod::call(Object(Illuminate\\Foundation\\Application), Object(Closure), Array, NULL)
#29 /Users/rifkinasss/Documents/workspace/Startup/NasLabs/internal-projects/Blog/vendor/laravel/framework/src/Illuminate/Foundation/Support/Providers/RouteServiceProvider.php(162): Illuminate\\Container\\Container->call(Object(Closure))
#30 /Users/rifkinasss/Documents/workspace/Startup/NasLabs/internal-projects/Blog/vendor/laravel/framework/src/Illuminate/Foundation/Support/Providers/RouteServiceProvider.php(59): Illuminate\\Foundation\\Support\\Providers\\RouteServiceProvider->loadRoutes()
#31 /Users/rifkinasss/Documents/workspace/Startup/NasLabs/internal-projects/Blog/vendor/laravel/framework/src/Illuminate/Container/BoundMethod.php(36): Illuminate\\Foundation\\Support\\Providers\\RouteServiceProvider->{closure:Illuminate\\Foundation\\Support\\Providers\\RouteServiceProvider::register():53}()
#32 /Users/rifkinasss/Documents/workspace/Startup/NasLabs/internal-projects/Blog/vendor/laravel/framework/src/Illuminate/Container/Util.php(43): Illuminate\\Container\\BoundMethod::{closure:Illuminate\\Container\\BoundMethod::call():35}()
#33 /Users/rifkinasss/Documents/workspace/Startup/NasLabs/internal-projects/Blog/vendor/laravel/framework/src/Illuminate/Container/BoundMethod.php(84): Illuminate\\Container\\Util::unwrapIfClosure(Object(Closure))
#34 /Users/rifkinasss/Documents/workspace/Startup/NasLabs/internal-projects/Blog/vendor/laravel/framework/src/Illuminate/Container/BoundMethod.php(35): Illuminate\\Container\\BoundMethod::callBoundMethod(Object(Illuminate\\Foundation\\Application), Object(Closure), Object(Closure))
#35 /Users/rifkinasss/Documents/workspace/Startup/NasLabs/internal-projects/Blog/vendor/laravel/framework/src/Illuminate/Container/Container.php(803): Illuminate\\Container\\BoundMethod::call(Object(Illuminate\\Foundation\\Application), Object(Closure), Array, NULL)
#36 /Users/rifkinasss/Documents/workspace/Startup/NasLabs/internal-projects/Blog/vendor/laravel/framework/src/Illuminate/Support/ServiceProvider.php(150): Illuminate\\Container\\Container->call(Object(Closure))
#37 /Users/rifkinasss/Documents/workspace/Startup/NasLabs/internal-projects/Blog/vendor/laravel/framework/src/Illuminate/Foundation/Application.php(1161): Illuminate\\Support\\ServiceProvider->callBootedCallbacks()
#38 /Users/rifkinasss/Documents/workspace/Startup/NasLabs/internal-projects/Blog/vendor/laravel/framework/src/Illuminate/Foundation/Application.php(1139): Illuminate\\Foundation\\Application->bootProvider(Object(Illuminate\\Foundation\\Support\\Providers\\RouteServiceProvider))
#39 [internal function]: Illuminate\\Foundation\\Application->{closure:Illuminate\\Foundation\\Application::boot():1138}(Object(Illuminate\\Foundation\\Support\\Providers\\RouteServiceProvider), 'Illuminate\\\\Foun...')
#40 /Users/rifkinasss/Documents/workspace/Startup/NasLabs/internal-projects/Blog/vendor/laravel/framework/src/Illuminate/Foundation/Application.php(1138): array_walk(Array, Object(Closure))
#41 /Users/rifkinasss/Documents/workspace/Startup/NasLabs/internal-projects/Blog/vendor/laravel/framework/src/Illuminate/Foundation/Bootstrap/BootProviders.php(17): Illuminate\\Foundation\\Application->boot()
#42 /Users/rifkinasss/Documents/workspace/Startup/NasLabs/internal-projects/Blog/vendor/laravel/framework/src/Illuminate/Foundation/Application.php(349): Illuminate\\Foundation\\Bootstrap\\BootProviders->bootstrap(Object(Illuminate\\Foundation\\Application))
#43 /Users/rifkinasss/Documents/workspace/Startup/NasLabs/internal-projects/Blog/vendor/laravel/framework/src/Illuminate/Foundation/Http/Kernel.php(186): Illuminate\\Foundation\\Application->bootstrapWith(Array)
#44 /Users/rifkinasss/Documents/workspace/Startup/NasLabs/internal-projects/Blog/vendor/laravel/framework/src/Illuminate/Foundation/Http/Kernel.php(170): Illuminate\\Foundation\\Http\\Kernel->bootstrap()
#45 /Users/rifkinasss/Documents/workspace/Startup/NasLabs/internal-projects/Blog/vendor/laravel/framework/src/Illuminate/Foundation/Http/Kernel.php(144): Illuminate\\Foundation\\Http\\Kernel->sendRequestThroughRouter(Object(Illuminate\\Http\\Request))
#46 /Users/rifkinasss/Documents/workspace/Startup/NasLabs/internal-projects/Blog/vendor/laravel/framework/src/Illuminate/Foundation/Application.php(1227): Illuminate\\Foundation\\Http\\Kernel->handle(Object(Illuminate\\Http\\Request))
#47 /Users/rifkinasss/Documents/workspace/Startup/NasLabs/internal-projects/Blog/public/index.php(20): Illuminate\\Foundation\\Application->handleRequest(Object(Illuminate\\Http\\Request))
#48 /Users/rifkinasss/Documents/workspace/Startup/NasLabs/internal-projects/Blog/vendor/laravel/framework/src/Illuminate/Foundation/resources/server.php(23): require_once('/Users/rifkinas...')
#49 {main}
"} 
[2026-09-16 09:31:03] local.ERROR: SQLSTATE[08006] [7] connection to server at "127.0.0.1", port 5432 failed: Operation not permitted
	Is the server running on that host and accepting TCP/IP connections? (Connection: pgsql, Host: 127.0.0.1, Port: 5432, Database: naslabs_blog, SQL: select exists (select 1 from pg_class c, pg_namespace n where n.nspname = current_schema() and c.relname = 'migrations' and c.relkind in ('r', 'p') and n.oid = c.relnamespace)) {"exception":"[object] (Illuminate\\Database\\QueryException(code: 7): SQLSTATE[08006] [7] connection to server at \"127.0.0.1\", port 5432 failed: Operation not permitted
\tIs the server running on that host and accepting TCP/IP connections? (Connection: pgsql, Host: 127.0.0.1, Port: 5432, Database: naslabs_blog, SQL: select exists (select 1 from pg_class c, pg_namespace n where n.nspname = current_schema() and c.relname = 'migrations' and c.relkind in ('r', 'p') and n.oid = c.relnamespace)) at /Users/rifkinasss/Documents/workspace/Startup/NasLabs/internal-projects/Blog/vendor/laravel/framework/src/Illuminate/Database/Connection.php:857)
[stacktrace]
#0 /Users/rifkinasss/Documents/workspace/Startup/NasLabs/internal-projects/Blog/vendor/laravel/framework/src/Illuminate/Database/Connection.php(813): Illuminate\\Database\\Connection->runQueryCallback('select exists (...', Array, Object(Closure))
#1 /Users/rifkinasss/Documents/workspace/Startup/NasLabs/internal-projects/Blog/vendor/laravel/framework/src/Illuminate/Database/Connection.php(426): Illuminate\\Database\\Connection->run('select exists (...', Array, Object(Closure))
#2 /Users/rifkinasss/Documents/workspace/Startup/NasLabs/internal-projects/Blog/vendor/laravel/framework/src/Illuminate/Database/Connection.php(371): Illuminate\\Database\\Connection->select('select exists (...', Array, true)
#3 /Users/rifkinasss/Documents/workspace/Startup/NasLabs/internal-projects/Blog/vendor/laravel/framework/src/Illuminate/Database/Connection.php(388): Illuminate\\Database\\Connection->selectOne('select exists (...', Array, true)
#4 /Users/rifkinasss/Documents/workspace/Startup/NasLabs/internal-projects/Blog/vendor/laravel/framework/src/Illuminate/Database/Schema/Builder.php(176): Illuminate\\Database\\Connection->scalar('select exists (...')
#5 /Users/rifkinasss/Documents/workspace/Startup/NasLabs/internal-projects/Blog/vendor/laravel/framework/src/Illuminate/Database/Migrations/DatabaseMigrationRepository.php(185): Illuminate\\Database\\Schema\\Builder->hasTable('migrations')
#6 /Users/rifkinasss/Documents/workspace/Startup/NasLabs/internal-projects/Blog/vendor/laravel/framework/src/Illuminate/Database/Migrations/Migrator.php(797): Illuminate\\Database\\Migrations\\DatabaseMigrationRepository->repositoryExists()
#7 /Users/rifkinasss/Documents/workspace/Startup/NasLabs/internal-projects/Blog/vendor/laravel/framework/src/Illuminate/Database/Console/Migrations/MigrateCommand.php(166): Illuminate\\Database\\Migrations\\Migrator->repositoryExists()
#8 /Users/rifkinasss/Documents/workspace/Startup/NasLabs/internal-projects/Blog/vendor/laravel/framework/src/Illuminate/Support/helpers.php(328): Illuminate\\Database\\Console\\Migrations\\MigrateCommand->{closure:Illuminate\\Database\\Console\\Migrations\\MigrateCommand::repositoryExists():166}(1)
#9 /Users/rifkinasss/Documents/workspace/Startup/NasLabs/internal-projects/Blog/vendor/laravel/framework/src/Illuminate/Database/Console/Migrations/MigrateCommand.php(166): retry(1, Object(Closure), 0, Object(Closure))
#10 /Users/rifkinasss/Documents/workspace/Startup/NasLabs/internal-projects/Blog/vendor/laravel/framework/src/Illuminate/Database/Console/Migrations/MigrateCommand.php(142): Illuminate\\Database\\Console\\Migrations\\MigrateCommand->repositoryExists()
#11 /Users/rifkinasss/Documents/workspace/Startup/NasLabs/internal-projects/Blog/vendor/laravel/framework/src/Illuminate/Database/Console/Migrations/MigrateCommand.php(112): Illuminate\\Database\\Console\\Migrations\\MigrateCommand->prepareDatabase()
#12 /Users/rifkinasss/Documents/workspace/Startup/NasLabs/internal-projects/Blog/vendor/laravel/framework/src/Illuminate/Database/Migrations/Migrator.php(672): Illuminate\\Database\\Console\\Migrations\\MigrateCommand->{closure:Illuminate\\Database\\Console\\Migrations\\MigrateCommand::runMigrations():111}()
#13 /Users/rifkinasss/Documents/workspace/Startup/NasLabs/internal-projects/Blog/vendor/laravel/framework/src/Illuminate/Database/Console/Migrations/MigrateCommand.php(111): Illuminate\\Database\\Migrations\\Migrator->usingConnection(NULL, Object(Closure))
#14 /Users/rifkinasss/Documents/workspace/Startup/NasLabs/internal-projects/Blog/vendor/laravel/framework/src/Illuminate/Database/Console/Migrations/MigrateCommand.php(90): Illuminate\\Database\\Console\\Migrations\\MigrateCommand->runMigrations()
#15 /Users/rifkinasss/Documents/workspace/Startup/NasLabs/internal-projects/Blog/vendor/laravel/framework/src/Illuminate/Container/BoundMethod.php(36): Illuminate\\Database\\Console\\Migrations\\MigrateCommand->handle()
#16 /Users/rifkinasss/Documents/workspace/Startup/NasLabs/internal-projects/Blog/vendor/laravel/framework/src/Illuminate/Container/Util.php(43): Illuminate\\Container\\BoundMethod::{closure:Illuminate\\Container\\BoundMethod::call():35}()
#17 /Users/rifkinasss/Documents/workspace/Startup/NasLabs/internal-projects/Blog/vendor/laravel/framework/src/Illuminate/Container/BoundMethod.php(96): Illuminate\\Container\\Util::unwrapIfClosure(Object(Closure))
#18 /Users/rifkinasss/Documents/workspace/Startup/NasLabs/internal-projects/Blog/vendor/laravel/framework/src/Illuminate/Container/BoundMethod.php(35): Illuminate\\Container\\BoundMethod::callBoundMethod(Object(Illuminate\\Foundation\\Application), Array, Object(Closure))
#19 /Users/rifkinasss/Documents/workspace/Startup/NasLabs/internal-projects/Blog/vendor/laravel/framework/src/Illuminate/Container/Container.php(803): Illuminate\\Container\\BoundMethod::call(Object(Illuminate\\Foundation\\Application), Array, Array, NULL)
#20 /Users/rifkinasss/Documents/workspace/Startup/NasLabs/internal-projects/Blog/vendor/laravel/framework/src/Illuminate/Console/Command.php(292): Illuminate\\Container\\Container->call(Array)
#21 /Users/rifkinasss/Documents/workspace/Startup/NasLabs/internal-projects/Blog/vendor/symfony/console/Command/Command.php(285): Illuminate\\Console\\Command->execute(Object(Symfony\\Component\\Console\\Input\\ArgvInput), Object(Illuminate\\Console\\OutputStyle))
#22 /Users/rifkinasss/Documents/workspace/Startup/NasLabs/internal-projects/Blog/vendor/laravel/framework/src/Illuminate/Console/Command.php(261): Symfony\\Component\\Console\\Command\\Command->run(Object(Symfony\\Component\\Console\\Input\\ArgvInput), Object(Illuminate\\Console\\OutputStyle))
#23 /Users/rifkinasss/Documents/workspace/Startup/NasLabs/internal-projects/Blog/vendor/symfony/console/Application.php(1144): Illuminate\\Console\\Command->run(Object(Symfony\\Component\\Console\\Input\\ArgvInput), Object(Symfony\\Component\\Console\\Output\\ConsoleOutput))
#24 /Users/rifkinasss/Documents/workspace/Startup/NasLabs/internal-projects/Blog/vendor/symfony/console/Application.php(379): Symfony\\Component\\Console\\Application->doRunCommand(Object(Illuminate\\Database\\Console\\Migrations\\MigrateCommand), Object(Symfony\\Component\\Console\\Input\\ArgvInput), Object(Symfony\\Component\\Console\\Output\\ConsoleOutput))
#25 /Users/rifkinasss/Documents/workspace/Startup/NasLabs/internal-projects/Blog/vendor/symfony/console/Application.php(218): Symfony\\Component\\Console\\Application->doRun(Object(Symfony\\Component\\Console\\Input\\ArgvInput), Object(Symfony\\Component\\Console\\Output\\ConsoleOutput))
#26 /Users/rifkinasss/Documents/workspace/Startup/NasLabs/internal-projects/Blog/vendor/laravel/framework/src/Illuminate/Foundation/Console/Kernel.php(198): Symfony\\Component\\Console\\Application->run(Object(Symfony\\Component\\Console\\Input\\ArgvInput), Object(Symfony\\Component\\Console\\Output\\ConsoleOutput))
#27 /Users/rifkinasss/Documents/workspace/Startup/NasLabs/internal-projects/Blog/vendor/laravel/framework/src/Illuminate/Foundation/Application.php(1242): Illuminate\\Foundation\\Console\\Kernel->handle(Object(Symfony\\Component\\Console\\Input\\ArgvInput), Object(Symfony\\Component\\Console\\Output\\ConsoleOutput))
#28 /Users/rifkinasss/Documents/workspace/Startup/NasLabs/internal-projects/Blog/artisan(16): Illuminate\\Foundation\\Application->handleCommand(Object(Symfony\\Component\\Console\\Input\\ArgvInput))
#29 {main}

[previous exception] [object] (PDOException(code: 7): SQLSTATE[08006] [7] connection to server at \"127.0.0.1\", port 5432 failed: Operation not permitted
\tIs the server running on that host and accepting TCP/IP connections? at /Users/rifkinasss/Documents/workspace/Startup/NasLabs/internal-projects/Blog/vendor/laravel/framework/src/Illuminate/Database/Connectors/Connector.php:67)
[stacktrace]
#0 /Users/rifkinasss/Documents/workspace/Startup/NasLabs/internal-projects/Blog/vendor/laravel/framework/src/Illuminate/Database/Connectors/Connector.php(67): PDO::connect('pgsql:host=127....', 'naslabs', Object(SensitiveParameterValue), Array)
#1 /Users/rifkinasss/Documents/workspace/Startup/NasLabs/internal-projects/Blog/vendor/laravel/framework/src/Illuminate/Database/Connectors/Connector.php(44): Illuminate\\Database\\Connectors\\Connector->createPdoConnection('pgsql:host=127....', 'naslabs', Object(SensitiveParameterValue), Array)
#2 /Users/rifkinasss/Documents/workspace/Startup/NasLabs/internal-projects/Blog/vendor/laravel/framework/src/Illuminate/Database/Connectors/PostgresConnector.php(35): Illuminate\\Database\\Connectors\\Connector->createConnection('pgsql:host=127....', Array, Array)
#3 /Users/rifkinasss/Documents/workspace/Startup/NasLabs/internal-projects/Blog/vendor/laravel/framework/src/Illuminate/Database/Connectors/ConnectionFactory.php(220): Illuminate\\Database\\Connectors\\PostgresConnector->connect(Array)
#4 [internal function]: Illuminate\\Database\\Connectors\\ConnectionFactory->{closure:Illuminate\\Database\\Connectors\\ConnectionFactory::createPdoResolverWithHosts():213}()
#5 /Users/rifkinasss/Documents/workspace/Startup/NasLabs/internal-projects/Blog/vendor/laravel/framework/src/Illuminate/Database/Connection.php(1298): call_user_func(Object(Closure))
#6 /Users/rifkinasss/Documents/workspace/Startup/NasLabs/internal-projects/Blog/vendor/laravel/framework/src/Illuminate/Database/Connection.php(1336): Illuminate\\Database\\Connection->getPdo()
#7 /Users/rifkinasss/Documents/workspace/Startup/NasLabs/internal-projects/Blog/vendor/laravel/framework/src/Illuminate/Database/Connection.php(542): Illuminate\\Database\\Connection->getReadPdo()
#8 /Users/rifkinasss/Documents/workspace/Startup/NasLabs/internal-projects/Blog/vendor/laravel/framework/src/Illuminate/Database/Connection.php(435): Illuminate\\Database\\Connection->getPdoForSelect(true)
#9 /Users/rifkinasss/Documents/workspace/Startup/NasLabs/internal-projects/Blog/vendor/laravel/framework/src/Illuminate/Database/Connection.php(846): Illuminate\\Database\\Connection->{closure:Illuminate\\Database\\Connection::select():426}('select exists (...', Array)
#10 /Users/rifkinasss/Documents/workspace/Startup/NasLabs/internal-projects/Blog/vendor/laravel/framework/src/Illuminate/Database/Connection.php(813): Illuminate\\Database\\Connection->runQueryCallback('select exists (...', Array, Object(Closure))
#11 /Users/rifkinasss/Documents/workspace/Startup/NasLabs/internal-projects/Blog/vendor/laravel/framework/src/Illuminate/Database/Connection.php(426): Illuminate\\Database\\Connection->run('select exists (...', Array, Object(Closure))
#12 /Users/rifkinasss/Documents/workspace/Startup/NasLabs/internal-projects/Blog/vendor/laravel/framework/src/Illuminate/Database/Connection.php(371): Illuminate\\Database\\Connection->select('select exists (...', Array, true)
#13 /Users/rifkinasss/Documents/workspace/Startup/NasLabs/internal-projects/Blog/vendor/laravel/framework/src/Illuminate/Database/Connection.php(388): Illuminate\\Database\\Connection->selectOne('select exists (...', Array, true)
#14 /Users/rifkinasss/Documents/workspace/Startup/NasLabs/internal-projects/Blog/vendor/laravel/framework/src/Illuminate/Database/Schema/Builder.php(176): Illuminate\\Database\\Connection->scalar('select exists (...')
#15 /Users/rifkinasss/Documents/workspace/Startup/NasLabs/internal-projects/Blog/vendor/laravel/framework/src/Illuminate/Database/Migrations/DatabaseMigrationRepository.php(185): Illuminate\\Database\\Schema\\Builder->hasTable('migrations')
#16 /Users/rifkinasss/Documents/workspace/Startup/NasLabs/internal-projects/Blog/vendor/laravel/framework/src/Illuminate/Database/Migrations/Migrator.php(797): Illuminate\\Database\\Migrations\\DatabaseMigrationRepository->repositoryExists()
#17 /Users/rifkinasss/Documents/workspace/Startup/NasLabs/internal-projects/Blog/vendor/laravel/framework/src/Illuminate/Database/Console/Migrations/MigrateCommand.php(166): Illuminate\\Database\\Migrations\\Migrator->repositoryExists()
#18 /Users/rifkinasss/Documents/workspace/Startup/NasLabs/internal-projects/Blog/vendor/laravel/framework/src/Illuminate/Support/helpers.php(328): Illuminate\\Database\\Console\\Migrations\\MigrateCommand->{closure:Illuminate\\Database\\Console\\Migrations\\MigrateCommand::repositoryExists():166}(1)
#19 /Users/rifkinasss/Documents/workspace/Startup/NasLabs/internal-projects/Blog/vendor/laravel/framework/src/Illuminate/Database/Console/Migrations/MigrateCommand.php(166): retry(1, Object(Closure), 0, Object(Closure))
#20 /Users/rifkinasss/Documents/workspace/Startup/NasLabs/internal-projects/Blog/vendor/laravel/framework/src/Illuminate/Database/Console/Migrations/MigrateCommand.php(142): Illuminate\\Database\\Console\\Migrations\\MigrateCommand->repositoryExists()
#21 /Users/rifkinasss/Documents/workspace/Startup/NasLabs/internal-projects/Blog/vendor/laravel/framework/src/Illuminate/Database/Console/Migrations/MigrateCommand.php(112): Illuminate\\Database\\Console\\Migrations\\MigrateCommand->prepareDatabase()
#22 /Users/rifkinasss/Documents/workspace/Startup/NasLabs/internal-projects/Blog/vendor/laravel/framework/src/Illuminate/Database/Migrations/Migrator.php(672): Illuminate\\Database\\Console\\Migrations\\MigrateCommand->{closure:Illuminate\\Database\\Console\\Migrations\\MigrateCommand::runMigrations():111}()
#23 /Users/rifkinasss/Documents/workspace/Startup/NasLabs/internal-projects/Blog/vendor/laravel/framework/src/Illuminate/Database/Console/Migrations/MigrateCommand.php(111): Illuminate\\Database\\Migrations\\Migrator->usingConnection(NULL, Object(Closure))
#24 /Users/rifkinasss/Documents/workspace/Startup/NasLabs/internal-projects/Blog/vendor/laravel/framework/src/Illuminate/Database/Console/Migrations/MigrateCommand.php(90): Illuminate\\Database\\Console\\Migrations\\MigrateCommand->runMigrations()
#25 /Users/rifkinasss/Documents/workspace/Startup/NasLabs/internal-projects/Blog/vendor/laravel/framework/src/Illuminate/Container/BoundMethod.php(36): Illuminate\\Database\\Console\\Migrations\\MigrateCommand->handle()
#26 /Users/rifkinasss/Documents/workspace/Startup/NasLabs/internal-projects/Blog/vendor/laravel/framework/src/Illuminate/Container/Util.php(43): Illuminate\\Container\\BoundMethod::{closure:Illuminate\\Container\\BoundMethod::call():35}()
#27 /Users/rifkinasss/Documents/workspace/Startup/NasLabs/internal-projects/Blog/vendor/laravel/framework/src/Illuminate/Container/BoundMethod.php(96): Illuminate\\Container\\Util::unwrapIfClosure(Object(Closure))
#28 /Users/rifkinasss/Documents/workspace/Startup/NasLabs/internal-projects/Blog/vendor/laravel/framework/src/Illuminate/Container/BoundMethod.php(35): Illuminate\\Container\\BoundMethod::callBoundMethod(Object(Illuminate\\Foundation\\Application), Array, Object(Closure))
#29 /Users/rifkinasss/Documents/workspace/Startup/NasLabs/internal-projects/Blog/vendor/laravel/framework/src/Illuminate/Container/Container.php(803): Illuminate\\Container\\BoundMethod::call(Object(Illuminate\\Foundation\\Application), Array, Array, NULL)
#30 /Users/rifkinasss/Documents/workspace/Startup/NasLabs/internal-projects/Blog/vendor/laravel/framework/src/Illuminate/Console/Command.php(292): Illuminate\\Container\\Container->call(Array)
#31 /Users/rifkinasss/Documents/workspace/Startup/NasLabs/internal-projects/Blog/vendor/symfony/console/Command/Command.php(285): Illuminate\\Console\\Command->execute(Object(Symfony\\Component\\Console\\Input\\ArgvInput), Object(Illuminate\\Console\\OutputStyle))
#32 /Users/rifkinasss/Documents/workspace/Startup/NasLabs/internal-projects/Blog/vendor/laravel/framework/src/Illuminate/Console/Command.php(261): Symfony\\Component\\Console\\Command\\Command->run(Object(Symfony\\Component\\Console\\Input\\ArgvInput), Object(Illuminate\\Console\\OutputStyle))
#33 /Users/rifkinasss/Documents/workspace/Startup/NasLabs/internal-projects/Blog/vendor/symfony/console/Application.php(1144): Illuminate\\Console\\Command->run(Object(Symfony\\Component\\Console\\Input\\ArgvInput), Object(Symfony\\Component\\Console\\Output\\ConsoleOutput))
#34 /Users/rifkinasss/Documents/workspace/Startup/NasLabs/internal-projects/Blog/vendor/symfony/console/Application.php(379): Symfony\\Component\\Console\\Application->doRunCommand(Object(Illuminate\\Database\\Console\\Migrations\\MigrateCommand), Object(Symfony\\Component\\Console\\Input\\ArgvInput), Object(Symfony\\Component\\Console\\Output\\ConsoleOutput))
#35 /Users/rifkinasss/Documents/workspace/Startup/NasLabs/internal-projects/Blog/vendor/symfony/console/Application.php(218): Symfony\\Component\\Console\\Application->doRun(Object(Symfony\\Component\\Console\\Input\\ArgvInput), Object(Symfony\\Component\\Console\\Output\\ConsoleOutput))
#36 /Users/rifkinasss/Documents/workspace/Startup/NasLabs/internal-projects/Blog/vendor/laravel/framework/src/Illuminate/Foundation/Console/Kernel.php(198): Symfony\\Component\\Console\\Application->run(Object(Symfony\\Component\\Console\\Input\\ArgvInput), Object(Symfony\\Component\\Console\\Output\\ConsoleOutput))
#37 /Users/rifkinasss/Documents/workspace/Startup/NasLabs/internal-projects/Blog/vendor/laravel/framework/src/Illuminate/Foundation/Application.php(1242): Illuminate\\Foundation\\Console\\Kernel->handle(Object(Symfony\\Component\\Console\\Input\\ArgvInput), Object(Symfony\\Component\\Console\\Output\\ConsoleOutput))
#38 /Users/rifkinasss/Documents/workspace/Startup/NasLabs/internal-projects/Blog/artisan(16): Illuminate\\Foundation\\Application->handleCommand(Object(Symfony\\Component\\Console\\Input\\ArgvInput))
#39 {main}
"} 
[2026-09-16 13:06:37] testing.ERROR: Undefined variable $siteName (View: /Users/rifkinasss/Documents/workspace/Startup/NasLabs/internal-projects/Blog/resources/views/blog/show.blade.php) {"exception":"[object] (Illuminate\\View\\ViewException(code: 0): Undefined variable $siteName (View: /Users/rifkinasss/Documents/workspace/Startup/NasLabs/internal-projects/Blog/resources/views/blog/show.blade.php) at /Users/rifkinasss/Documents/workspace/Startup/NasLabs/internal-projects/Blog/storage/framework/views/764c5e7e6adb5fe4e376bf2c764c4c6e.php:23)
[stacktrace]
#0 /Users/rifkinasss/Documents/workspace/Startup/NasLabs/internal-projects/Blog/vendor/livewire/livewire/src/Mechanisms/ExtendBlade/ExtendedCompilerEngine.php(58): Illuminate\\View\\Engines\\CompilerEngine->handleViewException(Object(ErrorException), 1)
#1 /Users/rifkinasss/Documents/workspace/Startup/NasLabs/internal-projects/Blog/vendor/laravel/framework/src/Illuminate/View/Engines/PhpEngine.php(59): Livewire\\Mechanisms\\ExtendBlade\\ExtendedCompilerEngine->handleViewException(Object(ErrorException), 1)
#2 /Users/rifkinasss/Documents/workspace/Startup/NasLabs/internal-projects/Blog/vendor/livewire/livewire/src/Mechanisms/ExtendBlade/ExtendedCompilerEngine.php(22): Illuminate\\View\\Engines\\PhpEngine->evaluatePath('/Users/rifkinas...', Array)
#3 /Users/rifkinasss/Documents/workspace/Startup/NasLabs/internal-projects/Blog/vendor/laravel/framework/src/Illuminate/View/Engines/CompilerEngine.php(76): Livewire\\Mechanisms\\ExtendBlade\\ExtendedCompilerEngine->evaluatePath('/Users/rifkinas...', Array)
#4 /Users/rifkinasss/Documents/workspace/Startup/NasLabs/internal-projects/Blog/vendor/livewire/livewire/src/Mechanisms/ExtendBlade/ExtendedCompilerEngine.php(10): Illuminate\\View\\Engines\\CompilerEngine->get('/Users/rifkinas...', Array)
#5 /Users/rifkinasss/Documents/workspace/Startup/NasLabs/internal-projects/Blog/vendor/laravel/framework/src/Illuminate/View/View.php(208): Livewire\\Mechanisms\\ExtendBlade\\ExtendedCompilerEngine->get('/Users/rifkinas...', Array)
#6 /Users/rifkinasss/Documents/workspace/Startup/NasLabs/internal-projects/Blog/vendor/laravel/framework/src/Illuminate/View/View.php(191): Illuminate\\View\\View->getContents()
#7 /Users/rifkinasss/Documents/workspace/Startup/NasLabs/internal-projects/Blog/vendor/laravel/framework/src/Illuminate/View/View.php(160): Illuminate\\View\\View->renderContents()
#8 /Users/rifkinasss/Documents/workspace/Startup/NasLabs/internal-projects/Blog/vendor/laravel/framework/src/Illuminate/Http/Response.php(82): Illuminate\\View\\View->render()
#9 /Users/rifkinasss/Documents/workspace/Startup/NasLabs/internal-projects/Blog/vendor/laravel/framework/src/Illuminate/Http/Response.php(40): Illuminate\\Http\\Response->setContent(Object(Illuminate\\View\\View))
#10 /Users/rifkinasss/Documents/workspace/Startup/NasLabs/internal-projects/Blog/vendor/laravel/framework/src/Illuminate/Routing/Router.php(939): Illuminate\\Http\\Response->__construct(Object(Illuminate\\View\\View), 200, Array)
#11 /Users/rifkinasss/Documents/workspace/Startup/NasLabs/internal-projects/Blog/vendor/laravel/framework/src/Illuminate/Routing/Router.php(906): Illuminate\\Routing\\Router::toResponse(Object(Illuminate\\Http\\Request), Object(Illuminate\\View\\View))
#12 /Users/rifkinasss/Documents/workspace/Startup/NasLabs/internal-projects/Blog/vendor/laravel/framework/src/Illuminate/Routing/Router.php(821): Illuminate\\Routing\\Router->prepareResponse(Object(Illuminate\\Http\\Request), Object(Illuminate\\View\\View))
#13 /Users/rifkinasss/Documents/workspace/Startup/NasLabs/internal-projects/Blog/vendor/laravel/framework/src/Illuminate/Pipeline/Pipeline.php(180): Illuminate\\Routing\\Router->{closure:Illuminate\\Routing\\Router::runRouteWithinStack():821}(Object(Illuminate\\Http\\Request))
#14 /Users/rifkinasss/Documents/workspace/Startup/NasLabs/internal-projects/Blog/vendor/laravel/framework/src/Illuminate/Routing/Middleware/ValidateSignature.php(70): Illuminate\\Pipeline\\Pipeline->{closure:Illuminate\\Pipeline\\Pipeline::prepareDestination():178}(Object(Illuminate\\Http\\Request))
#15 /Users/rifkinasss/Documents/workspace/Startup/NasLabs/internal-projects/Blog/vendor/laravel/framework/src/Illuminate/Pipeline/Pipeline.php(219): Illuminate\\Routing\\Middleware\\ValidateSignature->handle(Object(Illuminate\\Http\\Request), Object(Closure))
#16 /Users/rifkinasss/Documents/workspace/Startup/NasLabs/internal-projects/Blog/vendor/laravel/framework/src/Illuminate/Http/Middleware/AddLinkHeadersForPreloadedAssets.php(32): Illuminate\\Pipeline\\Pipeline->{closure:{closure:Illuminate\\Pipeline\\Pipeline::carry():194}:195}(Object(Illuminate\\Http\\Request))
#17 /Users/rifkinasss/Documents/workspace/Startup/NasLabs/internal-projects/Blog/vendor/laravel/framework/src/Illuminate/Pipeline/Pipeline.php(219): Illuminate\\Http\\Middleware\\AddLinkHeadersForPreloadedAssets->handle(Object(Illuminate\\Http\\Request), Object(Closure))
#18 /Users/rifkinasss/Documents/workspace/Startup/NasLabs/internal-projects/Blog/app/Http/Middleware/ApplySitePreferences.php(20): Illuminate\\Pipeline\\Pipeline->{closure:{closure:Illuminate\\Pipeline\\Pipeline::carry():194}:195}(Object(Illuminate\\Http\\Request))
#19 /Users/rifkinasss/Documents/workspace/Startup/NasLabs/internal-projects/Blog/vendor/laravel/framework/src/Illuminate/Pipeline/Pipeline.php(219): App\\Http\\Middleware\\ApplySitePreferences->handle(Object(Illuminate\\Http\\Request), Object(Closure))
#20 /Users/rifkinasss/Documents/workspace/Startup/NasLabs/internal-projects/Blog/vendor/laravel/framework/src/Illuminate/Routing/Middleware/SubstituteBindings.php(52): Illuminate\\Pipeline\\Pipeline->{closure:{closure:Illuminate\\Pipeline\\Pipeline::carry():194}:195}(Object(Illuminate\\Http\\Request))
#21 /Users/rifkinasss/Documents/workspace/Startup/NasLabs/internal-projects/Blog/vendor/laravel/framework/src/Illuminate/Pipeline/Pipeline.php(219): Illuminate\\Routing\\Middleware\\SubstituteBindings->handle(Object(Illuminate\\Http\\Request), Object(Closure))
#22 /Users/rifkinasss/Documents/workspace/Startup/NasLabs/internal-projects/Blog/vendor/laravel/framework/src/Illuminate/Foundation/Http/Middleware/PreventRequestForgery.php(104): Illuminate\\Pipeline\\Pipeline->{closure:{closure:Illuminate\\Pipeline\\Pipeline::carry():194}:195}(Object(Illuminate\\Http\\Request))
#23 /Users/rifkinasss/Documents/workspace/Startup/NasLabs/internal-projects/Blog/vendor/laravel/framework/src/Illuminate/Pipeline/Pipeline.php(219): Illuminate\\Foundation\\Http\\Middleware\\PreventRequestForgery->handle(Object(Illuminate\\Http\\Request), Object(Closure))
#24 /Users/rifkinasss/Documents/workspace/Startup/NasLabs/internal-projects/Blog/vendor/laravel/framework/src/Illuminate/View/Middleware/ShareErrorsFromSession.php(48): Illuminate\\Pipeline\\Pipeline->{closure:{closure:Illuminate\\Pipeline\\Pipeline::carry():194}:195}(Object(Illuminate\\Http\\Request))
#25 /Users/rifkinasss/Documents/workspace/Startup/NasLabs/internal-projects/Blog/vendor/laravel/framework/src/Illuminate/Pipeline/Pipeline.php(219): Illuminate\\View\\Middleware\\ShareErrorsFromSession->handle(Object(Illuminate\\Http\\Request), Object(Closure))
#26 /Users/rifkinasss/Documents/workspace/Startup/NasLabs/internal-projects/Blog/vendor/laravel/framework/src/Illuminate/Session/Middleware/StartSession.php(120): Illuminate\\Pipeline\\Pipeline->{closure:{closure:Illuminate\\Pipeline\\Pipeline::carry():194}:195}(Object(Illuminate\\Http\\Request))
#27 /Users/rifkinasss/Documents/workspace/Startup/NasLabs/internal-projects/Blog/vendor/laravel/framework/src/Illuminate/Session/Middleware/StartSession.php(63): Illuminate\\Session\\Middleware\\StartSession->handleStatefulRequest(Object(Illuminate\\Http\\Request), Object(Illuminate\\Session\\Store), Object(Closure))
#28 /Users/rifkinasss/Documents/workspace/Startup/NasLabs/internal-projects/Blog/vendor/laravel/framework/src/Illuminate/Pipeline/Pipeline.php(219): Illuminate\\Session\\Middleware\\StartSession->handle(Object(Illuminate\\Http\\Request), Object(Closure))
#29 /Users/rifkinasss/Documents/workspace/Startup/NasLabs/internal-projects/Blog/vendor/laravel/framework/src/Illuminate/Cookie/Middleware/AddQueuedCookiesToResponse.php(36): Illuminate\\Pipeline\\Pipeline->{closure:{closure:Illuminate\\Pipeline\\Pipeline::carry():194}:195}(Object(Illuminate\\Http\\Request))
#30 /Users/rifkinasss/Documents/workspace/Startup/NasLabs/internal-projects/Blog/vendor/laravel/framework/src/Illuminate/Pipeline/Pipeline.php(219): Illuminate\\Cookie\\Middleware\\AddQueuedCookiesToResponse->handle(Object(Illuminate\\Http\\Request), Object(Closure))
#31 /Users/rifkinasss/Documents/workspace/Startup/NasLabs/internal-projects/Blog/vendor/laravel/framework/src/Illuminate/Cookie/Middleware/EncryptCookies.php(74): Illuminate\\Pipeline\\Pipeline->{closure:{closure:Illuminate\\Pipeline\\Pipeline::carry():194}:195}(Object(Illuminate\\Http\\Request))
#32 /Users/rifkinasss/Documents/workspace/Startup/NasLabs/internal-projects/Blog/vendor/laravel/framework/src/Illuminate/Pipeline/Pipeline.php(219): Illuminate\\Cookie\\Middleware\\EncryptCookies->handle(Object(Illuminate\\Http\\Request), Object(Closure))
#33 /Users/rifkinasss/Documents/workspace/Startup/NasLabs/internal-projects/Blog/vendor/laravel/framework/src/Illuminate/Pipeline/Pipeline.php(137): Illuminate\\Pipeline\\Pipeline->{closure:{closure:Illuminate\\Pipeline\\Pipeline::carry():194}:195}(Object(Illuminate\\Http\\Request))
#34 /Users/rifkinasss/Documents/workspace/Startup/NasLabs/internal-projects/Blog/vendor/laravel/framework/src/Illuminate/Routing/Router.php(821): Illuminate\\Pipeline\\Pipeline->then(Object(Closure))
#35 /Users/rifkinasss/Documents/workspace/Startup/NasLabs/internal-projects/Blog/vendor/laravel/framework/src/Illuminate/Routing/Router.php(800): Illuminate\\Routing\\Router->runRouteWithinStack(Object(Illuminate\\Routing\\Route), Object(Illuminate\\Http\\Request))
#36 /Users/rifkinasss/Documents/workspace/Startup/NasLabs/internal-projects/Blog/vendor/laravel/framework/src/Illuminate/Routing/Router.php(764): Illuminate\\Routing\\Router->runRoute(Object(Illuminate\\Http\\Request), Object(Illuminate\\Routing\\Route))
#37 /Users/rifkinasss/Documents/workspace/Startup/NasLabs/internal-projects/Blog/vendor/laravel/framework/src/Illuminate/Routing/Router.php(753): Illuminate\\Routing\\Router->dispatchToRoute(Object(Illuminate\\Http\\Request))
#38 /Users/rifkinasss/Documents/workspace/Startup/NasLabs/internal-projects/Blog/vendor/laravel/framework/src/Illuminate/Foundation/Http/Kernel.php(200): Illuminate\\Routing\\Router->dispatch(Object(Illuminate\\Http\\Request))
#39 /Users/rifkinasss/Documents/workspace/Startup/NasLabs/internal-projects/Blog/vendor/laravel/framework/src/Illuminate/Pipeline/Pipeline.php(180): Illuminate\\Foundation\\Http\\Kernel->{closure:Illuminate\\Foundation\\Http\\Kernel::dispatchToRouter():197}(Object(Illuminate\\Http\\Request))
#40 /Users/rifkinasss/Documents/workspace/Startup/NasLabs/internal-projects/Blog/vendor/livewire/livewire/src/Features/SupportDisablingBackButtonCache/DisableBackButtonCacheMiddleware.php(19): Illuminate\\Pipeline\\Pipeline->{closure:Illuminate\\Pipeline\\Pipeline::prepareDestination():178}(Object(Illuminate\\Http\\Request))
#41 /Users/rifkinasss/Documents/workspace/Startup/NasLabs/internal-projects/Blog/vendor/laravel/framework/src/Illuminate/Pipeline/Pipeline.php(219): Livewire\\Features\\SupportDisablingBackButtonCache\\DisableBackButtonCacheMiddleware->handle(Object(Illuminate\\Http\\Request), Object(Closure))
#42 /Users/rifkinasss/Documents/workspace/Startup/NasLabs/internal-projects/Blog/vendor/laravel/framework/src/Illuminate/Foundation/Http/Middleware/TransformsRequest.php(21): Illuminate\\Pipeline\\Pipeline->{closure:{closure:Illuminate\\Pipeline\\Pipeline::carry():194}:195}(Object(Illuminate\\Http\\Request))
#43 /Users/rifkinasss/Documents/workspace/Startup/NasLabs/internal-projects/Blog/vendor/laravel/framework/src/Illuminate/Foundation/Http/Middleware/ConvertEmptyStringsToNull.php(31): Illuminate\\Foundation\\Http\\Middleware\\TransformsRequest->handle(Object(Illuminate\\Http\\Request), Object(Closure))
#44 /Users/rifkinasss/Documents/workspace/Startup/NasLabs/internal-projects/Blog/vendor/laravel/framework/src/Illuminate/Pipeline/Pipeline.php(219): Illuminate\\Foundation\\Http\\Middleware\\ConvertEmptyStringsToNull->handle(Object(Illuminate\\Http\\Request), Object(Closure))
#45 /Users/rifkinasss/Documents/workspace/Startup/NasLabs/internal-projects/Blog/vendor/laravel/framework/src/Illuminate/Foundation/Http/Middleware/TransformsRequest.php(21): Illuminate\\Pipeline\\Pipeline->{closure:{closure:Illuminate\\Pipeline\\Pipeline::carry():194}:195}(Object(Illuminate\\Http\\Request))
#46 /Users/rifkinasss/Documents/workspace/Startup/NasLabs/internal-projects/Blog/vendor/laravel/framework/src/Illuminate/Foundation/Http/Middleware/TrimStrings.php(51): Illuminate\\Foundation\\Http\\Middleware\\TransformsRequest->handle(Object(Illuminate\\Http\\Request), Object(Closure))
#47 /Users/rifkinasss/Documents/workspace/Startup/NasLabs/internal-projects/Blog/vendor/laravel/framework/src/Illuminate/Pipeline/Pipeline.php(219): Illuminate\\Foundation\\Http\\Middleware\\TrimStrings->handle(Object(Illuminate\\Http\\Request), Object(Closure))
#48 /Users/rifkinasss/Documents/workspace/Startup/NasLabs/internal-projects/Blog/vendor/laravel/framework/src/Illuminate/Http/Middleware/ValidatePostSize.php(27): Illuminate\\Pipeline\\Pipeline->{closure:{closure:Illuminate\\Pipeline\\Pipeline::carry():194}:195}(Object(Illuminate\\Http\\Request))
#49 /Users/rifkinasss/Documents/workspace/Startup/NasLabs/internal-projects/Blog/vendor/laravel/framework/src/Illuminate/Pipeline/Pipeline.php(219): Illuminate\\Http\\Middleware\\ValidatePostSize->handle(Object(Illuminate\\Http\\Request), Object(Closure))
#50 /Users/rifkinasss/Documents/workspace/Startup/NasLabs/internal-projects/Blog/vendor/laravel/framework/src/Illuminate/Foundation/Http/Middleware/PreventRequestsDuringMaintenance.php(110): Illuminate\\Pipeline\\Pipeline->{closure:{closure:Illuminate\\Pipeline\\Pipeline::carry():194}:195}(Object(Illuminate\\Http\\Request))
#51 /Users/rifkinasss/Documents/workspace/Startup/NasLabs/internal-projects/Blog/vendor/laravel/framework/src/Illuminate/Pipeline/Pipeline.php(219): Illuminate\\Foundation\\Http\\Middleware\\PreventRequestsDuringMaintenance->handle(Object(Illuminate\\Http\\Request), Object(Closure))
#52 /Users/rifkinasss/Documents/workspace/Startup/NasLabs/internal-projects/Blog/vendor/laravel/framework/src/Illuminate/Http/Middleware/HandleCors.php(61): Illuminate\\Pipeline\\Pipeline->{closure:{closure:Illuminate\\Pipeline\\Pipeline::carry():194}:195}(Object(Illuminate\\Http\\Request))
#53 /Users/rifkinasss/Documents/workspace/Startup/NasLabs/internal-projects/Blog/vendor/laravel/framework/src/Illuminate/Pipeline/Pipeline.php(219): Illuminate\\Http\\Middleware\\HandleCors->handle(Object(Illuminate\\Http\\Request), Object(Closure))
#54 /Users/rifkinasss/Documents/workspace/Startup/NasLabs/internal-projects/Blog/vendor/laravel/framework/src/Illuminate/Http/Middleware/TrustProxies.php(58): Illuminate\\Pipeline\\Pipeline->{closure:{closure:Illuminate\\Pipeline\\Pipeline::carry():194}:195}(Object(Illuminate\\Http\\Request))
#55 /Users/rifkinasss/Documents/workspace/Startup/NasLabs/internal-projects/Blog/vendor/laravel/framework/src/Illuminate/Pipeline/Pipeline.php(219): Illuminate\\Http\\Middleware\\TrustProxies->handle(Object(Illuminate\\Http\\Request), Object(Closure))
#56 /Users/rifkinasss/Documents/workspace/Startup/NasLabs/internal-projects/Blog/vendor/laravel/framework/src/Illuminate/Foundation/Http/Middleware/InvokeDeferredCallbacks.php(22): Illuminate\\Pipeline\\Pipeline->{closure:{closure:Illuminate\\Pipeline\\Pipeline::carry():194}:195}(Object(Illuminate\\Http\\Request))
#57 /Users/rifkinasss/Documents/workspace/Startup/NasLabs/internal-projects/Blog/vendor/laravel/framework/src/Illuminate/Pipeline/Pipeline.php(219): Illuminate\\Foundation\\Http\\Middleware\\InvokeDeferredCallbacks->handle(Object(Illuminate\\Http\\Request), Object(Closure))
#58 /Users/rifkinasss/Documents/workspace/Startup/NasLabs/internal-projects/Blog/vendor/laravel/framework/src/Illuminate/Http/Middleware/ValidatePathEncoding.php(28): Illuminate\\Pipeline\\Pipeline->{closure:{closure:Illuminate\\Pipeline\\Pipeline::carry():194}:195}(Object(Illuminate\\Http\\Request))
#59 /Users/rifkinasss/Documents/workspace/Startup/NasLabs/internal-projects/Blog/vendor/laravel/framework/src/Illuminate/Pipeline/Pipeline.php(219): Illuminate\\Http\\Middleware\\ValidatePathEncoding->handle(Object(Illuminate\\Http\\Request), Object(Closure))
#60 /Users/rifkinasss/Documents/workspace/Startup/NasLabs/internal-projects/Blog/vendor/laravel/framework/src/Illuminate/Pipeline/Pipeline.php(137): Illuminate\\Pipeline\\Pipeline->{closure:{closure:Illuminate\\Pipeline\\Pipeline::carry():194}:195}(Object(Illuminate\\Http\\Request))
#61 /Users/rifkinasss/Documents/workspace/Startup/NasLabs/internal-projects/Blog/vendor/laravel/framework/src/Illuminate/Foundation/Http/Kernel.php(175): Illuminate\\Pipeline\\Pipeline->then(Object(Closure))
#62 /Users/rifkinasss/Documents/workspace/Startup/NasLabs/internal-projects/Blog/vendor/laravel/framework/src/Illuminate/Foundation/Http/Kernel.php(144): Illuminate\\Foundation\\Http\\Kernel->sendRequestThroughRouter(Object(Illuminate\\Http\\Request))
#63 /Users/rifkinasss/Documents/workspace/Startup/NasLabs/internal-projects/Blog/vendor/laravel/framework/src/Illuminate/Foundation/Testing/Concerns/MakesHttpRequests.php(638): Illuminate\\Foundation\\Http\\Kernel->handle(Object(Illuminate\\Http\\Request))
#64 /Users/rifkinasss/Documents/workspace/Startup/NasLabs/internal-projects/Blog/vendor/laravel/framework/src/Illuminate/Foundation/Testing/Concerns/MakesHttpRequests.php(368): Illuminate\\Foundation\\Testing\\TestCase->call('GET', 'https://blog.ri...', Array, Array, Array, Array)
#65 /Users/rifkinasss/Documents/workspace/Startup/NasLabs/internal-projects/Blog/tests/Feature/AdminFoundationTest.php(43): Illuminate\\Foundation\\Testing\\TestCase->get('https://blog.ri...')
#66 /Users/rifkinasss/Documents/workspace/Startup/NasLabs/internal-projects/Blog/vendor/phpunit/phpunit/src/Framework/TestCase.php(1318): Tests\\Feature\\AdminFoundationTest->test_signed_preview_can_show_a_draft_but_public_route_cannot()
#67 /Users/rifkinasss/Documents/workspace/Startup/NasLabs/internal-projects/Blog/vendor/phpunit/phpunit/src/Framework/TestCase.php(1355): PHPUnit\\Framework\\TestCase->invokeTestMethod('test_signed_pre...', Array)
#68 /Users/rifkinasss/Documents/workspace/Startup/NasLabs/internal-projects/Blog/vendor/phpunit/phpunit/src/Framework/TestCase.php(521): PHPUnit\\Framework\\TestCase->runTest()
#69 /Users/rifkinasss/Documents/workspace/Startup/NasLabs/internal-projects/Blog/vendor/phpunit/phpunit/src/Framework/TestRunner/TestRunner.php(99): PHPUnit\\Framework\\TestCase->runBare()
#70 /Users/rifkinasss/Documents/workspace/Startup/NasLabs/internal-projects/Blog/vendor/phpunit/phpunit/src/Framework/TestCase.php(361): PHPUnit\\Framework\\TestRunner->run(Object(Tests\\Feature\\AdminFoundationTest))
#71 /Users/rifkinasss/Documents/workspace/Startup/NasLabs/internal-projects/Blog/vendor/phpunit/phpunit/src/Framework/TestSuite.php(374): PHPUnit\\Framework\\TestCase->run()
#72 /Users/rifkinasss/Documents/workspace/Startup/NasLabs/internal-projects/Blog/vendor/phpunit/phpunit/src/Framework/TestSuite.php(374): PHPUnit\\Framework\\TestSuite->run()
#73 /Users/rifkinasss/Documents/workspace/Startup/NasLabs/internal-projects/Blog/vendor/phpunit/phpunit/src/Framework/TestSuite.php(374): PHPUnit\\Framework\\TestSuite->run()
#74 /Users/rifkinasss/Documents/workspace/Startup/NasLabs/internal-projects/Blog/vendor/phpunit/phpunit/src/TextUI/TestRunner.php(64): PHPUnit\\Framework\\TestSuite->run()
#75 /Users/rifkinasss/Documents/workspace/Startup/NasLabs/internal-projects/Blog/vendor/phpunit/phpunit/src/TextUI/Application.php(229): PHPUnit\\TextUI\\TestRunner->run(Object(PHPUnit\\TextUI\\Configuration\\Configuration), Object(PHPUnit\\Runner\\ResultCache\\DefaultResultCache), Object(PHPUnit\\Framework\\TestSuite))
#76 /Users/rifkinasss/Documents/workspace/Startup/NasLabs/internal-projects/Blog/vendor/phpunit/phpunit/phpunit(104): PHPUnit\\TextUI\\Application->run(Array)
#77 {main}

[previous exception] [object] (ErrorException(code: 0): Undefined variable $siteName at /Users/rifkinasss/Documents/workspace/Startup/NasLabs/internal-projects/Blog/storage/framework/views/764c5e7e6adb5fe4e376bf2c764c4c6e.php:23)
[stacktrace]
#0 /Users/rifkinasss/Documents/workspace/Startup/NasLabs/internal-projects/Blog/vendor/laravel/framework/src/Illuminate/Foundation/Bootstrap/HandleExceptions.php(265): Illuminate\\Foundation\\Bootstrap\\HandleExceptions->handleError(2, 'Undefined varia...', '/Users/rifkinas...', 23)
#1 /Users/rifkinasss/Documents/workspace/Startup/NasLabs/internal-projects/Blog/storage/framework/views/764c5e7e6adb5fe4e376bf2c764c4c6e.php(23): Illuminate\\Foundation\\Bootstrap\\HandleExceptions->{closure:Illuminate\\Foundation\\Bootstrap\\HandleExceptions::forwardsTo():264}(2, 'Undefined varia...', '/Users/rifkinas...', 23)
#2 /Users/rifkinasss/Documents/workspace/Startup/NasLabs/internal-projects/Blog/vendor/laravel/framework/src/Illuminate/Filesystem/Filesystem.php(123): require('/Users/rifkinas...')
#3 /Users/rifkinasss/Documents/workspace/Startup/NasLabs/internal-projects/Blog/vendor/laravel/framework/src/Illuminate/Filesystem/Filesystem.php(124): Illuminate\\Filesystem\\Filesystem::{closure:Illuminate\\Filesystem\\Filesystem::getRequire():120}()
#4 /Users/rifkinasss/Documents/workspace/Startup/NasLabs/internal-projects/Blog/vendor/laravel/framework/src/Illuminate/View/Engines/PhpEngine.php(57): Illuminate\\Filesystem\\Filesystem->getRequire('/Users/rifkinas...', Array)
#5 /Users/rifkinasss/Documents/workspace/Startup/NasLabs/internal-projects/Blog/vendor/livewire/livewire/src/Mechanisms/ExtendBlade/ExtendedCompilerEngine.php(22): Illuminate\\View\\Engines\\PhpEngine->evaluatePath('/Users/rifkinas...', Array)
#6 /Users/rifkinasss/Documents/workspace/Startup/NasLabs/internal-projects/Blog/vendor/laravel/framework/src/Illuminate/View/Engines/CompilerEngine.php(76): Livewire\\Mechanisms\\ExtendBlade\\ExtendedCompilerEngine->evaluatePath('/Users/rifkinas...', Array)
#7 /Users/rifkinasss/Documents/workspace/Startup/NasLabs/internal-projects/Blog/vendor/livewire/livewire/src/Mechanisms/ExtendBlade/ExtendedCompilerEngine.php(10): Illuminate\\View\\Engines\\CompilerEngine->get('/Users/rifkinas...', Array)
#8 /Users/rifkinasss/Documents/workspace/Startup/NasLabs/internal-projects/Blog/vendor/laravel/framework/src/Illuminate/View/View.php(208): Livewire\\Mechanisms\\ExtendBlade\\ExtendedCompilerEngine->get('/Users/rifkinas...', Array)
#9 /Users/rifkinasss/Documents/workspace/Startup/NasLabs/internal-projects/Blog/vendor/laravel/framework/src/Illuminate/View/View.php(191): Illuminate\\View\\View->getContents()
#10 /Users/rifkinasss/Documents/workspace/Startup/NasLabs/internal-projects/Blog/vendor/laravel/framework/src/Illuminate/View/View.php(160): Illuminate\\View\\View->renderContents()
#11 /Users/rifkinasss/Documents/workspace/Startup/NasLabs/internal-projects/Blog/vendor/laravel/framework/src/Illuminate/Http/Response.php(82): Illuminate\\View\\View->render()
#12 /Users/rifkinasss/Documents/workspace/Startup/NasLabs/internal-projects/Blog/vendor/laravel/framework/src/Illuminate/Http/Response.php(40): Illuminate\\Http\\Response->setContent(Object(Illuminate\\View\\View))
#13 /Users/rifkinasss/Documents/workspace/Startup/NasLabs/internal-projects/Blog/vendor/laravel/framework/src/Illuminate/Routing/Router.php(939): Illuminate\\Http\\Response->__construct(Object(Illuminate\\View\\View), 200, Array)
#14 /Users/rifkinasss/Documents/workspace/Startup/NasLabs/internal-projects/Blog/vendor/laravel/framework/src/Illuminate/Routing/Router.php(906): Illuminate\\Routing\\Router::toResponse(Object(Illuminate\\Http\\Request), Object(Illuminate\\View\\View))
#15 /Users/rifkinasss/Documents/workspace/Startup/NasLabs/internal-projects/Blog/vendor/laravel/framework/src/Illuminate/Routing/Router.php(821): Illuminate\\Routing\\Router->prepareResponse(Object(Illuminate\\Http\\Request), Object(Illuminate\\View\\View))
#16 /Users/rifkinasss/Documents/workspace/Startup/NasLabs/internal-projects/Blog/vendor/laravel/framework/src/Illuminate/Pipeline/Pipeline.php(180): Illuminate\\Routing\\Router->{closure:Illuminate\\Routing\\Router::runRouteWithinStack():821}(Object(Illuminate\\Http\\Request))
#17 /Users/rifkinasss/Documents/workspace/Startup/NasLabs/internal-projects/Blog/vendor/laravel/framework/src/Illuminate/Routing/Middleware/ValidateSignature.php(70): Illuminate\\Pipeline\\Pipeline->{closure:Illuminate\\Pipeline\\Pipeline::prepareDestination():178}(Object(Illuminate\\Http\\Request))
#18 /Users/rifkinasss/Documents/workspace/Startup/NasLabs/internal-projects/Blog/vendor/laravel/framework/src/Illuminate/Pipeline/Pipeline.php(219): Illuminate\\Routing\\Middleware\\ValidateSignature->handle(Object(Illuminate\\Http\\Request), Object(Closure))
#19 /Users/rifkinasss/Documents/workspace/Startup/NasLabs/internal-projects/Blog/vendor/laravel/framework/src/Illuminate/Http/Middleware/AddLinkHeadersForPreloadedAssets.php(32): Illuminate\\Pipeline\\Pipeline->{closure:{closure:Illuminate\\Pipeline\\Pipeline::carry():194}:195}(Object(Illuminate\\Http\\Request))
#20 /Users/rifkinasss/Documents/workspace/Startup/NasLabs/internal-projects/Blog/vendor/laravel/framework/src/Illuminate/Pipeline/Pipeline.php(219): Illuminate\\Http\\Middleware\\AddLinkHeadersForPreloadedAssets->handle(Object(Illuminate\\Http\\Request), Object(Closure))
#21 /Users/rifkinasss/Documents/workspace/Startup/NasLabs/internal-projects/Blog/app/Http/Middleware/ApplySitePreferences.php(20): Illuminate\\Pipeline\\Pipeline->{closure:{closure:Illuminate\\Pipeline\\Pipeline::carry():194}:195}(Object(Illuminate\\Http\\Request))
#22 /Users/rifkinasss/Documents/workspace/Startup/NasLabs/internal-projects/Blog/vendor/laravel/framework/src/Illuminate/Pipeline/Pipeline.php(219): App\\Http\\Middleware\\ApplySitePreferences->handle(Object(Illuminate\\Http\\Request), Object(Closure))
#23 /Users/rifkinasss/Documents/workspace/Startup/NasLabs/internal-projects/Blog/vendor/laravel/framework/src/Illuminate/Routing/Middleware/SubstituteBindings.php(52): Illuminate\\Pipeline\\Pipeline->{closure:{closure:Illuminate\\Pipeline\\Pipeline::carry():194}:195}(Object(Illuminate\\Http\\Request))
#24 /Users/rifkinasss/Documents/workspace/Startup/NasLabs/internal-projects/Blog/vendor/laravel/framework/src/Illuminate/Pipeline/Pipeline.php(219): Illuminate\\Routing\\Middleware\\SubstituteBindings->handle(Object(Illuminate\\Http\\Request), Object(Closure))
#25 /Users/rifkinasss/Documents/workspace/Startup/NasLabs/internal-projects/Blog/vendor/laravel/framework/src/Illuminate/Foundation/Http/Middleware/PreventRequestForgery.php(104): Illuminate\\Pipeline\\Pipeline->{closure:{closure:Illuminate\\Pipeline\\Pipeline::carry():194}:195}(Object(Illuminate\\Http\\Request))
#26 /Users/rifkinasss/Documents/workspace/Startup/NasLabs/internal-projects/Blog/vendor/laravel/framework/src/Illuminate/Pipeline/Pipeline.php(219): Illuminate\\Foundation\\Http\\Middleware\\PreventRequestForgery->handle(Object(Illuminate\\Http\\Request), Object(Closure))
#27 /Users/rifkinasss/Documents/workspace/Startup/NasLabs/internal-projects/Blog/vendor/laravel/framework/src/Illuminate/View/Middleware/ShareErrorsFromSession.php(48): Illuminate\\Pipeline\\Pipeline->{closure:{closure:Illuminate\\Pipeline\\Pipeline::carry():194}:195}(Object(Illuminate\\Http\\Request))
#28 /Users/rifkinasss/Documents/workspace/Startup/NasLabs/internal-projects/Blog/vendor/laravel/framework/src/Illuminate/Pipeline/Pipeline.php(219): Illuminate\\View\\Middleware\\ShareErrorsFromSession->handle(Object(Illuminate\\Http\\Request), Object(Closure))
#29 /Users/rifkinasss/Documents/workspace/Startup/NasLabs/internal-projects/Blog/vendor/laravel/framework/src/Illuminate/Session/Middleware/StartSession.php(120): Illuminate\\Pipeline\\Pipeline->{closure:{closure:Illuminate\\Pipeline\\Pipeline::carry():194}:195}(Object(Illuminate\\Http\\Request))
#30 /Users/rifkinasss/Documents/workspace/Startup/NasLabs/internal-projects/Blog/vendor/laravel/framework/src/Illuminate/Session/Middleware/StartSession.php(63): Illuminate\\Session\\Middleware\\StartSession->handleStatefulRequest(Object(Illuminate\\Http\\Request), Object(Illuminate\\Session\\Store), Object(Closure))
#31 /Users/rifkinasss/Documents/workspace/Startup/NasLabs/internal-projects/Blog/vendor/laravel/framework/src/Illuminate/Pipeline/Pipeline.php(219): Illuminate\\Session\\Middleware\\StartSession->handle(Object(Illuminate\\Http\\Request), Object(Closure))
#32 /Users/rifkinasss/Documents/workspace/Startup/NasLabs/internal-projects/Blog/vendor/laravel/framework/src/Illuminate/Cookie/Middleware/AddQueuedCookiesToResponse.php(36): Illuminate\\Pipeline\\Pipeline->{closure:{closure:Illuminate\\Pipeline\\Pipeline::carry():194}:195}(Object(Illuminate\\Http\\Request))
#33 /Users/rifkinasss/Documents/workspace/Startup/NasLabs/internal-projects/Blog/vendor/laravel/framework/src/Illuminate/Pipeline/Pipeline.php(219): Illuminate\\Cookie\\Middleware\\AddQueuedCookiesToResponse->handle(Object(Illuminate\\Http\\Request), Object(Closure))
#34 /Users/rifkinasss/Documents/workspace/Startup/NasLabs/internal-projects/Blog/vendor/laravel/framework/src/Illuminate/Cookie/Middleware/EncryptCookies.php(74): Illuminate\\Pipeline\\Pipeline->{closure:{closure:Illuminate\\Pipeline\\Pipeline::carry():194}:195}(Object(Illuminate\\Http\\Request))
#35 /Users/rifkinasss/Documents/workspace/Startup/NasLabs/internal-projects/Blog/vendor/laravel/framework/src/Illuminate/Pipeline/Pipeline.php(219): Illuminate\\Cookie\\Middleware\\EncryptCookies->handle(Object(Illuminate\\Http\\Request), Object(Closure))
#36 /Users/rifkinasss/Documents/workspace/Startup/NasLabs/internal-projects/Blog/vendor/laravel/framework/src/Illuminate/Pipeline/Pipeline.php(137): Illuminate\\Pipeline\\Pipeline->{closure:{closure:Illuminate\\Pipeline\\Pipeline::carry():194}:195}(Object(Illuminate\\Http\\Request))
#37 /Users/rifkinasss/Documents/workspace/Startup/NasLabs/internal-projects/Blog/vendor/laravel/framework/src/Illuminate/Routing/Router.php(821): Illuminate\\Pipeline\\Pipeline->then(Object(Closure))
#38 /Users/rifkinasss/Documents/workspace/Startup/NasLabs/internal-projects/Blog/vendor/laravel/framework/src/Illuminate/Routing/Router.php(800): Illuminate\\Routing\\Router->runRouteWithinStack(Object(Illuminate\\Routing\\Route), Object(Illuminate\\Http\\Request))
#39 /Users/rifkinasss/Documents/workspace/Startup/NasLabs/internal-projects/Blog/vendor/laravel/framework/src/Illuminate/Routing/Router.php(764): Illuminate\\Routing\\Router->runRoute(Object(Illuminate\\Http\\Request), Object(Illuminate\\Routing\\Route))
#40 /Users/rifkinasss/Documents/workspace/Startup/NasLabs/internal-projects/Blog/vendor/laravel/framework/src/Illuminate/Routing/Router.php(753): Illuminate\\Routing\\Router->dispatchToRoute(Object(Illuminate\\Http\\Request))
#41 /Users/rifkinasss/Documents/workspace/Startup/NasLabs/internal-projects/Blog/vendor/laravel/framework/src/Illuminate/Foundation/Http/Kernel.php(200): Illuminate\\Routing\\Router->dispatch(Object(Illuminate\\Http\\Request))
#42 /Users/rifkinasss/Documents/workspace/Startup/NasLabs/internal-projects/Blog/vendor/laravel/framework/src/Illuminate/Pipeline/Pipeline.php(180): Illuminate\\Foundation\\Http\\Kernel->{closure:Illuminate\\Foundation\\Http\\Kernel::dispatchToRouter():197}(Object(Illuminate\\Http\\Request))
#43 /Users/rifkinasss/Documents/workspace/Startup/NasLabs/internal-projects/Blog/vendor/livewire/livewire/src/Features/SupportDisablingBackButtonCache/DisableBackButtonCacheMiddleware.php(19): Illuminate\\Pipeline\\Pipeline->{closure:Illuminate\\Pipeline\\Pipeline::prepareDestination():178}(Object(Illuminate\\Http\\Request))
#44 /Users/rifkinasss/Documents/workspace/Startup/NasLabs/internal-projects/Blog/vendor/laravel/framework/src/Illuminate/Pipeline/Pipeline.php(219): Livewire\\Features\\SupportDisablingBackButtonCache\\DisableBackButtonCacheMiddleware->handle(Object(Illuminate\\Http\\Request), Object(Closure))
#45 /Users/rifkinasss/Documents/workspace/Startup/NasLabs/internal-projects/Blog/vendor/laravel/framework/src/Illuminate/Foundation/Http/Middleware/TransformsRequest.php(21): Illuminate\\Pipeline\\Pipeline->{closure:{closure:Illuminate\\Pipeline\\Pipeline::carry():194}:195}(Object(Illuminate\\Http\\Request))
#46 /Users/rifkinasss/Documents/workspace/Startup/NasLabs/internal-projects/Blog/vendor/laravel/framework/src/Illuminate/Foundation/Http/Middleware/ConvertEmptyStringsToNull.php(31): Illuminate\\Foundation\\Http\\Middleware\\TransformsRequest->handle(Object(Illuminate\\Http\\Request), Object(Closure))
#47 /Users/rifkinasss/Documents/workspace/Startup/NasLabs/internal-projects/Blog/vendor/laravel/framework/src/Illuminate/Pipeline/Pipeline.php(219): Illuminate\\Foundation\\Http\\Middleware\\ConvertEmptyStringsToNull->handle(Object(Illuminate\\Http\\Request), Object(Closure))
#48 /Users/rifkinasss/Documents/workspace/Startup/NasLabs/internal-projects/Blog/vendor/laravel/framework/src/Illuminate/Foundation/Http/Middleware/TransformsRequest.php(21): Illuminate\\Pipeline\\Pipeline->{closure:{closure:Illuminate\\Pipeline\\Pipeline::carry():194}:195}(Object(Illuminate\\Http\\Request))
#49 /Users/rifkinasss/Documents/workspace/Startup/NasLabs/internal-projects/Blog/vendor/laravel/framework/src/Illuminate/Foundation/Http/Middleware/TrimStrings.php(51): Illuminate\\Foundation\\Http\\Middleware\\TransformsRequest->handle(Object(Illuminate\\Http\\Request), Object(Closure))
#50 /Users/rifkinasss/Documents/workspace/Startup/NasLabs/internal-projects/Blog/vendor/laravel/framework/src/Illuminate/Pipeline/Pipeline.php(219): Illuminate\\Foundation\\Http\\Middleware\\TrimStrings->handle(Object(Illuminate\\Http\\Request), Object(Closure))
#51 /Users/rifkinasss/Documents/workspace/Startup/NasLabs/internal-projects/Blog/vendor/laravel/framework/src/Illuminate/Http/Middleware/ValidatePostSize.php(27): Illuminate\\Pipeline\\Pipeline->{closure:{closure:Illuminate\\Pipeline\\Pipeline::carry():194}:195}(Object(Illuminate\\Http\\Request))
#52 /Users/rifkinasss/Documents/workspace/Startup/NasLabs/internal-projects/Blog/vendor/laravel/framework/src/Illuminate/Pipeline/Pipeline.php(219): Illuminate\\Http\\Middleware\\ValidatePostSize->handle(Object(Illuminate\\Http\\Request), Object(Closure))
#53 /Users/rifkinasss/Documents/workspace/Startup/NasLabs/internal-projects/Blog/vendor/laravel/framework/src/Illuminate/Foundation/Http/Middleware/PreventRequestsDuringMaintenance.php(110): Illuminate\\Pipeline\\Pipeline->{closure:{closure:Illuminate\\Pipeline\\Pipeline::carry():194}:195}(Object(Illuminate\\Http\\Request))
#54 /Users/rifkinasss/Documents/workspace/Startup/NasLabs/internal-projects/Blog/vendor/laravel/framework/src/Illuminate/Pipeline/Pipeline.php(219): Illuminate\\Foundation\\Http\\Middleware\\PreventRequestsDuringMaintenance->handle(Object(Illuminate\\Http\\Request), Object(Closure))
#55 /Users/rifkinasss/Documents/workspace/Startup/NasLabs/internal-projects/Blog/vendor/laravel/framework/src/Illuminate/Http/Middleware/HandleCors.php(61): Illuminate\\Pipeline\\Pipeline->{closure:{closure:Illuminate\\Pipeline\\Pipeline::carry():194}:195}(Object(Illuminate\\Http\\Request))
#56 /Users/rifkinasss/Documents/workspace/Startup/NasLabs/internal-projects/Blog/vendor/laravel/framework/src/Illuminate/Pipeline/Pipeline.php(219): Illuminate\\Http\\Middleware\\HandleCors->handle(Object(Illuminate\\Http\\Request), Object(Closure))
#57 /Users/rifkinasss/Documents/workspace/Startup/NasLabs/internal-projects/Blog/vendor/laravel/framework/src/Illuminate/Http/Middleware/TrustProxies.php(58): Illuminate\\Pipeline\\Pipeline->{closure:{closure:Illuminate\\Pipeline\\Pipeline::carry():194}:195}(Object(Illuminate\\Http\\Request))
#58 /Users/rifkinasss/Documents/workspace/Startup/NasLabs/internal-projects/Blog/vendor/laravel/framework/src/Illuminate/Pipeline/Pipeline.php(219): Illuminate\\Http\\Middleware\\TrustProxies->handle(Object(Illuminate\\Http\\Request), Object(Closure))
#59 /Users/rifkinasss/Documents/workspace/Startup/NasLabs/internal-projects/Blog/vendor/laravel/framework/src/Illuminate/Foundation/Http/Middleware/InvokeDeferredCallbacks.php(22): Illuminate\\Pipeline\\Pipeline->{closure:{closure:Illuminate\\Pipeline\\Pipeline::carry():194}:195}(Object(Illuminate\\Http\\Request))
#60 /Users/rifkinasss/Documents/workspace/Startup/NasLabs/internal-projects/Blog/vendor/laravel/framework/src/Illuminate/Pipeline/Pipeline.php(219): Illuminate\\Foundation\\Http\\Middleware\\InvokeDeferredCallbacks->handle(Object(Illuminate\\Http\\Request), Object(Closure))
#61 /Users/rifkinasss/Documents/workspace/Startup/NasLabs/internal-projects/Blog/vendor/laravel/framework/src/Illuminate/Http/Middleware/ValidatePathEncoding.php(28): Illuminate\\Pipeline\\Pipeline->{closure:{closure:Illuminate\\Pipeline\\Pipeline::carry():194}:195}(Object(Illuminate\\Http\\Request))
#62 /Users/rifkinasss/Documents/workspace/Startup/NasLabs/internal-projects/Blog/vendor/laravel/framework/src/Illuminate/Pipeline/Pipeline.php(219): Illuminate\\Http\\Middleware\\ValidatePathEncoding->handle(Object(Illuminate\\Http\\Request), Object(Closure))
#63 /Users/rifkinasss/Documents/workspace/Startup/NasLabs/internal-projects/Blog/vendor/laravel/framework/src/Illuminate/Pipeline/Pipeline.php(137): Illuminate\\Pipeline\\Pipeline->{closure:{closure:Illuminate\\Pipeline\\Pipeline::carry():194}:195}(Object(Illuminate\\Http\\Request))
#64 /Users/rifkinasss/Documents/workspace/Startup/NasLabs/internal-projects/Blog/vendor/laravel/framework/src/Illuminate/Foundation/Http/Kernel.php(175): Illuminate\\Pipeline\\Pipeline->then(Object(Closure))
#65 /Users/rifkinasss/Documents/workspace/Startup/NasLabs/internal-projects/Blog/vendor/laravel/framework/src/Illuminate/Foundation/Http/Kernel.php(144): Illuminate\\Foundation\\Http\\Kernel->sendRequestThroughRouter(Object(Illuminate\\Http\\Request))
#66 /Users/rifkinasss/Documents/workspace/Startup/NasLabs/internal-projects/Blog/vendor/laravel/framework/src/Illuminate/Foundation/Testing/Concerns/MakesHttpRequests.php(638): Illuminate\\Foundation\\Http\\Kernel->handle(Object(Illuminate\\Http\\Request))
#67 /Users/rifkinasss/Documents/workspace/Startup/NasLabs/internal-projects/Blog/vendor/laravel/framework/src/Illuminate/Foundation/Testing/Concerns/MakesHttpRequests.php(368): Illuminate\\Foundation\\Testing\\TestCase->call('GET', 'https://blog.ri...', Array, Array, Array, Array)
#68 /Users/rifkinasss/Documents/workspace/Startup/NasLabs/internal-projects/Blog/tests/Feature/AdminFoundationTest.php(43): Illuminate\\Foundation\\Testing\\TestCase->get('https://blog.ri...')
#69 /Users/rifkinasss/Documents/workspace/Startup/NasLabs/internal-projects/Blog/vendor/phpunit/phpunit/src/Framework/TestCase.php(1318): Tests\\Feature\\AdminFoundationTest->test_signed_preview_can_show_a_draft_but_public_route_cannot()
#70 /Users/rifkinasss/Documents/workspace/Startup/NasLabs/internal-projects/Blog/vendor/phpunit/phpunit/src/Framework/TestCase.php(1355): PHPUnit\\Framework\\TestCase->invokeTestMethod('test_signed_pre...', Array)
#71 /Users/rifkinasss/Documents/workspace/Startup/NasLabs/internal-projects/Blog/vendor/phpunit/phpunit/src/Framework/TestCase.php(521): PHPUnit\\Framework\\TestCase->runTest()
#72 /Users/rifkinasss/Documents/workspace/Startup/NasLabs/internal-projects/Blog/vendor/phpunit/phpunit/src/Framework/TestRunner/TestRunner.php(99): PHPUnit\\Framework\\TestCase->runBare()
#73 /Users/rifkinasss/Documents/workspace/Startup/NasLabs/internal-projects/Blog/vendor/phpunit/phpunit/src/Framework/TestCase.php(361): PHPUnit\\Framework\\TestRunner->run(Object(Tests\\Feature\\AdminFoundationTest))
#74 /Users/rifkinasss/Documents/workspace/Startup/NasLabs/internal-projects/Blog/vendor/phpunit/phpunit/src/Framework/TestSuite.php(374): PHPUnit\\Framework\\TestCase->run()
#75 /Users/rifkinasss/Documents/workspace/Startup/NasLabs/internal-projects/Blog/vendor/phpunit/phpunit/src/Framework/TestSuite.php(374): PHPUnit\\Framework\\TestSuite->run()
#76 /Users/rifkinasss/Documents/workspace/Startup/NasLabs/internal-projects/Blog/vendor/phpunit/phpunit/src/Framework/TestSuite.php(374): PHPUnit\\Framework\\TestSuite->run()
#77 /Users/rifkinasss/Documents/workspace/Startup/NasLabs/internal-projects/Blog/vendor/phpunit/phpunit/src/TextUI/TestRunner.php(64): PHPUnit\\Framework\\TestSuite->run()
#78 /Users/rifkinasss/Documents/workspace/Startup/NasLabs/internal-projects/Blog/vendor/phpunit/phpunit/src/TextUI/Application.php(229): PHPUnit\\TextUI\\TestRunner->run(Object(PHPUnit\\TextUI\\Configuration\\Configuration), Object(PHPUnit\\Runner\\ResultCache\\DefaultResultCache), Object(PHPUnit\\Framework\\TestSuite))
#79 /Users/rifkinasss/Documents/workspace/Startup/NasLabs/internal-projects/Blog/vendor/phpunit/phpunit/phpunit(104): PHPUnit\\TextUI\\Application->run(Array)
#80 {main}
"} 
[2026-09-16 13:26:10] local.ERROR: Unable to locate a class or view for component [flux::icon.panel-left-close]. {"exception":"[object] (InvalidArgumentException(code: 0): Unable to locate a class or view for component [flux::icon.panel-left-close]. at /Users/rifkinasss/Documents/workspace/Startup/NasLabs/internal-projects/Blog/vendor/laravel/framework/src/Illuminate/View/Compilers/ComponentTagCompiler.php:315)
[stacktrace]
#0 /Users/rifkinasss/Documents/workspace/Startup/NasLabs/internal-projects/Blog/vendor/laravel/framework/src/Illuminate/View/Compilers/ComponentTagCompiler.php(235): Illuminate\\View\\Compilers\\ComponentTagCompiler->componentClass('flux::icon.pane...')
#1 /Users/rifkinasss/Documents/workspace/Startup/NasLabs/internal-projects/Blog/vendor/livewire/flux/src/FluxTagCompiler.php(25): Illuminate\\View\\Compilers\\ComponentTagCompiler->componentString('flux::icon.pane...', Array)
#2 /Users/rifkinasss/Documents/workspace/Startup/NasLabs/internal-projects/Blog/vendor/livewire/flux/src/FluxTagCompiler.php(161): Flux\\FluxTagCompiler->componentString('flux::icon.pane...', Array)
#3 [internal function]: Flux\\FluxTagCompiler->{closure:Flux\\FluxTagCompiler::compileSelfClosingTags():147}(Array)
#4 /Users/rifkinasss/Documents/workspace/Startup/NasLabs/internal-projects/Blog/vendor/livewire/flux/src/FluxTagCompiler.php(147): preg_replace_callback('/\\n            <...', Object(Closure), '<!doctype html>...')
#5 /Users/rifkinasss/Documents/workspace/Startup/NasLabs/internal-projects/Blog/vendor/laravel/framework/src/Illuminate/View/Compilers/ComponentTagCompiler.php(89): Flux\\FluxTagCompiler->compileSelfClosingTags('<!doctype html>...')
#6 /Users/rifkinasss/Documents/workspace/Startup/NasLabs/internal-projects/Blog/vendor/laravel/framework/src/Illuminate/View/Compilers/ComponentTagCompiler.php(76): Illuminate\\View\\Compilers\\ComponentTagCompiler->compileTags('<!doctype html>...')
#7 /Users/rifkinasss/Documents/workspace/Startup/NasLabs/internal-projects/Blog/vendor/livewire/flux/src/FluxServiceProvider.php(78): Illuminate\\View\\Compilers\\ComponentTagCompiler->compile('<!doctype html>...')
#8 /Users/rifkinasss/Documents/workspace/Startup/NasLabs/internal-projects/Blog/vendor/laravel/framework/src/Illuminate/View/Compilers/BladeCompiler.php(301): Flux\\FluxServiceProvider->{closure:Flux\\FluxServiceProvider::bootTagCompiler():77}('<!doctype html>...')
#9 /Users/rifkinasss/Documents/workspace/Startup/NasLabs/internal-projects/Blog/vendor/laravel/framework/src/Illuminate/View/Compilers/BladeCompiler.php(188): Illuminate\\View\\Compilers\\BladeCompiler->compileString('<!doctype html>...')
#10 /Users/rifkinasss/Documents/workspace/Startup/NasLabs/internal-projects/Blog/vendor/laravel/framework/src/Illuminate/Foundation/Console/ViewCacheCommand.php(64): Illuminate\\View\\Compilers\\BladeCompiler->compile('/Users/rifkinas...')
#11 [internal function]: Illuminate\\Foundation\\Console\\ViewCacheCommand->{closure:Illuminate\\Foundation\\Console\\ViewCacheCommand::compileViews():61}(Object(Symfony\\Component\\Finder\\SplFileInfo), '/Users/rifkinas...')
#12 /Users/rifkinasss/Documents/workspace/Startup/NasLabs/internal-projects/Blog/vendor/laravel/framework/src/Illuminate/Collections/Arr.php(858): array_map(Object(Closure), Array, Array)
#13 /Users/rifkinasss/Documents/workspace/Startup/NasLabs/internal-projects/Blog/vendor/laravel/framework/src/Illuminate/Collections/Collection.php(831): Illuminate\\Support\\Arr::map(Array, Object(Closure))
#14 /Users/rifkinasss/Documents/workspace/Startup/NasLabs/internal-projects/Blog/vendor/laravel/framework/src/Illuminate/Foundation/Console/ViewCacheCommand.php(61): Illuminate\\Support\\Collection->map(Object(Closure))
#15 /Users/rifkinasss/Documents/workspace/Startup/NasLabs/internal-projects/Blog/vendor/laravel/framework/src/Illuminate/Foundation/Console/ViewCacheCommand.php(43): Illuminate\\Foundation\\Console\\ViewCacheCommand->compileViews(Object(Illuminate\\Support\\Collection))
#16 /Users/rifkinasss/Documents/workspace/Startup/NasLabs/internal-projects/Blog/vendor/laravel/framework/src/Illuminate/Collections/Traits/EnumeratesValues.php(275): Illuminate\\Foundation\\Console\\ViewCacheCommand->{closure:Illuminate\\Foundation\\Console\\ViewCacheCommand::handle():38}('/Users/rifkinas...', 0)
#17 /Users/rifkinasss/Documents/workspace/Startup/NasLabs/internal-projects/Blog/vendor/laravel/framework/src/Illuminate/Foundation/Console/ViewCacheCommand.php(38): Illuminate\\Support\\Collection->each(Object(Closure))
#18 /Users/rifkinasss/Documents/workspace/Startup/NasLabs/internal-projects/Blog/vendor/laravel/framework/src/Illuminate/Container/BoundMethod.php(36): Illuminate\\Foundation\\Console\\ViewCacheCommand->handle()
#19 /Users/rifkinasss/Documents/workspace/Startup/NasLabs/internal-projects/Blog/vendor/laravel/framework/src/Illuminate/Container/Util.php(43): Illuminate\\Container\\BoundMethod::{closure:Illuminate\\Container\\BoundMethod::call():35}()
#20 /Users/rifkinasss/Documents/workspace/Startup/NasLabs/internal-projects/Blog/vendor/laravel/framework/src/Illuminate/Container/BoundMethod.php(96): Illuminate\\Container\\Util::unwrapIfClosure(Object(Closure))
#21 /Users/rifkinasss/Documents/workspace/Startup/NasLabs/internal-projects/Blog/vendor/laravel/framework/src/Illuminate/Container/BoundMethod.php(35): Illuminate\\Container\\BoundMethod::callBoundMethod(Object(Illuminate\\Foundation\\Application), Array, Object(Closure))
#22 /Users/rifkinasss/Documents/workspace/Startup/NasLabs/internal-projects/Blog/vendor/laravel/framework/src/Illuminate/Container/Container.php(803): Illuminate\\Container\\BoundMethod::call(Object(Illuminate\\Foundation\\Application), Array, Array, NULL)
#23 /Users/rifkinasss/Documents/workspace/Startup/NasLabs/internal-projects/Blog/vendor/laravel/framework/src/Illuminate/Console/Command.php(292): Illuminate\\Container\\Container->call(Array)
#24 /Users/rifkinasss/Documents/workspace/Startup/NasLabs/internal-projects/Blog/vendor/symfony/console/Command/Command.php(285): Illuminate\\Console\\Command->execute(Object(Symfony\\Component\\Console\\Input\\ArgvInput), Object(Illuminate\\Console\\OutputStyle))
#25 /Users/rifkinasss/Documents/workspace/Startup/NasLabs/internal-projects/Blog/vendor/laravel/framework/src/Illuminate/Console/Command.php(261): Symfony\\Component\\Console\\Command\\Command->run(Object(Symfony\\Component\\Console\\Input\\ArgvInput), Object(Illuminate\\Console\\OutputStyle))
#26 /Users/rifkinasss/Documents/workspace/Startup/NasLabs/internal-projects/Blog/vendor/symfony/console/Application.php(1144): Illuminate\\Console\\Command->run(Object(Symfony\\Component\\Console\\Input\\ArgvInput), Object(Symfony\\Component\\Console\\Output\\ConsoleOutput))
#27 /Users/rifkinasss/Documents/workspace/Startup/NasLabs/internal-projects/Blog/vendor/symfony/console/Application.php(379): Symfony\\Component\\Console\\Application->doRunCommand(Object(Illuminate\\Foundation\\Console\\ViewCacheCommand), Object(Symfony\\Component\\Console\\Input\\ArgvInput), Object(Symfony\\Component\\Console\\Output\\ConsoleOutput))
#28 /Users/rifkinasss/Documents/workspace/Startup/NasLabs/internal-projects/Blog/vendor/symfony/console/Application.php(218): Symfony\\Component\\Console\\Application->doRun(Object(Symfony\\Component\\Console\\Input\\ArgvInput), Object(Symfony\\Component\\Console\\Output\\ConsoleOutput))
#29 /Users/rifkinasss/Documents/workspace/Startup/NasLabs/internal-projects/Blog/vendor/laravel/framework/src/Illuminate/Foundation/Console/Kernel.php(198): Symfony\\Component\\Console\\Application->run(Object(Symfony\\Component\\Console\\Input\\ArgvInput), Object(Symfony\\Component\\Console\\Output\\ConsoleOutput))
#30 /Users/rifkinasss/Documents/workspace/Startup/NasLabs/internal-projects/Blog/vendor/laravel/framework/src/Illuminate/Foundation/Application.php(1242): Illuminate\\Foundation\\Console\\Kernel->handle(Object(Symfony\\Component\\Console\\Input\\ArgvInput), Object(Symfony\\Component\\Console\\Output\\ConsoleOutput))
#31 /Users/rifkinasss/Documents/workspace/Startup/NasLabs/internal-projects/Blog/artisan(16): Illuminate\\Foundation\\Application->handleCommand(Object(Symfony\\Component\\Console\\Input\\ArgvInput))
#32 {main}
"} 
[2026-09-16 14:22:11] local.ERROR: SQLSTATE[08006] [7] connection to server at "127.0.0.1", port 5432 failed: Operation not permitted
	Is the server running on that host and accepting TCP/IP connections? (Connection: pgsql, Host: 127.0.0.1, Port: 5432, Database: naslabs_blog, SQL: select exists (select 1 from pg_class c, pg_namespace n where n.nspname = current_schema() and c.relname = 'migrations' and c.relkind in ('r', 'p') and n.oid = c.relnamespace)) {"exception":"[object] (Illuminate\\Database\\QueryException(code: 7): SQLSTATE[08006] [7] connection to server at \"127.0.0.1\", port 5432 failed: Operation not permitted
\tIs the server running on that host and accepting TCP/IP connections? (Connection: pgsql, Host: 127.0.0.1, Port: 5432, Database: naslabs_blog, SQL: select exists (select 1 from pg_class c, pg_namespace n where n.nspname = current_schema() and c.relname = 'migrations' and c.relkind in ('r', 'p') and n.oid = c.relnamespace)) at /Users/rifkinasss/Documents/workspace/Startup/NasLabs/internal-projects/Blog/vendor/laravel/framework/src/Illuminate/Database/Connection.php:857)
[stacktrace]
#0 /Users/rifkinasss/Documents/workspace/Startup/NasLabs/internal-projects/Blog/vendor/laravel/framework/src/Illuminate/Database/Connection.php(813): Illuminate\\Database\\Connection->runQueryCallback('select exists (...', Array, Object(Closure))
#1 /Users/rifkinasss/Documents/workspace/Startup/NasLabs/internal-projects/Blog/vendor/laravel/framework/src/Illuminate/Database/Connection.php(426): Illuminate\\Database\\Connection->run('select exists (...', Array, Object(Closure))
#2 /Users/rifkinasss/Documents/workspace/Startup/NasLabs/internal-projects/Blog/vendor/laravel/framework/src/Illuminate/Database/Connection.php(371): Illuminate\\Database\\Connection->select('select exists (...', Array, true)
#3 /Users/rifkinasss/Documents/workspace/Startup/NasLabs/internal-projects/Blog/vendor/laravel/framework/src/Illuminate/Database/Connection.php(388): Illuminate\\Database\\Connection->selectOne('select exists (...', Array, true)
#4 /Users/rifkinasss/Documents/workspace/Startup/NasLabs/internal-projects/Blog/vendor/laravel/framework/src/Illuminate/Database/Schema/Builder.php(176): Illuminate\\Database\\Connection->scalar('select exists (...')
#5 /Users/rifkinasss/Documents/workspace/Startup/NasLabs/internal-projects/Blog/vendor/laravel/framework/src/Illuminate/Database/Migrations/DatabaseMigrationRepository.php(185): Illuminate\\Database\\Schema\\Builder->hasTable('migrations')
#6 /Users/rifkinasss/Documents/workspace/Startup/NasLabs/internal-projects/Blog/vendor/laravel/framework/src/Illuminate/Database/Migrations/Migrator.php(797): Illuminate\\Database\\Migrations\\DatabaseMigrationRepository->repositoryExists()
#7 /Users/rifkinasss/Documents/workspace/Startup/NasLabs/internal-projects/Blog/vendor/laravel/framework/src/Illuminate/Database/Console/Migrations/MigrateCommand.php(166): Illuminate\\Database\\Migrations\\Migrator->repositoryExists()
#8 /Users/rifkinasss/Documents/workspace/Startup/NasLabs/internal-projects/Blog/vendor/laravel/framework/src/Illuminate/Support/helpers.php(328): Illuminate\\Database\\Console\\Migrations\\MigrateCommand->{closure:Illuminate\\Database\\Console\\Migrations\\MigrateCommand::repositoryExists():166}(1)
#9 /Users/rifkinasss/Documents/workspace/Startup/NasLabs/internal-projects/Blog/vendor/laravel/framework/src/Illuminate/Database/Console/Migrations/MigrateCommand.php(166): retry(1, Object(Closure), 0, Object(Closure))
#10 /Users/rifkinasss/Documents/workspace/Startup/NasLabs/internal-projects/Blog/vendor/laravel/framework/src/Illuminate/Database/Console/Migrations/MigrateCommand.php(142): Illuminate\\Database\\Console\\Migrations\\MigrateCommand->repositoryExists()
#11 /Users/rifkinasss/Documents/workspace/Startup/NasLabs/internal-projects/Blog/vendor/laravel/framework/src/Illuminate/Database/Console/Migrations/MigrateCommand.php(112): Illuminate\\Database\\Console\\Migrations\\MigrateCommand->prepareDatabase()
#12 /Users/rifkinasss/Documents/workspace/Startup/NasLabs/internal-projects/Blog/vendor/laravel/framework/src/Illuminate/Database/Migrations/Migrator.php(672): Illuminate\\Database\\Console\\Migrations\\MigrateCommand->{closure:Illuminate\\Database\\Console\\Migrations\\MigrateCommand::runMigrations():111}()
#13 /Users/rifkinasss/Documents/workspace/Startup/NasLabs/internal-projects/Blog/vendor/laravel/framework/src/Illuminate/Database/Console/Migrations/MigrateCommand.php(111): Illuminate\\Database\\Migrations\\Migrator->usingConnection(NULL, Object(Closure))
#14 /Users/rifkinasss/Documents/workspace/Startup/NasLabs/internal-projects/Blog/vendor/laravel/framework/src/Illuminate/Database/Console/Migrations/MigrateCommand.php(90): Illuminate\\Database\\Console\\Migrations\\MigrateCommand->runMigrations()
#15 /Users/rifkinasss/Documents/workspace/Startup/NasLabs/internal-projects/Blog/vendor/laravel/framework/src/Illuminate/Container/BoundMethod.php(36): Illuminate\\Database\\Console\\Migrations\\MigrateCommand->handle()
#16 /Users/rifkinasss/Documents/workspace/Startup/NasLabs/internal-projects/Blog/vendor/laravel/framework/src/Illuminate/Container/Util.php(43): Illuminate\\Container\\BoundMethod::{closure:Illuminate\\Container\\BoundMethod::call():35}()
#17 /Users/rifkinasss/Documents/workspace/Startup/NasLabs/internal-projects/Blog/vendor/laravel/framework/src/Illuminate/Container/BoundMethod.php(96): Illuminate\\Container\\Util::unwrapIfClosure(Object(Closure))
#18 /Users/rifkinasss/Documents/workspace/Startup/NasLabs/internal-projects/Blog/vendor/laravel/framework/src/Illuminate/Container/BoundMethod.php(35): Illuminate\\Container\\BoundMethod::callBoundMethod(Object(Illuminate\\Foundation\\Application), Array, Object(Closure))
#19 /Users/rifkinasss/Documents/workspace/Startup/NasLabs/internal-projects/Blog/vendor/laravel/framework/src/Illuminate/Container/Container.php(803): Illuminate\\Container\\BoundMethod::call(Object(Illuminate\\Foundation\\Application), Array, Array, NULL)
#20 /Users/rifkinasss/Documents/workspace/Startup/NasLabs/internal-projects/Blog/vendor/laravel/framework/src/Illuminate/Console/Command.php(292): Illuminate\\Container\\Container->call(Array)
#21 /Users/rifkinasss/Documents/workspace/Startup/NasLabs/internal-projects/Blog/vendor/symfony/console/Command/Command.php(285): Illuminate\\Console\\Command->execute(Object(Symfony\\Component\\Console\\Input\\ArgvInput), Object(Illuminate\\Console\\OutputStyle))
#22 /Users/rifkinasss/Documents/workspace/Startup/NasLabs/internal-projects/Blog/vendor/laravel/framework/src/Illuminate/Console/Command.php(261): Symfony\\Component\\Console\\Command\\Command->run(Object(Symfony\\Component\\Console\\Input\\ArgvInput), Object(Illuminate\\Console\\OutputStyle))
#23 /Users/rifkinasss/Documents/workspace/Startup/NasLabs/internal-projects/Blog/vendor/symfony/console/Application.php(1144): Illuminate\\Console\\Command->run(Object(Symfony\\Component\\Console\\Input\\ArgvInput), Object(Symfony\\Component\\Console\\Output\\ConsoleOutput))
#24 /Users/rifkinasss/Documents/workspace/Startup/NasLabs/internal-projects/Blog/vendor/symfony/console/Application.php(379): Symfony\\Component\\Console\\Application->doRunCommand(Object(Illuminate\\Database\\Console\\Migrations\\MigrateCommand), Object(Symfony\\Component\\Console\\Input\\ArgvInput), Object(Symfony\\Component\\Console\\Output\\ConsoleOutput))
#25 /Users/rifkinasss/Documents/workspace/Startup/NasLabs/internal-projects/Blog/vendor/symfony/console/Application.php(218): Symfony\\Component\\Console\\Application->doRun(Object(Symfony\\Component\\Console\\Input\\ArgvInput), Object(Symfony\\Component\\Console\\Output\\ConsoleOutput))
#26 /Users/rifkinasss/Documents/workspace/Startup/NasLabs/internal-projects/Blog/vendor/laravel/framework/src/Illuminate/Foundation/Console/Kernel.php(198): Symfony\\Component\\Console\\Application->run(Object(Symfony\\Component\\Console\\Input\\ArgvInput), Object(Symfony\\Component\\Console\\Output\\ConsoleOutput))
#27 /Users/rifkinasss/Documents/workspace/Startup/NasLabs/internal-projects/Blog/vendor/laravel/framework/src/Illuminate/Foundation/Application.php(1242): Illuminate\\Foundation\\Console\\Kernel->handle(Object(Symfony\\Component\\Console\\Input\\ArgvInput), Object(Symfony\\Component\\Console\\Output\\ConsoleOutput))
#28 /Users/rifkinasss/Documents/workspace/Startup/NasLabs/internal-projects/Blog/artisan(16): Illuminate\\Foundation\\Application->handleCommand(Object(Symfony\\Component\\Console\\Input\\ArgvInput))
#29 {main}

[previous exception] [object] (PDOException(code: 7): SQLSTATE[08006] [7] connection to server at \"127.0.0.1\", port 5432 failed: Operation not permitted
\tIs the server running on that host and accepting TCP/IP connections? at /Users/rifkinasss/Documents/workspace/Startup/NasLabs/internal-projects/Blog/vendor/laravel/framework/src/Illuminate/Database/Connectors/Connector.php:67)
[stacktrace]
#0 /Users/rifkinasss/Documents/workspace/Startup/NasLabs/internal-projects/Blog/vendor/laravel/framework/src/Illuminate/Database/Connectors/Connector.php(67): PDO::connect('pgsql:host=127....', 'naslabs', Object(SensitiveParameterValue), Array)
#1 /Users/rifkinasss/Documents/workspace/Startup/NasLabs/internal-projects/Blog/vendor/laravel/framework/src/Illuminate/Database/Connectors/Connector.php(44): Illuminate\\Database\\Connectors\\Connector->createPdoConnection('pgsql:host=127....', 'naslabs', Object(SensitiveParameterValue), Array)
#2 /Users/rifkinasss/Documents/workspace/Startup/NasLabs/internal-projects/Blog/vendor/laravel/framework/src/Illuminate/Database/Connectors/PostgresConnector.php(35): Illuminate\\Database\\Connectors\\Connector->createConnection('pgsql:host=127....', Array, Array)
#3 /Users/rifkinasss/Documents/workspace/Startup/NasLabs/internal-projects/Blog/vendor/laravel/framework/src/Illuminate/Database/Connectors/ConnectionFactory.php(220): Illuminate\\Database\\Connectors\\PostgresConnector->connect(Array)
#4 [internal function]: Illuminate\\Database\\Connectors\\ConnectionFactory->{closure:Illuminate\\Database\\Connectors\\ConnectionFactory::createPdoResolverWithHosts():213}()
#5 /Users/rifkinasss/Documents/workspace/Startup/NasLabs/internal-projects/Blog/vendor/laravel/framework/src/Illuminate/Database/Connection.php(1298): call_user_func(Object(Closure))
#6 /Users/rifkinasss/Documents/workspace/Startup/NasLabs/internal-projects/Blog/vendor/laravel/framework/src/Illuminate/Database/Connection.php(1336): Illuminate\\Database\\Connection->getPdo()
#7 /Users/rifkinasss/Documents/workspace/Startup/NasLabs/internal-projects/Blog/vendor/laravel/framework/src/Illuminate/Database/Connection.php(542): Illuminate\\Database\\Connection->getReadPdo()
#8 /Users/rifkinasss/Documents/workspace/Startup/NasLabs/internal-projects/Blog/vendor/laravel/framework/src/Illuminate/Database/Connection.php(435): Illuminate\\Database\\Connection->getPdoForSelect(true)
#9 /Users/rifkinasss/Documents/workspace/Startup/NasLabs/internal-projects/Blog/vendor/laravel/framework/src/Illuminate/Database/Connection.php(846): Illuminate\\Database\\Connection->{closure:Illuminate\\Database\\Connection::select():426}('select exists (...', Array)
#10 /Users/rifkinasss/Documents/workspace/Startup/NasLabs/internal-projects/Blog/vendor/laravel/framework/src/Illuminate/Database/Connection.php(813): Illuminate\\Database\\Connection->runQueryCallback('select exists (...', Array, Object(Closure))
#11 /Users/rifkinasss/Documents/workspace/Startup/NasLabs/internal-projects/Blog/vendor/laravel/framework/src/Illuminate/Database/Connection.php(426): Illuminate\\Database\\Connection->run('select exists (...', Array, Object(Closure))
#12 /Users/rifkinasss/Documents/workspace/Startup/NasLabs/internal-projects/Blog/vendor/laravel/framework/src/Illuminate/Database/Connection.php(371): Illuminate\\Database\\Connection->select('select exists (...', Array, true)
#13 /Users/rifkinasss/Documents/workspace/Startup/NasLabs/internal-projects/Blog/vendor/laravel/framework/src/Illuminate/Database/Connection.php(388): Illuminate\\Database\\Connection->selectOne('select exists (...', Array, true)
#14 /Users/rifkinasss/Documents/workspace/Startup/NasLabs/internal-projects/Blog/vendor/laravel/framework/src/Illuminate/Database/Schema/Builder.php(176): Illuminate\\Database\\Connection->scalar('select exists (...')
#15 /Users/rifkinasss/Documents/workspace/Startup/NasLabs/internal-projects/Blog/vendor/laravel/framework/src/Illuminate/Database/Migrations/DatabaseMigrationRepository.php(185): Illuminate\\Database\\Schema\\Builder->hasTable('migrations')
#16 /Users/rifkinasss/Documents/workspace/Startup/NasLabs/internal-projects/Blog/vendor/laravel/framework/src/Illuminate/Database/Migrations/Migrator.php(797): Illuminate\\Database\\Migrations\\DatabaseMigrationRepository->repositoryExists()
#17 /Users/rifkinasss/Documents/workspace/Startup/NasLabs/internal-projects/Blog/vendor/laravel/framework/src/Illuminate/Database/Console/Migrations/MigrateCommand.php(166): Illuminate\\Database\\Migrations\\Migrator->repositoryExists()
#18 /Users/rifkinasss/Documents/workspace/Startup/NasLabs/internal-projects/Blog/vendor/laravel/framework/src/Illuminate/Support/helpers.php(328): Illuminate\\Database\\Console\\Migrations\\MigrateCommand->{closure:Illuminate\\Database\\Console\\Migrations\\MigrateCommand::repositoryExists():166}(1)
#19 /Users/rifkinasss/Documents/workspace/Startup/NasLabs/internal-projects/Blog/vendor/laravel/framework/src/Illuminate/Database/Console/Migrations/MigrateCommand.php(166): retry(1, Object(Closure), 0, Object(Closure))
#20 /Users/rifkinasss/Documents/workspace/Startup/NasLabs/internal-projects/Blog/vendor/laravel/framework/src/Illuminate/Database/Console/Migrations/MigrateCommand.php(142): Illuminate\\Database\\Console\\Migrations\\MigrateCommand->repositoryExists()
#21 /Users/rifkinasss/Documents/workspace/Startup/NasLabs/internal-projects/Blog/vendor/laravel/framework/src/Illuminate/Database/Console/Migrations/MigrateCommand.php(112): Illuminate\\Database\\Console\\Migrations\\MigrateCommand->prepareDatabase()
#22 /Users/rifkinasss/Documents/workspace/Startup/NasLabs/internal-projects/Blog/vendor/laravel/framework/src/Illuminate/Database/Migrations/Migrator.php(672): Illuminate\\Database\\Console\\Migrations\\MigrateCommand->{closure:Illuminate\\Database\\Console\\Migrations\\MigrateCommand::runMigrations():111}()
#23 /Users/rifkinasss/Documents/workspace/Startup/NasLabs/internal-projects/Blog/vendor/laravel/framework/src/Illuminate/Database/Console/Migrations/MigrateCommand.php(111): Illuminate\\Database\\Migrations\\Migrator->usingConnection(NULL, Object(Closure))
#24 /Users/rifkinasss/Documents/workspace/Startup/NasLabs/internal-projects/Blog/vendor/laravel/framework/src/Illuminate/Database/Console/Migrations/MigrateCommand.php(90): Illuminate\\Database\\Console\\Migrations\\MigrateCommand->runMigrations()
#25 /Users/rifkinasss/Documents/workspace/Startup/NasLabs/internal-projects/Blog/vendor/laravel/framework/src/Illuminate/Container/BoundMethod.php(36): Illuminate\\Database\\Console\\Migrations\\MigrateCommand->handle()
#26 /Users/rifkinasss/Documents/workspace/Startup/NasLabs/internal-projects/Blog/vendor/laravel/framework/src/Illuminate/Container/Util.php(43): Illuminate\\Container\\BoundMethod::{closure:Illuminate\\Container\\BoundMethod::call():35}()
#27 /Users/rifkinasss/Documents/workspace/Startup/NasLabs/internal-projects/Blog/vendor/laravel/framework/src/Illuminate/Container/BoundMethod.php(96): Illuminate\\Container\\Util::unwrapIfClosure(Object(Closure))
#28 /Users/rifkinasss/Documents/workspace/Startup/NasLabs/internal-projects/Blog/vendor/laravel/framework/src/Illuminate/Container/BoundMethod.php(35): Illuminate\\Container\\BoundMethod::callBoundMethod(Object(Illuminate\\Foundation\\Application), Array, Object(Closure))
#29 /Users/rifkinasss/Documents/workspace/Startup/NasLabs/internal-projects/Blog/vendor/laravel/framework/src/Illuminate/Container/Container.php(803): Illuminate\\Container\\BoundMethod::call(Object(Illuminate\\Foundation\\Application), Array, Array, NULL)
#30 /Users/rifkinasss/Documents/workspace/Startup/NasLabs/internal-projects/Blog/vendor/laravel/framework/src/Illuminate/Console/Command.php(292): Illuminate\\Container\\Container->call(Array)
#31 /Users/rifkinasss/Documents/workspace/Startup/NasLabs/internal-projects/Blog/vendor/symfony/console/Command/Command.php(285): Illuminate\\Console\\Command->execute(Object(Symfony\\Component\\Console\\Input\\ArgvInput), Object(Illuminate\\Console\\OutputStyle))
#32 /Users/rifkinasss/Documents/workspace/Startup/NasLabs/internal-projects/Blog/vendor/laravel/framework/src/Illuminate/Console/Command.php(261): Symfony\\Component\\Console\\Command\\Command->run(Object(Symfony\\Component\\Console\\Input\\ArgvInput), Object(Illuminate\\Console\\OutputStyle))
#33 /Users/rifkinasss/Documents/workspace/Startup/NasLabs/internal-projects/Blog/vendor/symfony/console/Application.php(1144): Illuminate\\Console\\Command->run(Object(Symfony\\Component\\Console\\Input\\ArgvInput), Object(Symfony\\Component\\Console\\Output\\ConsoleOutput))
#34 /Users/rifkinasss/Documents/workspace/Startup/NasLabs/internal-projects/Blog/vendor/symfony/console/Application.php(379): Symfony\\Component\\Console\\Application->doRunCommand(Object(Illuminate\\Database\\Console\\Migrations\\MigrateCommand), Object(Symfony\\Component\\Console\\Input\\ArgvInput), Object(Symfony\\Component\\Console\\Output\\ConsoleOutput))
#35 /Users/rifkinasss/Documents/workspace/Startup/NasLabs/internal-projects/Blog/vendor/symfony/console/Application.php(218): Symfony\\Component\\Console\\Application->doRun(Object(Symfony\\Component\\Console\\Input\\ArgvInput), Object(Symfony\\Component\\Console\\Output\\ConsoleOutput))
#36 /Users/rifkinasss/Documents/workspace/Startup/NasLabs/internal-projects/Blog/vendor/laravel/framework/src/Illuminate/Foundation/Console/Kernel.php(198): Symfony\\Component\\Console\\Application->run(Object(Symfony\\Component\\Console\\Input\\ArgvInput), Object(Symfony\\Component\\Console\\Output\\ConsoleOutput))
#37 /Users/rifkinasss/Documents/workspace/Startup/NasLabs/internal-projects/Blog/vendor/laravel/framework/src/Illuminate/Foundation/Application.php(1242): Illuminate\\Foundation\\Console\\Kernel->handle(Object(Symfony\\Component\\Console\\Input\\ArgvInput), Object(Symfony\\Component\\Console\\Output\\ConsoleOutput))
#38 /Users/rifkinasss/Documents/workspace/Startup/NasLabs/internal-projects/Blog/artisan(16): Illuminate\\Foundation\\Application->handleCommand(Object(Symfony\\Component\\Console\\Input\\ArgvInput))
#39 {main}
"} 
[2026-09-16 23:11:46] local.ERROR: SQLSTATE[42703]: Undefined column: 7 ERROR:  column "scheduled_at" does not exist
LINE 1: select * from "articles" where "status" = $1 and "scheduled_...
                                                         ^ (Connection: pgsql, Host: 127.0.0.1, Port: 5432, Database: naslabs_blog, SQL: select * from "articles" where "status" = scheduled and "scheduled_at" is not null order by "scheduled_at" asc limit 1) {"userId":1,"exception":"[object] (Illuminate\\Database\\QueryException(code: 42703): SQLSTATE[42703]: Undefined column: 7 ERROR:  column \"scheduled_at\" does not exist
LINE 1: select * from \"articles\" where \"status\" = $1 and \"scheduled_...
                                                         ^ (Connection: pgsql, Host: 127.0.0.1, Port: 5432, Database: naslabs_blog, SQL: select * from \"articles\" where \"status\" = scheduled and \"scheduled_at\" is not null order by \"scheduled_at\" asc limit 1) at /Users/rifkinasss/Documents/workspace/Startup/NasLabs/internal-projects/Blog/vendor/laravel/framework/src/Illuminate/Database/Connection.php:857)
[stacktrace]
#0 /Users/rifkinasss/Documents/workspace/Startup/NasLabs/internal-projects/Blog/vendor/laravel/framework/src/Illuminate/Database/Connection.php(813): Illuminate\\Database\\Connection->runQueryCallback('select * from \"...', Array, Object(Closure))
#1 /Users/rifkinasss/Documents/workspace/Startup/NasLabs/internal-projects/Blog/vendor/laravel/framework/src/Illuminate/Database/Connection.php(426): Illuminate\\Database\\Connection->run('select * from \"...', Array, Object(Closure))
#2 /Users/rifkinasss/Documents/workspace/Startup/NasLabs/internal-projects/Blog/vendor/laravel/framework/src/Illuminate/Database/Query/Builder.php(3629): Illuminate\\Database\\Connection->select('select * from \"...', Array, true, Array)
#3 /Users/rifkinasss/Documents/workspace/Startup/NasLabs/internal-projects/Blog/vendor/laravel/framework/src/Illuminate/Database/Query/Builder.php(3613): Illuminate\\Database\\Query\\Builder->runSelect()
#4 /Users/rifkinasss/Documents/workspace/Startup/NasLabs/internal-projects/Blog/vendor/laravel/framework/src/Illuminate/Database/Eloquent/Builder.php(931): Illuminate\\Database\\Query\\Builder->get(Array)
#5 /Users/rifkinasss/Documents/workspace/Startup/NasLabs/internal-projects/Blog/vendor/laravel/framework/src/Illuminate/Database/Eloquent/Builder.php(913): Illuminate\\Database\\Eloquent\\Builder->getModels(Array)
#6 /Users/rifkinasss/Documents/workspace/Startup/NasLabs/internal-projects/Blog/vendor/laravel/framework/src/Illuminate/Database/Concerns/BuildsQueries.php(408): Illuminate\\Database\\Eloquent\\Builder->get(Array)
#7 /Users/rifkinasss/Documents/workspace/Startup/NasLabs/internal-projects/Blog/app/Livewire/Dashboard/DashboardOverview.php(141): Illuminate\\Database\\Eloquent\\Builder->first()
#8 /Users/rifkinasss/Documents/workspace/Startup/NasLabs/internal-projects/Blog/vendor/laravel/framework/src/Illuminate/Container/BoundMethod.php(36): App\\Livewire\\Dashboard\\DashboardOverview->render()
#9 /Users/rifkinasss/Documents/workspace/Startup/NasLabs/internal-projects/Blog/vendor/laravel/framework/src/Illuminate/Container/Util.php(43): Illuminate\\Container\\BoundMethod::{closure:Illuminate\\Container\\BoundMethod::call():35}()
#10 /Users/rifkinasss/Documents/workspace/Startup/NasLabs/internal-projects/Blog/vendor/laravel/framework/src/Illuminate/Container/BoundMethod.php(96): Illuminate\\Container\\Util::unwrapIfClosure(Object(Closure))
#11 /Users/rifkinasss/Documents/workspace/Startup/NasLabs/internal-projects/Blog/vendor/laravel/framework/src/Illuminate/Container/BoundMethod.php(35): Illuminate\\Container\\BoundMethod::callBoundMethod(Object(Illuminate\\Foundation\\Application), Array, Object(Closure))
#12 /Users/rifkinasss/Documents/workspace/Startup/NasLabs/internal-projects/Blog/vendor/livewire/livewire/src/Wrapped.php(23): Illuminate\\Container\\BoundMethod::call(Object(Illuminate\\Foundation\\Application), Array, Array)
#13 /Users/rifkinasss/Documents/workspace/Startup/NasLabs/internal-projects/Blog/vendor/livewire/livewire/src/Mechanisms/HandleComponents/HandleComponents.php(366): Livewire\\Wrapped->__call('render', Array)
#14 /Users/rifkinasss/Documents/workspace/Startup/NasLabs/internal-projects/Blog/vendor/livewire/livewire/src/Mechanisms/HandleComponents/HandleComponents.php(323): Livewire\\Mechanisms\\HandleComponents\\HandleComponents->getView(Object(App\\Livewire\\Dashboard\\DashboardOverview))
#15 /Users/rifkinasss/Documents/workspace/Startup/NasLabs/internal-projects/Blog/vendor/livewire/livewire/src/Mechanisms/HandleComponents/HandleComponents.php(65): Livewire\\Mechanisms\\HandleComponents\\HandleComponents->render(Object(App\\Livewire\\Dashboard\\DashboardOverview), '<div></div>')
#16 /Users/rifkinasss/Documents/workspace/Startup/NasLabs/internal-projects/Blog/vendor/livewire/livewire/src/LivewireManager.php(103): Livewire\\Mechanisms\\HandleComponents\\HandleComponents->mount('App\\\\Livewire\\\\Da...', Array, NULL, Array)
#17 /Users/rifkinasss/Documents/workspace/Startup/NasLabs/internal-projects/Blog/vendor/livewire/livewire/src/Features/SupportPageComponents/HandlesPageComponents.php(19): Livewire\\LivewireManager->mount('App\\\\Livewire\\\\Da...', Array)
#18 /Users/rifkinasss/Documents/workspace/Startup/NasLabs/internal-projects/Blog/vendor/livewire/livewire/src/Features/SupportPageComponents/SupportPageComponents.php(119): Livewire\\Component->{closure:Livewire\\Features\\SupportPageComponents\\HandlesPageComponents::__invoke():14}()
#19 /Users/rifkinasss/Documents/workspace/Startup/NasLabs/internal-projects/Blog/vendor/livewire/livewire/src/Features/SupportPageComponents/HandlesPageComponents.php(14): Livewire\\Features\\SupportPageComponents\\SupportPageComponents::interceptTheRenderOfTheComponentAndRetreiveTheLayoutConfiguration(Object(Closure))
#20 /Users/rifkinasss/Documents/workspace/Startup/NasLabs/internal-projects/Blog/vendor/laravel/framework/src/Illuminate/Routing/ControllerDispatcher.php(46): Livewire\\Component->__invoke()
#21 /Users/rifkinasss/Documents/workspace/Startup/NasLabs/internal-projects/Blog/vendor/laravel/framework/src/Illuminate/Routing/Route.php(276): Illuminate\\Routing\\ControllerDispatcher->dispatch(Object(Illuminate\\Routing\\Route), Object(App\\Livewire\\Dashboard\\DashboardOverview), '__invoke')
#22 /Users/rifkinasss/Documents/workspace/Startup/NasLabs/internal-projects/Blog/vendor/laravel/framework/src/Illuminate/Routing/Route.php(216): Illuminate\\Routing\\Route->runController()
#23 /Users/rifkinasss/Documents/workspace/Startup/NasLabs/internal-projects/Blog/vendor/laravel/framework/src/Illuminate/Routing/Router.php(822): Illuminate\\Routing\\Route->run()
#24 /Users/rifkinasss/Documents/workspace/Startup/NasLabs/internal-projects/Blog/vendor/laravel/framework/src/Illuminate/Pipeline/Pipeline.php(180): Illuminate\\Routing\\Router->{closure:Illuminate\\Routing\\Router::runRouteWithinStack():821}(Object(Illuminate\\Http\\Request))
#25 /Users/rifkinasss/Documents/workspace/Startup/NasLabs/internal-projects/Blog/vendor/laravel/framework/src/Illuminate/Http/Middleware/AddLinkHeadersForPreloadedAssets.php(32): Illuminate\\Pipeline\\Pipeline->{closure:Illuminate\\Pipeline\\Pipeline::prepareDestination():178}(Object(Illuminate\\Http\\Request))
#26 /Users/rifkinasss/Documents/workspace/Startup/NasLabs/internal-projects/Blog/vendor/laravel/framework/src/Illuminate/Pipeline/Pipeline.php(219): Illuminate\\Http\\Middleware\\AddLinkHeadersForPreloadedAssets->handle(Object(Illuminate\\Http\\Request), Object(Closure))
#27 /Users/rifkinasss/Documents/workspace/Startup/NasLabs/internal-projects/Blog/app/Http/Middleware/ApplySitePreferences.php(20): Illuminate\\Pipeline\\Pipeline->{closure:{closure:Illuminate\\Pipeline\\Pipeline::carry():194}:195}(Object(Illuminate\\Http\\Request))
#28 /Users/rifkinasss/Documents/workspace/Startup/NasLabs/internal-projects/Blog/vendor/laravel/framework/src/Illuminate/Pipeline/Pipeline.php(219): App\\Http\\Middleware\\ApplySitePreferences->handle(Object(Illuminate\\Http\\Request), Object(Closure))
#29 /Users/rifkinasss/Documents/workspace/Startup/NasLabs/internal-projects/Blog/vendor/laravel/framework/src/Illuminate/Routing/Middleware/SubstituteBindings.php(52): Illuminate\\Pipeline\\Pipeline->{closure:{closure:Illuminate\\Pipeline\\Pipeline::carry():194}:195}(Object(Illuminate\\Http\\Request))
#30 /Users/rifkinasss/Documents/workspace/Startup/NasLabs/internal-projects/Blog/vendor/laravel/framework/src/Illuminate/Pipeline/Pipeline.php(219): Illuminate\\Routing\\Middleware\\SubstituteBindings->handle(Object(Illuminate\\Http\\Request), Object(Closure))
#31 /Users/rifkinasss/Documents/workspace/Startup/NasLabs/internal-projects/Blog/vendor/laravel/framework/src/Illuminate/Session/Middleware/AuthenticateSession.php(70): Illuminate\\Pipeline\\Pipeline->{closure:{closure:Illuminate\\Pipeline\\Pipeline::carry():194}:195}(Object(Illuminate\\Http\\Request))
#32 /Users/rifkinasss/Documents/workspace/Startup/NasLabs/internal-projects/Blog/vendor/laravel/framework/src/Illuminate/Pipeline/Pipeline.php(219): Illuminate\\Session\\Middleware\\AuthenticateSession->handle(Object(Illuminate\\Http\\Request), Object(Closure))
#33 /Users/rifkinasss/Documents/workspace/Startup/NasLabs/internal-projects/Blog/vendor/laravel/framework/src/Illuminate/Auth/Middleware/Authenticate.php(63): Illuminate\\Pipeline\\Pipeline->{closure:{closure:Illuminate\\Pipeline\\Pipeline::carry():194}:195}(Object(Illuminate\\Http\\Request))
#34 /Users/rifkinasss/Documents/workspace/Startup/NasLabs/internal-projects/Blog/vendor/laravel/framework/src/Illuminate/Pipeline/Pipeline.php(219): Illuminate\\Auth\\Middleware\\Authenticate->handle(Object(Illuminate\\Http\\Request), Object(Closure))
#35 /Users/rifkinasss/Documents/workspace/Startup/NasLabs/internal-projects/Blog/vendor/laravel/framework/src/Illuminate/Foundation/Http/Middleware/PreventRequestForgery.php(104): Illuminate\\Pipeline\\Pipeline->{closure:{closure:Illuminate\\Pipeline\\Pipeline::carry():194}:195}(Object(Illuminate\\Http\\Request))
#36 /Users/rifkinasss/Documents/workspace/Startup/NasLabs/internal-projects/Blog/vendor/laravel/framework/src/Illuminate/Pipeline/Pipeline.php(219): Illuminate\\Foundation\\Http\\Middleware\\PreventRequestForgery->handle(Object(Illuminate\\Http\\Request), Object(Closure))
#37 /Users/rifkinasss/Documents/workspace/Startup/NasLabs/internal-projects/Blog/vendor/laravel/framework/src/Illuminate/View/Middleware/ShareErrorsFromSession.php(48): Illuminate\\Pipeline\\Pipeline->{closure:{closure:Illuminate\\Pipeline\\Pipeline::carry():194}:195}(Object(Illuminate\\Http\\Request))
#38 /Users/rifkinasss/Documents/workspace/Startup/NasLabs/internal-projects/Blog/vendor/laravel/framework/src/Illuminate/Pipeline/Pipeline.php(219): Illuminate\\View\\Middleware\\ShareErrorsFromSession->handle(Object(Illuminate\\Http\\Request), Object(Closure))
#39 /Users/rifkinasss/Documents/workspace/Startup/NasLabs/internal-projects/Blog/vendor/laravel/framework/src/Illuminate/Session/Middleware/StartSession.php(120): Illuminate\\Pipeline\\Pipeline->{closure:{closure:Illuminate\\Pipeline\\Pipeline::carry():194}:195}(Object(Illuminate\\Http\\Request))
#40 /Users/rifkinasss/Documents/workspace/Startup/NasLabs/internal-projects/Blog/vendor/laravel/framework/src/Illuminate/Session/Middleware/StartSession.php(63): Illuminate\\Session\\Middleware\\StartSession->handleStatefulRequest(Object(Illuminate\\Http\\Request), Object(Illuminate\\Session\\Store), Object(Closure))
#41 /Users/rifkinasss/Documents/workspace/Startup/NasLabs/internal-projects/Blog/vendor/laravel/framework/src/Illuminate/Pipeline/Pipeline.php(219): Illuminate\\Session\\Middleware\\StartSession->handle(Object(Illuminate\\Http\\Request), Object(Closure))
#42 /Users/rifkinasss/Documents/workspace/Startup/NasLabs/internal-projects/Blog/vendor/laravel/framework/src/Illuminate/Cookie/Middleware/AddQueuedCookiesToResponse.php(36): Illuminate\\Pipeline\\Pipeline->{closure:{closure:Illuminate\\Pipeline\\Pipeline::carry():194}:195}(Object(Illuminate\\Http\\Request))
#43 /Users/rifkinasss/Documents/workspace/Startup/NasLabs/internal-projects/Blog/vendor/laravel/framework/src/Illuminate/Pipeline/Pipeline.php(219): Illuminate\\Cookie\\Middleware\\AddQueuedCookiesToResponse->handle(Object(Illuminate\\Http\\Request), Object(Closure))
#44 /Users/rifkinasss/Documents/workspace/Startup/NasLabs/internal-projects/Blog/vendor/laravel/framework/src/Illuminate/Cookie/Middleware/EncryptCookies.php(74): Illuminate\\Pipeline\\Pipeline->{closure:{closure:Illuminate\\Pipeline\\Pipeline::carry():194}:195}(Object(Illuminate\\Http\\Request))
#45 /Users/rifkinasss/Documents/workspace/Startup/NasLabs/internal-projects/Blog/vendor/laravel/framework/src/Illuminate/Pipeline/Pipeline.php(219): Illuminate\\Cookie\\Middleware\\EncryptCookies->handle(Object(Illuminate\\Http\\Request), Object(Closure))
#46 /Users/rifkinasss/Documents/workspace/Startup/NasLabs/internal-projects/Blog/vendor/laravel/framework/src/Illuminate/Pipeline/Pipeline.php(137): Illuminate\\Pipeline\\Pipeline->{closure:{closure:Illuminate\\Pipeline\\Pipeline::carry():194}:195}(Object(Illuminate\\Http\\Request))
#47 /Users/rifkinasss/Documents/workspace/Startup/NasLabs/internal-projects/Blog/vendor/laravel/framework/src/Illuminate/Routing/Router.php(821): Illuminate\\Pipeline\\Pipeline->then(Object(Closure))
#48 /Users/rifkinasss/Documents/workspace/Startup/NasLabs/internal-projects/Blog/vendor/laravel/framework/src/Illuminate/Routing/Router.php(800): Illuminate\\Routing\\Router->runRouteWithinStack(Object(Illuminate\\Routing\\Route), Object(Illuminate\\Http\\Request))
#49 /Users/rifkinasss/Documents/workspace/Startup/NasLabs/internal-projects/Blog/vendor/laravel/framework/src/Illuminate/Routing/Router.php(764): Illuminate\\Routing\\Router->runRoute(Object(Illuminate\\Http\\Request), Object(Illuminate\\Routing\\Route))
#50 /Users/rifkinasss/Documents/workspace/Startup/NasLabs/internal-projects/Blog/vendor/laravel/framework/src/Illuminate/Routing/Router.php(753): Illuminate\\Routing\\Router->dispatchToRoute(Object(Illuminate\\Http\\Request))
#51 /Users/rifkinasss/Documents/workspace/Startup/NasLabs/internal-projects/Blog/vendor/laravel/framework/src/Illuminate/Foundation/Http/Kernel.php(200): Illuminate\\Routing\\Router->dispatch(Object(Illuminate\\Http\\Request))
#52 /Users/rifkinasss/Documents/workspace/Startup/NasLabs/internal-projects/Blog/vendor/laravel/framework/src/Illuminate/Pipeline/Pipeline.php(180): Illuminate\\Foundation\\Http\\Kernel->{closure:Illuminate\\Foundation\\Http\\Kernel::dispatchToRouter():197}(Object(Illuminate\\Http\\Request))
#53 /Users/rifkinasss/Documents/workspace/Startup/NasLabs/internal-projects/Blog/vendor/livewire/livewire/src/Features/SupportDisablingBackButtonCache/DisableBackButtonCacheMiddleware.php(19): Illuminate\\Pipeline\\Pipeline->{closure:Illuminate\\Pipeline\\Pipeline::prepareDestination():178}(Object(Illuminate\\Http\\Request))
#54 /Users/rifkinasss/Documents/workspace/Startup/NasLabs/internal-projects/Blog/vendor/laravel/framework/src/Illuminate/Pipeline/Pipeline.php(219): Livewire\\Features\\SupportDisablingBackButtonCache\\DisableBackButtonCacheMiddleware->handle(Object(Illuminate\\Http\\Request), Object(Closure))
#55 /Users/rifkinasss/Documents/workspace/Startup/NasLabs/internal-projects/Blog/vendor/laravel/framework/src/Illuminate/Foundation/Http/Middleware/TransformsRequest.php(21): Illuminate\\Pipeline\\Pipeline->{closure:{closure:Illuminate\\Pipeline\\Pipeline::carry():194}:195}(Object(Illuminate\\Http\\Request))
#56 /Users/rifkinasss/Documents/workspace/Startup/NasLabs/internal-projects/Blog/vendor/laravel/framework/src/Illuminate/Foundation/Http/Middleware/ConvertEmptyStringsToNull.php(31): Illuminate\\Foundation\\Http\\Middleware\\TransformsRequest->handle(Object(Illuminate\\Http\\Request), Object(Closure))
#57 /Users/rifkinasss/Documents/workspace/Startup/NasLabs/internal-projects/Blog/vendor/laravel/framework/src/Illuminate/Pipeline/Pipeline.php(219): Illuminate\\Foundation\\Http\\Middleware\\ConvertEmptyStringsToNull->handle(Object(Illuminate\\Http\\Request), Object(Closure))
#58 /Users/rifkinasss/Documents/workspace/Startup/NasLabs/internal-projects/Blog/vendor/laravel/framework/src/Illuminate/Foundation/Http/Middleware/TransformsRequest.php(21): Illuminate\\Pipeline\\Pipeline->{closure:{closure:Illuminate\\Pipeline\\Pipeline::carry():194}:195}(Object(Illuminate\\Http\\Request))
#59 /Users/rifkinasss/Documents/workspace/Startup/NasLabs/internal-projects/Blog/vendor/laravel/framework/src/Illuminate/Foundation/Http/Middleware/TrimStrings.php(51): Illuminate\\Foundation\\Http\\Middleware\\TransformsRequest->handle(Object(Illuminate\\Http\\Request), Object(Closure))
#60 /Users/rifkinasss/Documents/workspace/Startup/NasLabs/internal-projects/Blog/vendor/laravel/framework/src/Illuminate/Pipeline/Pipeline.php(219): Illuminate\\Foundation\\Http\\Middleware\\TrimStrings->handle(Object(Illuminate\\Http\\Request), Object(Closure))
#61 /Users/rifkinasss/Documents/workspace/Startup/NasLabs/internal-projects/Blog/vendor/laravel/framework/src/Illuminate/Http/Middleware/ValidatePostSize.php(27): Illuminate\\Pipeline\\Pipeline->{closure:{closure:Illuminate\\Pipeline\\Pipeline::carry():194}:195}(Object(Illuminate\\Http\\Request))
#62 /Users/rifkinasss/Documents/workspace/Startup/NasLabs/internal-projects/Blog/vendor/laravel/framework/src/Illuminate/Pipeline/Pipeline.php(219): Illuminate\\Http\\Middleware\\ValidatePostSize->handle(Object(Illuminate\\Http\\Request), Object(Closure))
#63 /Users/rifkinasss/Documents/workspace/Startup/NasLabs/internal-projects/Blog/vendor/laravel/framework/src/Illuminate/Foundation/Http/Middleware/PreventRequestsDuringMaintenance.php(110): Illuminate\\Pipeline\\Pipeline->{closure:{closure:Illuminate\\Pipeline\\Pipeline::carry():194}:195}(Object(Illuminate\\Http\\Request))
#64 /Users/rifkinasss/Documents/workspace/Startup/NasLabs/internal-projects/Blog/vendor/laravel/framework/src/Illuminate/Pipeline/Pipeline.php(219): Illuminate\\Foundation\\Http\\Middleware\\PreventRequestsDuringMaintenance->handle(Object(Illuminate\\Http\\Request), Object(Closure))
#65 /Users/rifkinasss/Documents/workspace/Startup/NasLabs/internal-projects/Blog/vendor/laravel/framework/src/Illuminate/Http/Middleware/HandleCors.php(61): Illuminate\\Pipeline\\Pipeline->{closure:{closure:Illuminate\\Pipeline\\Pipeline::carry():194}:195}(Object(Illuminate\\Http\\Request))
#66 /Users/rifkinasss/Documents/workspace/Startup/NasLabs/internal-projects/Blog/vendor/laravel/framework/src/Illuminate/Pipeline/Pipeline.php(219): Illuminate\\Http\\Middleware\\HandleCors->handle(Object(Illuminate\\Http\\Request), Object(Closure))
#67 /Users/rifkinasss/Documents/workspace/Startup/NasLabs/internal-projects/Blog/vendor/laravel/framework/src/Illuminate/Http/Middleware/TrustProxies.php(58): Illuminate\\Pipeline\\Pipeline->{closure:{closure:Illuminate\\Pipeline\\Pipeline::carry():194}:195}(Object(Illuminate\\Http\\Request))
#68 /Users/rifkinasss/Documents/workspace/Startup/NasLabs/internal-projects/Blog/vendor/laravel/framework/src/Illuminate/Pipeline/Pipeline.php(219): Illuminate\\Http\\Middleware\\TrustProxies->handle(Object(Illuminate\\Http\\Request), Object(Closure))
#69 /Users/rifkinasss/Documents/workspace/Startup/NasLabs/internal-projects/Blog/vendor/laravel/framework/src/Illuminate/Foundation/Http/Middleware/InvokeDeferredCallbacks.php(22): Illuminate\\Pipeline\\Pipeline->{closure:{closure:Illuminate\\Pipeline\\Pipeline::carry():194}:195}(Object(Illuminate\\Http\\Request))
#70 /Users/rifkinasss/Documents/workspace/Startup/NasLabs/internal-projects/Blog/vendor/laravel/framework/src/Illuminate/Pipeline/Pipeline.php(219): Illuminate\\Foundation\\Http\\Middleware\\InvokeDeferredCallbacks->handle(Object(Illuminate\\Http\\Request), Object(Closure))
#71 /Users/rifkinasss/Documents/workspace/Startup/NasLabs/internal-projects/Blog/vendor/laravel/framework/src/Illuminate/Http/Middleware/ValidatePathEncoding.php(28): Illuminate\\Pipeline\\Pipeline->{closure:{closure:Illuminate\\Pipeline\\Pipeline::carry():194}:195}(Object(Illuminate\\Http\\Request))
#72 /Users/rifkinasss/Documents/workspace/Startup/NasLabs/internal-projects/Blog/vendor/laravel/framework/src/Illuminate/Pipeline/Pipeline.php(219): Illuminate\\Http\\Middleware\\ValidatePathEncoding->handle(Object(Illuminate\\Http\\Request), Object(Closure))
#73 /Users/rifkinasss/Documents/workspace/Startup/NasLabs/internal-projects/Blog/vendor/laravel/framework/src/Illuminate/Pipeline/Pipeline.php(137): Illuminate\\Pipeline\\Pipeline->{closure:{closure:Illuminate\\Pipeline\\Pipeline::carry():194}:195}(Object(Illuminate\\Http\\Request))
#74 /Users/rifkinasss/Documents/workspace/Startup/NasLabs/internal-projects/Blog/vendor/laravel/framework/src/Illuminate/Foundation/Http/Kernel.php(175): Illuminate\\Pipeline\\Pipeline->then(Object(Closure))
#75 /Users/rifkinasss/Documents/workspace/Startup/NasLabs/internal-projects/Blog/vendor/laravel/framework/src/Illuminate/Foundation/Http/Kernel.php(144): Illuminate\\Foundation\\Http\\Kernel->sendRequestThroughRouter(Object(Illuminate\\Http\\Request))
#76 /Users/rifkinasss/Documents/workspace/Startup/NasLabs/internal-projects/Blog/vendor/laravel/framework/src/Illuminate/Foundation/Application.php(1227): Illuminate\\Foundation\\Http\\Kernel->handle(Object(Illuminate\\Http\\Request))
#77 /Users/rifkinasss/Documents/workspace/Startup/NasLabs/internal-projects/Blog/public/index.php(20): Illuminate\\Foundation\\Application->handleRequest(Object(Illuminate\\Http\\Request))
#78 /Users/rifkinasss/Documents/workspace/Startup/NasLabs/internal-projects/Blog/vendor/laravel/framework/src/Illuminate/Foundation/resources/server.php(23): require_once('/Users/rifkinas...')
#79 {main}

[previous exception] [object] (PDOException(code: 42703): SQLSTATE[42703]: Undefined column: 7 ERROR:  column \"scheduled_at\" does not exist
LINE 1: select * from \"articles\" where \"status\" = $1 and \"scheduled_...
                                                         ^ at /Users/rifkinasss/Documents/workspace/Startup/NasLabs/internal-projects/Blog/vendor/laravel/framework/src/Illuminate/Database/Connection.php:440)
[stacktrace]
#0 /Users/rifkinasss/Documents/workspace/Startup/NasLabs/internal-projects/Blog/vendor/laravel/framework/src/Illuminate/Database/Connection.php(440): PDOStatement->execute()
#1 /Users/rifkinasss/Documents/workspace/Startup/NasLabs/internal-projects/Blog/vendor/laravel/framework/src/Illuminate/Database/Connection.php(846): Illuminate\\Database\\Connection->{closure:Illuminate\\Database\\Connection::select():426}('select * from \"...', Array)
#2 /Users/rifkinasss/Documents/workspace/Startup/NasLabs/internal-projects/Blog/vendor/laravel/framework/src/Illuminate/Database/Connection.php(813): Illuminate\\Database\\Connection->runQueryCallback('select * from \"...', Array, Object(Closure))
#3 /Users/rifkinasss/Documents/workspace/Startup/NasLabs/internal-projects/Blog/vendor/laravel/framework/src/Illuminate/Database/Connection.php(426): Illuminate\\Database\\Connection->run('select * from \"...', Array, Object(Closure))
#4 /Users/rifkinasss/Documents/workspace/Startup/NasLabs/internal-projects/Blog/vendor/laravel/framework/src/Illuminate/Database/Query/Builder.php(3629): Illuminate\\Database\\Connection->select('select * from \"...', Array, true, Array)
#5 /Users/rifkinasss/Documents/workspace/Startup/NasLabs/internal-projects/Blog/vendor/laravel/framework/src/Illuminate/Database/Query/Builder.php(3613): Illuminate\\Database\\Query\\Builder->runSelect()
#6 /Users/rifkinasss/Documents/workspace/Startup/NasLabs/internal-projects/Blog/vendor/laravel/framework/src/Illuminate/Database/Eloquent/Builder.php(931): Illuminate\\Database\\Query\\Builder->get(Array)
#7 /Users/rifkinasss/Documents/workspace/Startup/NasLabs/internal-projects/Blog/vendor/laravel/framework/src/Illuminate/Database/Eloquent/Builder.php(913): Illuminate\\Database\\Eloquent\\Builder->getModels(Array)
#8 /Users/rifkinasss/Documents/workspace/Startup/NasLabs/internal-projects/Blog/vendor/laravel/framework/src/Illuminate/Database/Concerns/BuildsQueries.php(408): Illuminate\\Database\\Eloquent\\Builder->get(Array)
#9 /Users/rifkinasss/Documents/workspace/Startup/NasLabs/internal-projects/Blog/app/Livewire/Dashboard/DashboardOverview.php(141): Illuminate\\Database\\Eloquent\\Builder->first()
#10 /Users/rifkinasss/Documents/workspace/Startup/NasLabs/internal-projects/Blog/vendor/laravel/framework/src/Illuminate/Container/BoundMethod.php(36): App\\Livewire\\Dashboard\\DashboardOverview->render()
#11 /Users/rifkinasss/Documents/workspace/Startup/NasLabs/internal-projects/Blog/vendor/laravel/framework/src/Illuminate/Container/Util.php(43): Illuminate\\Container\\BoundMethod::{closure:Illuminate\\Container\\BoundMethod::call():35}()
#12 /Users/rifkinasss/Documents/workspace/Startup/NasLabs/internal-projects/Blog/vendor/laravel/framework/src/Illuminate/Container/BoundMethod.php(96): Illuminate\\Container\\Util::unwrapIfClosure(Object(Closure))
#13 /Users/rifkinasss/Documents/workspace/Startup/NasLabs/internal-projects/Blog/vendor/laravel/framework/src/Illuminate/Container/BoundMethod.php(35): Illuminate\\Container\\BoundMethod::callBoundMethod(Object(Illuminate\\Foundation\\Application), Array, Object(Closure))
#14 /Users/rifkinasss/Documents/workspace/Startup/NasLabs/internal-projects/Blog/vendor/livewire/livewire/src/Wrapped.php(23): Illuminate\\Container\\BoundMethod::call(Object(Illuminate\\Foundation\\Application), Array, Array)
#15 /Users/rifkinasss/Documents/workspace/Startup/NasLabs/internal-projects/Blog/vendor/livewire/livewire/src/Mechanisms/HandleComponents/HandleComponents.php(366): Livewire\\Wrapped->__call('render', Array)
#16 /Users/rifkinasss/Documents/workspace/Startup/NasLabs/internal-projects/Blog/vendor/livewire/livewire/src/Mechanisms/HandleComponents/HandleComponents.php(323): Livewire\\Mechanisms\\HandleComponents\\HandleComponents->getView(Object(App\\Livewire\\Dashboard\\DashboardOverview))
#17 /Users/rifkinasss/Documents/workspace/Startup/NasLabs/internal-projects/Blog/vendor/livewire/livewire/src/Mechanisms/HandleComponents/HandleComponents.php(65): Livewire\\Mechanisms\\HandleComponents\\HandleComponents->render(Object(App\\Livewire\\Dashboard\\DashboardOverview), '<div></div>')
#18 /Users/rifkinasss/Documents/workspace/Startup/NasLabs/internal-projects/Blog/vendor/livewire/livewire/src/LivewireManager.php(103): Livewire\\Mechanisms\\HandleComponents\\HandleComponents->mount('App\\\\Livewire\\\\Da...', Array, NULL, Array)
#19 /Users/rifkinasss/Documents/workspace/Startup/NasLabs/internal-projects/Blog/vendor/livewire/livewire/src/Features/SupportPageComponents/HandlesPageComponents.php(19): Livewire\\LivewireManager->mount('App\\\\Livewire\\\\Da...', Array)
#20 /Users/rifkinasss/Documents/workspace/Startup/NasLabs/internal-projects/Blog/vendor/livewire/livewire/src/Features/SupportPageComponents/SupportPageComponents.php(119): Livewire\\Component->{closure:Livewire\\Features\\SupportPageComponents\\HandlesPageComponents::__invoke():14}()
#21 /Users/rifkinasss/Documents/workspace/Startup/NasLabs/internal-projects/Blog/vendor/livewire/livewire/src/Features/SupportPageComponents/HandlesPageComponents.php(14): Livewire\\Features\\SupportPageComponents\\SupportPageComponents::interceptTheRenderOfTheComponentAndRetreiveTheLayoutConfiguration(Object(Closure))
#22 /Users/rifkinasss/Documents/workspace/Startup/NasLabs/internal-projects/Blog/vendor/laravel/framework/src/Illuminate/Routing/ControllerDispatcher.php(46): Livewire\\Component->__invoke()
#23 /Users/rifkinasss/Documents/workspace/Startup/NasLabs/internal-projects/Blog/vendor/laravel/framework/src/Illuminate/Routing/Route.php(276): Illuminate\\Routing\\ControllerDispatcher->dispatch(Object(Illuminate\\Routing\\Route), Object(App\\Livewire\\Dashboard\\DashboardOverview), '__invoke')
#24 /Users/rifkinasss/Documents/workspace/Startup/NasLabs/internal-projects/Blog/vendor/laravel/framework/src/Illuminate/Routing/Route.php(216): Illuminate\\Routing\\Route->runController()
#25 /Users/rifkinasss/Documents/workspace/Startup/NasLabs/internal-projects/Blog/vendor/laravel/framework/src/Illuminate/Routing/Router.php(822): Illuminate\\Routing\\Route->run()
#26 /Users/rifkinasss/Documents/workspace/Startup/NasLabs/internal-projects/Blog/vendor/laravel/framework/src/Illuminate/Pipeline/Pipeline.php(180): Illuminate\\Routing\\Router->{closure:Illuminate\\Routing\\Router::runRouteWithinStack():821}(Object(Illuminate\\Http\\Request))
#27 /Users/rifkinasss/Documents/workspace/Startup/NasLabs/internal-projects/Blog/vendor/laravel/framework/src/Illuminate/Http/Middleware/AddLinkHeadersForPreloadedAssets.php(32): Illuminate\\Pipeline\\Pipeline->{closure:Illuminate\\Pipeline\\Pipeline::prepareDestination():178}(Object(Illuminate\\Http\\Request))
#28 /Users/rifkinasss/Documents/workspace/Startup/NasLabs/internal-projects/Blog/vendor/laravel/framework/src/Illuminate/Pipeline/Pipeline.php(219): Illuminate\\Http\\Middleware\\AddLinkHeadersForPreloadedAssets->handle(Object(Illuminate\\Http\\Request), Object(Closure))
#29 /Users/rifkinasss/Documents/workspace/Startup/NasLabs/internal-projects/Blog/app/Http/Middleware/ApplySitePreferences.php(20): Illuminate\\Pipeline\\Pipeline->{closure:{closure:Illuminate\\Pipeline\\Pipeline::carry():194}:195}(Object(Illuminate\\Http\\Request))
#30 /Users/rifkinasss/Documents/workspace/Startup/NasLabs/internal-projects/Blog/vendor/laravel/framework/src/Illuminate/Pipeline/Pipeline.php(219): App\\Http\\Middleware\\ApplySitePreferences->handle(Object(Illuminate\\Http\\Request), Object(Closure))
#31 /Users/rifkinasss/Documents/workspace/Startup/NasLabs/internal-projects/Blog/vendor/laravel/framework/src/Illuminate/Routing/Middleware/SubstituteBindings.php(52): Illuminate\\Pipeline\\Pipeline->{closure:{closure:Illuminate\\Pipeline\\Pipeline::carry():194}:195}(Object(Illuminate\\Http\\Request))
#32 /Users/rifkinasss/Documents/workspace/Startup/NasLabs/internal-projects/Blog/vendor/laravel/framework/src/Illuminate/Pipeline/Pipeline.php(219): Illuminate\\Routing\\Middleware\\SubstituteBindings->handle(Object(Illuminate\\Http\\Request), Object(Closure))
#33 /Users/rifkinasss/Documents/workspace/Startup/NasLabs/internal-projects/Blog/vendor/laravel/framework/src/Illuminate/Session/Middleware/AuthenticateSession.php(70): Illuminate\\Pipeline\\Pipeline->{closure:{closure:Illuminate\\Pipeline\\Pipeline::carry():194}:195}(Object(Illuminate\\Http\\Request))
#34 /Users/rifkinasss/Documents/workspace/Startup/NasLabs/internal-projects/Blog/vendor/laravel/framework/src/Illuminate/Pipeline/Pipeline.php(219): Illuminate\\Session\\Middleware\\AuthenticateSession->handle(Object(Illuminate\\Http\\Request), Object(Closure))
#35 /Users/rifkinasss/Documents/workspace/Startup/NasLabs/internal-projects/Blog/vendor/laravel/framework/src/Illuminate/Auth/Middleware/Authenticate.php(63): Illuminate\\Pipeline\\Pipeline->{closure:{closure:Illuminate\\Pipeline\\Pipeline::carry():194}:195}(Object(Illuminate\\Http\\Request))
#36 /Users/rifkinasss/Documents/workspace/Startup/NasLabs/internal-projects/Blog/vendor/laravel/framework/src/Illuminate/Pipeline/Pipeline.php(219): Illuminate\\Auth\\Middleware\\Authenticate->handle(Object(Illuminate\\Http\\Request), Object(Closure))
#37 /Users/rifkinasss/Documents/workspace/Startup/NasLabs/internal-projects/Blog/vendor/laravel/framework/src/Illuminate/Foundation/Http/Middleware/PreventRequestForgery.php(104): Illuminate\\Pipeline\\Pipeline->{closure:{closure:Illuminate\\Pipeline\\Pipeline::carry():194}:195}(Object(Illuminate\\Http\\Request))
#38 /Users/rifkinasss/Documents/workspace/Startup/NasLabs/internal-projects/Blog/vendor/laravel/framework/src/Illuminate/Pipeline/Pipeline.php(219): Illuminate\\Foundation\\Http\\Middleware\\PreventRequestForgery->handle(Object(Illuminate\\Http\\Request), Object(Closure))
#39 /Users/rifkinasss/Documents/workspace/Startup/NasLabs/internal-projects/Blog/vendor/laravel/framework/src/Illuminate/View/Middleware/ShareErrorsFromSession.php(48): Illuminate\\Pipeline\\Pipeline->{closure:{closure:Illuminate\\Pipeline\\Pipeline::carry():194}:195}(Object(Illuminate\\Http\\Request))
#40 /Users/rifkinasss/Documents/workspace/Startup/NasLabs/internal-projects/Blog/vendor/laravel/framework/src/Illuminate/Pipeline/Pipeline.php(219): Illuminate\\View\\Middleware\\ShareErrorsFromSession->handle(Object(Illuminate\\Http\\Request), Object(Closure))
#41 /Users/rifkinasss/Documents/workspace/Startup/NasLabs/internal-projects/Blog/vendor/laravel/framework/src/Illuminate/Session/Middleware/StartSession.php(120): Illuminate\\Pipeline\\Pipeline->{closure:{closure:Illuminate\\Pipeline\\Pipeline::carry():194}:195}(Object(Illuminate\\Http\\Request))
#42 /Users/rifkinasss/Documents/workspace/Startup/NasLabs/internal-projects/Blog/vendor/laravel/framework/src/Illuminate/Session/Middleware/StartSession.php(63): Illuminate\\Session\\Middleware\\StartSession->handleStatefulRequest(Object(Illuminate\\Http\\Request), Object(Illuminate\\Session\\Store), Object(Closure))
#43 /Users/rifkinasss/Documents/workspace/Startup/NasLabs/internal-projects/Blog/vendor/laravel/framework/src/Illuminate/Pipeline/Pipeline.php(219): Illuminate\\Session\\Middleware\\StartSession->handle(Object(Illuminate\\Http\\Request), Object(Closure))
#44 /Users/rifkinasss/Documents/workspace/Startup/NasLabs/internal-projects/Blog/vendor/laravel/framework/src/Illuminate/Cookie/Middleware/AddQueuedCookiesToResponse.php(36): Illuminate\\Pipeline\\Pipeline->{closure:{closure:Illuminate\\Pipeline\\Pipeline::carry():194}:195}(Object(Illuminate\\Http\\Request))
#45 /Users/rifkinasss/Documents/workspace/Startup/NasLabs/internal-projects/Blog/vendor/laravel/framework/src/Illuminate/Pipeline/Pipeline.php(219): Illuminate\\Cookie\\Middleware\\AddQueuedCookiesToResponse->handle(Object(Illuminate\\Http\\Request), Object(Closure))
#46 /Users/rifkinasss/Documents/workspace/Startup/NasLabs/internal-projects/Blog/vendor/laravel/framework/src/Illuminate/Cookie/Middleware/EncryptCookies.php(74): Illuminate\\Pipeline\\Pipeline->{closure:{closure:Illuminate\\Pipeline\\Pipeline::carry():194}:195}(Object(Illuminate\\Http\\Request))
#47 /Users/rifkinasss/Documents/workspace/Startup/NasLabs/internal-projects/Blog/vendor/laravel/framework/src/Illuminate/Pipeline/Pipeline.php(219): Illuminate\\Cookie\\Middleware\\EncryptCookies->handle(Object(Illuminate\\Http\\Request), Object(Closure))
#48 /Users/rifkinasss/Documents/workspace/Startup/NasLabs/internal-projects/Blog/vendor/laravel/framework/src/Illuminate/Pipeline/Pipeline.php(137): Illuminate\\Pipeline\\Pipeline->{closure:{closure:Illuminate\\Pipeline\\Pipeline::carry():194}:195}(Object(Illuminate\\Http\\Request))
#49 /Users/rifkinasss/Documents/workspace/Startup/NasLabs/internal-projects/Blog/vendor/laravel/framework/src/Illuminate/Routing/Router.php(821): Illuminate\\Pipeline\\Pipeline->then(Object(Closure))
#50 /Users/rifkinasss/Documents/workspace/Startup/NasLabs/internal-projects/Blog/vendor/laravel/framework/src/Illuminate/Routing/Router.php(800): Illuminate\\Routing\\Router->runRouteWithinStack(Object(Illuminate\\Routing\\Route), Object(Illuminate\\Http\\Request))
#51 /Users/rifkinasss/Documents/workspace/Startup/NasLabs/internal-projects/Blog/vendor/laravel/framework/src/Illuminate/Routing/Router.php(764): Illuminate\\Routing\\Router->runRoute(Object(Illuminate\\Http\\Request), Object(Illuminate\\Routing\\Route))
#52 /Users/rifkinasss/Documents/workspace/Startup/NasLabs/internal-projects/Blog/vendor/laravel/framework/src/Illuminate/Routing/Router.php(753): Illuminate\\Routing\\Router->dispatchToRoute(Object(Illuminate\\Http\\Request))
#53 /Users/rifkinasss/Documents/workspace/Startup/NasLabs/internal-projects/Blog/vendor/laravel/framework/src/Illuminate/Foundation/Http/Kernel.php(200): Illuminate\\Routing\\Router->dispatch(Object(Illuminate\\Http\\Request))
#54 /Users/rifkinasss/Documents/workspace/Startup/NasLabs/internal-projects/Blog/vendor/laravel/framework/src/Illuminate/Pipeline/Pipeline.php(180): Illuminate\\Foundation\\Http\\Kernel->{closure:Illuminate\\Foundation\\Http\\Kernel::dispatchToRouter():197}(Object(Illuminate\\Http\\Request))
#55 /Users/rifkinasss/Documents/workspace/Startup/NasLabs/internal-projects/Blog/vendor/livewire/livewire/src/Features/SupportDisablingBackButtonCache/DisableBackButtonCacheMiddleware.php(19): Illuminate\\Pipeline\\Pipeline->{closure:Illuminate\\Pipeline\\Pipeline::prepareDestination():178}(Object(Illuminate\\Http\\Request))
#56 /Users/rifkinasss/Documents/workspace/Startup/NasLabs/internal-projects/Blog/vendor/laravel/framework/src/Illuminate/Pipeline/Pipeline.php(219): Livewire\\Features\\SupportDisablingBackButtonCache\\DisableBackButtonCacheMiddleware->handle(Object(Illuminate\\Http\\Request), Object(Closure))
#57 /Users/rifkinasss/Documents/workspace/Startup/NasLabs/internal-projects/Blog/vendor/laravel/framework/src/Illuminate/Foundation/Http/Middleware/TransformsRequest.php(21): Illuminate\\Pipeline\\Pipeline->{closure:{closure:Illuminate\\Pipeline\\Pipeline::carry():194}:195}(Object(Illuminate\\Http\\Request))
#58 /Users/rifkinasss/Documents/workspace/Startup/NasLabs/internal-projects/Blog/vendor/laravel/framework/src/Illuminate/Foundation/Http/Middleware/ConvertEmptyStringsToNull.php(31): Illuminate\\Foundation\\Http\\Middleware\\TransformsRequest->handle(Object(Illuminate\\Http\\Request), Object(Closure))
#59 /Users/rifkinasss/Documents/workspace/Startup/NasLabs/internal-projects/Blog/vendor/laravel/framework/src/Illuminate/Pipeline/Pipeline.php(219): Illuminate\\Foundation\\Http\\Middleware\\ConvertEmptyStringsToNull->handle(Object(Illuminate\\Http\\Request), Object(Closure))
#60 /Users/rifkinasss/Documents/workspace/Startup/NasLabs/internal-projects/Blog/vendor/laravel/framework/src/Illuminate/Foundation/Http/Middleware/TransformsRequest.php(21): Illuminate\\Pipeline\\Pipeline->{closure:{closure:Illuminate\\Pipeline\\Pipeline::carry():194}:195}(Object(Illuminate\\Http\\Request))
#61 /Users/rifkinasss/Documents/workspace/Startup/NasLabs/internal-projects/Blog/vendor/laravel/framework/src/Illuminate/Foundation/Http/Middleware/TrimStrings.php(51): Illuminate\\Foundation\\Http\\Middleware\\TransformsRequest->handle(Object(Illuminate\\Http\\Request), Object(Closure))
#62 /Users/rifkinasss/Documents/workspace/Startup/NasLabs/internal-projects/Blog/vendor/laravel/framework/src/Illuminate/Pipeline/Pipeline.php(219): Illuminate\\Foundation\\Http\\Middleware\\TrimStrings->handle(Object(Illuminate\\Http\\Request), Object(Closure))
#63 /Users/rifkinasss/Documents/workspace/Startup/NasLabs/internal-projects/Blog/vendor/laravel/framework/src/Illuminate/Http/Middleware/ValidatePostSize.php(27): Illuminate\\Pipeline\\Pipeline->{closure:{closure:Illuminate\\Pipeline\\Pipeline::carry():194}:195}(Object(Illuminate\\Http\\Request))
#64 /Users/rifkinasss/Documents/workspace/Startup/NasLabs/internal-projects/Blog/vendor/laravel/framework/src/Illuminate/Pipeline/Pipeline.php(219): Illuminate\\Http\\Middleware\\ValidatePostSize->handle(Object(Illuminate\\Http\\Request), Object(Closure))
#65 /Users/rifkinasss/Documents/workspace/Startup/NasLabs/internal-projects/Blog/vendor/laravel/framework/src/Illuminate/Foundation/Http/Middleware/PreventRequestsDuringMaintenance.php(110): Illuminate\\Pipeline\\Pipeline->{closure:{closure:Illuminate\\Pipeline\\Pipeline::carry():194}:195}(Object(Illuminate\\Http\\Request))
#66 /Users/rifkinasss/Documents/workspace/Startup/NasLabs/internal-projects/Blog/vendor/laravel/framework/src/Illuminate/Pipeline/Pipeline.php(219): Illuminate\\Foundation\\Http\\Middleware\\PreventRequestsDuringMaintenance->handle(Object(Illuminate\\Http\\Request), Object(Closure))
#67 /Users/rifkinasss/Documents/workspace/Startup/NasLabs/internal-projects/Blog/vendor/laravel/framework/src/Illuminate/Http/Middleware/HandleCors.php(61): Illuminate\\Pipeline\\Pipeline->{closure:{closure:Illuminate\\Pipeline\\Pipeline::carry():194}:195}(Object(Illuminate\\Http\\Request))
#68 /Users/rifkinasss/Documents/workspace/Startup/NasLabs/internal-projects/Blog/vendor/laravel/framework/src/Illuminate/Pipeline/Pipeline.php(219): Illuminate\\Http\\Middleware\\HandleCors->handle(Object(Illuminate\\Http\\Request), Object(Closure))
#69 /Users/rifkinasss/Documents/workspace/Startup/NasLabs/internal-projects/Blog/vendor/laravel/framework/src/Illuminate/Http/Middleware/TrustProxies.php(58): Illuminate\\Pipeline\\Pipeline->{closure:{closure:Illuminate\\Pipeline\\Pipeline::carry():194}:195}(Object(Illuminate\\Http\\Request))
#70 /Users/rifkinasss/Documents/workspace/Startup/NasLabs/internal-projects/Blog/vendor/laravel/framework/src/Illuminate/Pipeline/Pipeline.php(219): Illuminate\\Http\\Middleware\\TrustProxies->handle(Object(Illuminate\\Http\\Request), Object(Closure))
#71 /Users/rifkinasss/Documents/workspace/Startup/NasLabs/internal-projects/Blog/vendor/laravel/framework/src/Illuminate/Foundation/Http/Middleware/InvokeDeferredCallbacks.php(22): Illuminate\\Pipeline\\Pipeline->{closure:{closure:Illuminate\\Pipeline\\Pipeline::carry():194}:195}(Object(Illuminate\\Http\\Request))
#72 /Users/rifkinasss/Documents/workspace/Startup/NasLabs/internal-projects/Blog/vendor/laravel/framework/src/Illuminate/Pipeline/Pipeline.php(219): Illuminate\\Foundation\\Http\\Middleware\\InvokeDeferredCallbacks->handle(Object(Illuminate\\Http\\Request), Object(Closure))
#73 /Users/rifkinasss/Documents/workspace/Startup/NasLabs/internal-projects/Blog/vendor/laravel/framework/src/Illuminate/Http/Middleware/ValidatePathEncoding.php(28): Illuminate\\Pipeline\\Pipeline->{closure:{closure:Illuminate\\Pipeline\\Pipeline::carry():194}:195}(Object(Illuminate\\Http\\Request))
#74 /Users/rifkinasss/Documents/workspace/Startup/NasLabs/internal-projects/Blog/vendor/laravel/framework/src/Illuminate/Pipeline/Pipeline.php(219): Illuminate\\Http\\Middleware\\ValidatePathEncoding->handle(Object(Illuminate\\Http\\Request), Object(Closure))
#75 /Users/rifkinasss/Documents/workspace/Startup/NasLabs/internal-projects/Blog/vendor/laravel/framework/src/Illuminate/Pipeline/Pipeline.php(137): Illuminate\\Pipeline\\Pipeline->{closure:{closure:Illuminate\\Pipeline\\Pipeline::carry():194}:195}(Object(Illuminate\\Http\\Request))
#76 /Users/rifkinasss/Documents/workspace/Startup/NasLabs/internal-projects/Blog/vendor/laravel/framework/src/Illuminate/Foundation/Http/Kernel.php(175): Illuminate\\Pipeline\\Pipeline->then(Object(Closure))
#77 /Users/rifkinasss/Documents/workspace/Startup/NasLabs/internal-projects/Blog/vendor/laravel/framework/src/Illuminate/Foundation/Http/Kernel.php(144): Illuminate\\Foundation\\Http\\Kernel->sendRequestThroughRouter(Object(Illuminate\\Http\\Request))
#78 /Users/rifkinasss/Documents/workspace/Startup/NasLabs/internal-projects/Blog/vendor/laravel/framework/src/Illuminate/Foundation/Application.php(1227): Illuminate\\Foundation\\Http\\Kernel->handle(Object(Illuminate\\Http\\Request))
#79 /Users/rifkinasss/Documents/workspace/Startup/NasLabs/internal-projects/Blog/public/index.php(20): Illuminate\\Foundation\\Application->handleRequest(Object(Illuminate\\Http\\Request))
#80 /Users/rifkinasss/Documents/workspace/Startup/NasLabs/internal-projects/Blog/vendor/laravel/framework/src/Illuminate/Foundation/resources/server.php(23): require_once('/Users/rifkinas...')
#81 {main}
"} 
[2026-09-17 03:14:06] local.ERROR: SQLSTATE[08006] [7] connection to server at "127.0.0.1", port 5432 failed: Operation not permitted
	Is the server running on that host and accepting TCP/IP connections? (Connection: pgsql, Host: 127.0.0.1, Port: 5432, Database: naslabs_blog, SQL: select exists (select 1 from pg_class c, pg_namespace n where n.nspname = current_schema() and c.relname = 'migrations' and c.relkind in ('r', 'p') and n.oid = c.relnamespace)) {"exception":"[object] (Illuminate\\Database\\QueryException(code: 7): SQLSTATE[08006] [7] connection to server at \"127.0.0.1\", port 5432 failed: Operation not permitted
\tIs the server running on that host and accepting TCP/IP connections? (Connection: pgsql, Host: 127.0.0.1, Port: 5432, Database: naslabs_blog, SQL: select exists (select 1 from pg_class c, pg_namespace n where n.nspname = current_schema() and c.relname = 'migrations' and c.relkind in ('r', 'p') and n.oid = c.relnamespace)) at /Users/rifkinasss/Documents/workspace/Startup/NasLabs/internal-projects/Blog/vendor/laravel/framework/src/Illuminate/Database/Connection.php:857)
[stacktrace]
#0 /Users/rifkinasss/Documents/workspace/Startup/NasLabs/internal-projects/Blog/vendor/laravel/framework/src/Illuminate/Database/Connection.php(813): Illuminate\\Database\\Connection->runQueryCallback('select exists (...', Array, Object(Closure))
#1 /Users/rifkinasss/Documents/workspace/Startup/NasLabs/internal-projects/Blog/vendor/laravel/framework/src/Illuminate/Database/Connection.php(426): Illuminate\\Database\\Connection->run('select exists (...', Array, Object(Closure))
#2 /Users/rifkinasss/Documents/workspace/Startup/NasLabs/internal-projects/Blog/vendor/laravel/framework/src/Illuminate/Database/Connection.php(371): Illuminate\\Database\\Connection->select('select exists (...', Array, true)
#3 /Users/rifkinasss/Documents/workspace/Startup/NasLabs/internal-projects/Blog/vendor/laravel/framework/src/Illuminate/Database/Connection.php(388): Illuminate\\Database\\Connection->selectOne('select exists (...', Array, true)
#4 /Users/rifkinasss/Documents/workspace/Startup/NasLabs/internal-projects/Blog/vendor/laravel/framework/src/Illuminate/Database/Schema/Builder.php(176): Illuminate\\Database\\Connection->scalar('select exists (...')
#5 /Users/rifkinasss/Documents/workspace/Startup/NasLabs/internal-projects/Blog/vendor/laravel/framework/src/Illuminate/Database/Migrations/DatabaseMigrationRepository.php(185): Illuminate\\Database\\Schema\\Builder->hasTable('migrations')
#6 /Users/rifkinasss/Documents/workspace/Startup/NasLabs/internal-projects/Blog/vendor/laravel/framework/src/Illuminate/Database/Migrations/Migrator.php(797): Illuminate\\Database\\Migrations\\DatabaseMigrationRepository->repositoryExists()
#7 /Users/rifkinasss/Documents/workspace/Startup/NasLabs/internal-projects/Blog/vendor/laravel/framework/src/Illuminate/Database/Console/Migrations/StatusCommand.php(67): Illuminate\\Database\\Migrations\\Migrator->repositoryExists()
#8 /Users/rifkinasss/Documents/workspace/Startup/NasLabs/internal-projects/Blog/vendor/laravel/framework/src/Illuminate/Database/Migrations/Migrator.php(672): Illuminate\\Database\\Console\\Migrations\\StatusCommand->{closure:Illuminate\\Database\\Console\\Migrations\\StatusCommand::handle():66}()
#9 /Users/rifkinasss/Documents/workspace/Startup/NasLabs/internal-projects/Blog/vendor/laravel/framework/src/Illuminate/Database/Console/Migrations/StatusCommand.php(66): Illuminate\\Database\\Migrations\\Migrator->usingConnection(NULL, Object(Closure))
#10 /Users/rifkinasss/Documents/workspace/Startup/NasLabs/internal-projects/Blog/vendor/laravel/framework/src/Illuminate/Container/BoundMethod.php(36): Illuminate\\Database\\Console\\Migrations\\StatusCommand->handle()
#11 /Users/rifkinasss/Documents/workspace/Startup/NasLabs/internal-projects/Blog/vendor/laravel/framework/src/Illuminate/Container/Util.php(43): Illuminate\\Container\\BoundMethod::{closure:Illuminate\\Container\\BoundMethod::call():35}()
#12 /Users/rifkinasss/Documents/workspace/Startup/NasLabs/internal-projects/Blog/vendor/laravel/framework/src/Illuminate/Container/BoundMethod.php(96): Illuminate\\Container\\Util::unwrapIfClosure(Object(Closure))
#13 /Users/rifkinasss/Documents/workspace/Startup/NasLabs/internal-projects/Blog/vendor/laravel/framework/src/Illuminate/Container/BoundMethod.php(35): Illuminate\\Container\\BoundMethod::callBoundMethod(Object(Illuminate\\Foundation\\Application), Array, Object(Closure))
#14 /Users/rifkinasss/Documents/workspace/Startup/NasLabs/internal-projects/Blog/vendor/laravel/framework/src/Illuminate/Container/Container.php(803): Illuminate\\Container\\BoundMethod::call(Object(Illuminate\\Foundation\\Application), Array, Array, NULL)
#15 /Users/rifkinasss/Documents/workspace/Startup/NasLabs/internal-projects/Blog/vendor/laravel/framework/src/Illuminate/Console/Command.php(292): Illuminate\\Container\\Container->call(Array)
#16 /Users/rifkinasss/Documents/workspace/Startup/NasLabs/internal-projects/Blog/vendor/symfony/console/Command/Command.php(285): Illuminate\\Console\\Command->execute(Object(Symfony\\Component\\Console\\Input\\ArgvInput), Object(Illuminate\\Console\\OutputStyle))
#17 /Users/rifkinasss/Documents/workspace/Startup/NasLabs/internal-projects/Blog/vendor/laravel/framework/src/Illuminate/Console/Command.php(261): Symfony\\Component\\Console\\Command\\Command->run(Object(Symfony\\Component\\Console\\Input\\ArgvInput), Object(Illuminate\\Console\\OutputStyle))
#18 /Users/rifkinasss/Documents/workspace/Startup/NasLabs/internal-projects/Blog/vendor/symfony/console/Application.php(1144): Illuminate\\Console\\Command->run(Object(Symfony\\Component\\Console\\Input\\ArgvInput), Object(Symfony\\Component\\Console\\Output\\ConsoleOutput))
#19 /Users/rifkinasss/Documents/workspace/Startup/NasLabs/internal-projects/Blog/vendor/symfony/console/Application.php(379): Symfony\\Component\\Console\\Application->doRunCommand(Object(Illuminate\\Database\\Console\\Migrations\\StatusCommand), Object(Symfony\\Component\\Console\\Input\\ArgvInput), Object(Symfony\\Component\\Console\\Output\\ConsoleOutput))
#20 /Users/rifkinasss/Documents/workspace/Startup/NasLabs/internal-projects/Blog/vendor/symfony/console/Application.php(218): Symfony\\Component\\Console\\Application->doRun(Object(Symfony\\Component\\Console\\Input\\ArgvInput), Object(Symfony\\Component\\Console\\Output\\ConsoleOutput))
#21 /Users/rifkinasss/Documents/workspace/Startup/NasLabs/internal-projects/Blog/vendor/laravel/framework/src/Illuminate/Foundation/Console/Kernel.php(198): Symfony\\Component\\Console\\Application->run(Object(Symfony\\Component\\Console\\Input\\ArgvInput), Object(Symfony\\Component\\Console\\Output\\ConsoleOutput))
#22 /Users/rifkinasss/Documents/workspace/Startup/NasLabs/internal-projects/Blog/vendor/laravel/framework/src/Illuminate/Foundation/Application.php(1242): Illuminate\\Foundation\\Console\\Kernel->handle(Object(Symfony\\Component\\Console\\Input\\ArgvInput), Object(Symfony\\Component\\Console\\Output\\ConsoleOutput))
#23 /Users/rifkinasss/Documents/workspace/Startup/NasLabs/internal-projects/Blog/artisan(16): Illuminate\\Foundation\\Application->handleCommand(Object(Symfony\\Component\\Console\\Input\\ArgvInput))
#24 {main}

[previous exception] [object] (PDOException(code: 7): SQLSTATE[08006] [7] connection to server at \"127.0.0.1\", port 5432 failed: Operation not permitted
\tIs the server running on that host and accepting TCP/IP connections? at /Users/rifkinasss/Documents/workspace/Startup/NasLabs/internal-projects/Blog/vendor/laravel/framework/src/Illuminate/Database/Connectors/Connector.php:67)
[stacktrace]
#0 /Users/rifkinasss/Documents/workspace/Startup/NasLabs/internal-projects/Blog/vendor/laravel/framework/src/Illuminate/Database/Connectors/Connector.php(67): PDO::connect('pgsql:host=127....', 'naslabs', Object(SensitiveParameterValue), Array)
#1 /Users/rifkinasss/Documents/workspace/Startup/NasLabs/internal-projects/Blog/vendor/laravel/framework/src/Illuminate/Database/Connectors/Connector.php(44): Illuminate\\Database\\Connectors\\Connector->createPdoConnection('pgsql:host=127....', 'naslabs', Object(SensitiveParameterValue), Array)
#2 /Users/rifkinasss/Documents/workspace/Startup/NasLabs/internal-projects/Blog/vendor/laravel/framework/src/Illuminate/Database/Connectors/PostgresConnector.php(35): Illuminate\\Database\\Connectors\\Connector->createConnection('pgsql:host=127....', Array, Array)
#3 /Users/rifkinasss/Documents/workspace/Startup/NasLabs/internal-projects/Blog/vendor/laravel/framework/src/Illuminate/Database/Connectors/ConnectionFactory.php(220): Illuminate\\Database\\Connectors\\PostgresConnector->connect(Array)
#4 [internal function]: Illuminate\\Database\\Connectors\\ConnectionFactory->{closure:Illuminate\\Database\\Connectors\\ConnectionFactory::createPdoResolverWithHosts():213}()
#5 /Users/rifkinasss/Documents/workspace/Startup/NasLabs/internal-projects/Blog/vendor/laravel/framework/src/Illuminate/Database/Connection.php(1298): call_user_func(Object(Closure))
#6 /Users/rifkinasss/Documents/workspace/Startup/NasLabs/internal-projects/Blog/vendor/laravel/framework/src/Illuminate/Database/Connection.php(1336): Illuminate\\Database\\Connection->getPdo()
#7 /Users/rifkinasss/Documents/workspace/Startup/NasLabs/internal-projects/Blog/vendor/laravel/framework/src/Illuminate/Database/Connection.php(542): Illuminate\\Database\\Connection->getReadPdo()
#8 /Users/rifkinasss/Documents/workspace/Startup/NasLabs/internal-projects/Blog/vendor/laravel/framework/src/Illuminate/Database/Connection.php(435): Illuminate\\Database\\Connection->getPdoForSelect(true)
#9 /Users/rifkinasss/Documents/workspace/Startup/NasLabs/internal-projects/Blog/vendor/laravel/framework/src/Illuminate/Database/Connection.php(846): Illuminate\\Database\\Connection->{closure:Illuminate\\Database\\Connection::select():426}('select exists (...', Array)
#10 /Users/rifkinasss/Documents/workspace/Startup/NasLabs/internal-projects/Blog/vendor/laravel/framework/src/Illuminate/Database/Connection.php(813): Illuminate\\Database\\Connection->runQueryCallback('select exists (...', Array, Object(Closure))
#11 /Users/rifkinasss/Documents/workspace/Startup/NasLabs/internal-projects/Blog/vendor/laravel/framework/src/Illuminate/Database/Connection.php(426): Illuminate\\Database\\Connection->run('select exists (...', Array, Object(Closure))
#12 /Users/rifkinasss/Documents/workspace/Startup/NasLabs/internal-projects/Blog/vendor/laravel/framework/src/Illuminate/Database/Connection.php(371): Illuminate\\Database\\Connection->select('select exists (...', Array, true)
#13 /Users/rifkinasss/Documents/workspace/Startup/NasLabs/internal-projects/Blog/vendor/laravel/framework/src/Illuminate/Database/Connection.php(388): Illuminate\\Database\\Connection->selectOne('select exists (...', Array, true)
#14 /Users/rifkinasss/Documents/workspace/Startup/NasLabs/internal-projects/Blog/vendor/laravel/framework/src/Illuminate/Database/Schema/Builder.php(176): Illuminate\\Database\\Connection->scalar('select exists (...')
#15 /Users/rifkinasss/Documents/workspace/Startup/NasLabs/internal-projects/Blog/vendor/laravel/framework/src/Illuminate/Database/Migrations/DatabaseMigrationRepository.php(185): Illuminate\\Database\\Schema\\Builder->hasTable('migrations')
#16 /Users/rifkinasss/Documents/workspace/Startup/NasLabs/internal-projects/Blog/vendor/laravel/framework/src/Illuminate/Database/Migrations/Migrator.php(797): Illuminate\\Database\\Migrations\\DatabaseMigrationRepository->repositoryExists()
#17 /Users/rifkinasss/Documents/workspace/Startup/NasLabs/internal-projects/Blog/vendor/laravel/framework/src/Illuminate/Database/Console/Migrations/StatusCommand.php(67): Illuminate\\Database\\Migrations\\Migrator->repositoryExists()
#18 /Users/rifkinasss/Documents/workspace/Startup/NasLabs/internal-projects/Blog/vendor/laravel/framework/src/Illuminate/Database/Migrations/Migrator.php(672): Illuminate\\Database\\Console\\Migrations\\StatusCommand->{closure:Illuminate\\Database\\Console\\Migrations\\StatusCommand::handle():66}()
#19 /Users/rifkinasss/Documents/workspace/Startup/NasLabs/internal-projects/Blog/vendor/laravel/framework/src/Illuminate/Database/Console/Migrations/StatusCommand.php(66): Illuminate\\Database\\Migrations\\Migrator->usingConnection(NULL, Object(Closure))
#20 /Users/rifkinasss/Documents/workspace/Startup/NasLabs/internal-projects/Blog/vendor/laravel/framework/src/Illuminate/Container/BoundMethod.php(36): Illuminate\\Database\\Console\\Migrations\\StatusCommand->handle()
#21 /Users/rifkinasss/Documents/workspace/Startup/NasLabs/internal-projects/Blog/vendor/laravel/framework/src/Illuminate/Container/Util.php(43): Illuminate\\Container\\BoundMethod::{closure:Illuminate\\Container\\BoundMethod::call():35}()
#22 /Users/rifkinasss/Documents/workspace/Startup/NasLabs/internal-projects/Blog/vendor/laravel/framework/src/Illuminate/Container/BoundMethod.php(96): Illuminate\\Container\\Util::unwrapIfClosure(Object(Closure))
#23 /Users/rifkinasss/Documents/workspace/Startup/NasLabs/internal-projects/Blog/vendor/laravel/framework/src/Illuminate/Container/BoundMethod.php(35): Illuminate\\Container\\BoundMethod::callBoundMethod(Object(Illuminate\\Foundation\\Application), Array, Object(Closure))
#24 /Users/rifkinasss/Documents/workspace/Startup/NasLabs/internal-projects/Blog/vendor/laravel/framework/src/Illuminate/Container/Container.php(803): Illuminate\\Container\\BoundMethod::call(Object(Illuminate\\Foundation\\Application), Array, Array, NULL)
#25 /Users/rifkinasss/Documents/workspace/Startup/NasLabs/internal-projects/Blog/vendor/laravel/framework/src/Illuminate/Console/Command.php(292): Illuminate\\Container\\Container->call(Array)
#26 /Users/rifkinasss/Documents/workspace/Startup/NasLabs/internal-projects/Blog/vendor/symfony/console/Command/Command.php(285): Illuminate\\Console\\Command->execute(Object(Symfony\\Component\\Console\\Input\\ArgvInput), Object(Illuminate\\Console\\OutputStyle))
#27 /Users/rifkinasss/Documents/workspace/Startup/NasLabs/internal-projects/Blog/vendor/laravel/framework/src/Illuminate/Console/Command.php(261): Symfony\\Component\\Console\\Command\\Command->run(Object(Symfony\\Component\\Console\\Input\\ArgvInput), Object(Illuminate\\Console\\OutputStyle))
#28 /Users/rifkinasss/Documents/workspace/Startup/NasLabs/internal-projects/Blog/vendor/symfony/console/Application.php(1144): Illuminate\\Console\\Command->run(Object(Symfony\\Component\\Console\\Input\\ArgvInput), Object(Symfony\\Component\\Console\\Output\\ConsoleOutput))
#29 /Users/rifkinasss/Documents/workspace/Startup/NasLabs/internal-projects/Blog/vendor/symfony/console/Application.php(379): Symfony\\Component\\Console\\Application->doRunCommand(Object(Illuminate\\Database\\Console\\Migrations\\StatusCommand), Object(Symfony\\Component\\Console\\Input\\ArgvInput), Object(Symfony\\Component\\Console\\Output\\ConsoleOutput))
#30 /Users/rifkinasss/Documents/workspace/Startup/NasLabs/internal-projects/Blog/vendor/symfony/console/Application.php(218): Symfony\\Component\\Console\\Application->doRun(Object(Symfony\\Component\\Console\\Input\\ArgvInput), Object(Symfony\\Component\\Console\\Output\\ConsoleOutput))
#31 /Users/rifkinasss/Documents/workspace/Startup/NasLabs/internal-projects/Blog/vendor/laravel/framework/src/Illuminate/Foundation/Console/Kernel.php(198): Symfony\\Component\\Console\\Application->run(Object(Symfony\\Component\\Console\\Input\\ArgvInput), Object(Symfony\\Component\\Console\\Output\\ConsoleOutput))
#32 /Users/rifkinasss/Documents/workspace/Startup/NasLabs/internal-projects/Blog/vendor/laravel/framework/src/Illuminate/Foundation/Application.php(1242): Illuminate\\Foundation\\Console\\Kernel->handle(Object(Symfony\\Component\\Console\\Input\\ArgvInput), Object(Symfony\\Component\\Console\\Output\\ConsoleOutput))
#33 /Users/rifkinasss/Documents/workspace/Startup/NasLabs/internal-projects/Blog/artisan(16): Illuminate\\Foundation\\Application->handleCommand(Object(Symfony\\Component\\Console\\Input\\ArgvInput))
#34 {main}
"} 
[2026-09-17 03:14:12] local.ERROR: SQLSTATE[08006] [7] connection to server at "127.0.0.1", port 5432 failed: Operation not permitted
	Is the server running on that host and accepting TCP/IP connections? (Connection: pgsql, Host: 127.0.0.1, Port: 5432, Database: naslabs_blog, SQL: select exists (select 1 from pg_class c, pg_namespace n where n.nspname = current_schema() and c.relname = 'migrations' and c.relkind in ('r', 'p') and n.oid = c.relnamespace)) {"exception":"[object] (Illuminate\\Database\\QueryException(code: 7): SQLSTATE[08006] [7] connection to server at \"127.0.0.1\", port 5432 failed: Operation not permitted
\tIs the server running on that host and accepting TCP/IP connections? (Connection: pgsql, Host: 127.0.0.1, Port: 5432, Database: naslabs_blog, SQL: select exists (select 1 from pg_class c, pg_namespace n where n.nspname = current_schema() and c.relname = 'migrations' and c.relkind in ('r', 'p') and n.oid = c.relnamespace)) at /Users/rifkinasss/Documents/workspace/Startup/NasLabs/internal-projects/Blog/vendor/laravel/framework/src/Illuminate/Database/Connection.php:857)
[stacktrace]
#0 /Users/rifkinasss/Documents/workspace/Startup/NasLabs/internal-projects/Blog/vendor/laravel/framework/src/Illuminate/Database/Connection.php(813): Illuminate\\Database\\Connection->runQueryCallback('select exists (...', Array, Object(Closure))
#1 /Users/rifkinasss/Documents/workspace/Startup/NasLabs/internal-projects/Blog/vendor/laravel/framework/src/Illuminate/Database/Connection.php(426): Illuminate\\Database\\Connection->run('select exists (...', Array, Object(Closure))
#2 /Users/rifkinasss/Documents/workspace/Startup/NasLabs/internal-projects/Blog/vendor/laravel/framework/src/Illuminate/Database/Connection.php(371): Illuminate\\Database\\Connection->select('select exists (...', Array, true)
#3 /Users/rifkinasss/Documents/workspace/Startup/NasLabs/internal-projects/Blog/vendor/laravel/framework/src/Illuminate/Database/Connection.php(388): Illuminate\\Database\\Connection->selectOne('select exists (...', Array, true)
#4 /Users/rifkinasss/Documents/workspace/Startup/NasLabs/internal-projects/Blog/vendor/laravel/framework/src/Illuminate/Database/Schema/Builder.php(176): Illuminate\\Database\\Connection->scalar('select exists (...')
#5 /Users/rifkinasss/Documents/workspace/Startup/NasLabs/internal-projects/Blog/vendor/laravel/framework/src/Illuminate/Database/Migrations/DatabaseMigrationRepository.php(185): Illuminate\\Database\\Schema\\Builder->hasTable('migrations')
#6 /Users/rifkinasss/Documents/workspace/Startup/NasLabs/internal-projects/Blog/vendor/laravel/framework/src/Illuminate/Database/Migrations/Migrator.php(797): Illuminate\\Database\\Migrations\\DatabaseMigrationRepository->repositoryExists()
#7 /Users/rifkinasss/Documents/workspace/Startup/NasLabs/internal-projects/Blog/vendor/laravel/framework/src/Illuminate/Database/Console/Migrations/StatusCommand.php(67): Illuminate\\Database\\Migrations\\Migrator->repositoryExists()
#8 /Users/rifkinasss/Documents/workspace/Startup/NasLabs/internal-projects/Blog/vendor/laravel/framework/src/Illuminate/Database/Migrations/Migrator.php(672): Illuminate\\Database\\Console\\Migrations\\StatusCommand->{closure:Illuminate\\Database\\Console\\Migrations\\StatusCommand::handle():66}()
#9 /Users/rifkinasss/Documents/workspace/Startup/NasLabs/internal-projects/Blog/vendor/laravel/framework/src/Illuminate/Database/Console/Migrations/StatusCommand.php(66): Illuminate\\Database\\Migrations\\Migrator->usingConnection(NULL, Object(Closure))
#10 /Users/rifkinasss/Documents/workspace/Startup/NasLabs/internal-projects/Blog/vendor/laravel/framework/src/Illuminate/Container/BoundMethod.php(36): Illuminate\\Database\\Console\\Migrations\\StatusCommand->handle()
#11 /Users/rifkinasss/Documents/workspace/Startup/NasLabs/internal-projects/Blog/vendor/laravel/framework/src/Illuminate/Container/Util.php(43): Illuminate\\Container\\BoundMethod::{closure:Illuminate\\Container\\BoundMethod::call():35}()
#12 /Users/rifkinasss/Documents/workspace/Startup/NasLabs/internal-projects/Blog/vendor/laravel/framework/src/Illuminate/Container/BoundMethod.php(96): Illuminate\\Container\\Util::unwrapIfClosure(Object(Closure))
#13 /Users/rifkinasss/Documents/workspace/Startup/NasLabs/internal-projects/Blog/vendor/laravel/framework/src/Illuminate/Container/BoundMethod.php(35): Illuminate\\Container\\BoundMethod::callBoundMethod(Object(Illuminate\\Foundation\\Application), Array, Object(Closure))
#14 /Users/rifkinasss/Documents/workspace/Startup/NasLabs/internal-projects/Blog/vendor/laravel/framework/src/Illuminate/Container/Container.php(803): Illuminate\\Container\\BoundMethod::call(Object(Illuminate\\Foundation\\Application), Array, Array, NULL)
#15 /Users/rifkinasss/Documents/workspace/Startup/NasLabs/internal-projects/Blog/vendor/laravel/framework/src/Illuminate/Console/Command.php(292): Illuminate\\Container\\Container->call(Array)
#16 /Users/rifkinasss/Documents/workspace/Startup/NasLabs/internal-projects/Blog/vendor/symfony/console/Command/Command.php(285): Illuminate\\Console\\Command->execute(Object(Symfony\\Component\\Console\\Input\\ArgvInput), Object(Illuminate\\Console\\OutputStyle))
#17 /Users/rifkinasss/Documents/workspace/Startup/NasLabs/internal-projects/Blog/vendor/laravel/framework/src/Illuminate/Console/Command.php(261): Symfony\\Component\\Console\\Command\\Command->run(Object(Symfony\\Component\\Console\\Input\\ArgvInput), Object(Illuminate\\Console\\OutputStyle))
#18 /Users/rifkinasss/Documents/workspace/Startup/NasLabs/internal-projects/Blog/vendor/symfony/console/Application.php(1144): Illuminate\\Console\\Command->run(Object(Symfony\\Component\\Console\\Input\\ArgvInput), Object(Symfony\\Component\\Console\\Output\\ConsoleOutput))
#19 /Users/rifkinasss/Documents/workspace/Startup/NasLabs/internal-projects/Blog/vendor/symfony/console/Application.php(379): Symfony\\Component\\Console\\Application->doRunCommand(Object(Illuminate\\Database\\Console\\Migrations\\StatusCommand), Object(Symfony\\Component\\Console\\Input\\ArgvInput), Object(Symfony\\Component\\Console\\Output\\ConsoleOutput))
#20 /Users/rifkinasss/Documents/workspace/Startup/NasLabs/internal-projects/Blog/vendor/symfony/console/Application.php(218): Symfony\\Component\\Console\\Application->doRun(Object(Symfony\\Component\\Console\\Input\\ArgvInput), Object(Symfony\\Component\\Console\\Output\\ConsoleOutput))
#21 /Users/rifkinasss/Documents/workspace/Startup/NasLabs/internal-projects/Blog/vendor/laravel/framework/src/Illuminate/Foundation/Console/Kernel.php(198): Symfony\\Component\\Console\\Application->run(Object(Symfony\\Component\\Console\\Input\\ArgvInput), Object(Symfony\\Component\\Console\\Output\\ConsoleOutput))
#22 /Users/rifkinasss/Documents/workspace/Startup/NasLabs/internal-projects/Blog/vendor/laravel/framework/src/Illuminate/Foundation/Application.php(1242): Illuminate\\Foundation\\Console\\Kernel->handle(Object(Symfony\\Component\\Console\\Input\\ArgvInput), Object(Symfony\\Component\\Console\\Output\\ConsoleOutput))
#23 /Users/rifkinasss/Documents/workspace/Startup/NasLabs/internal-projects/Blog/artisan(16): Illuminate\\Foundation\\Application->handleCommand(Object(Symfony\\Component\\Console\\Input\\ArgvInput))
#24 {main}

[previous exception] [object] (PDOException(code: 7): SQLSTATE[08006] [7] connection to server at \"127.0.0.1\", port 5432 failed: Operation not permitted
\tIs the server running on that host and accepting TCP/IP connections? at /Users/rifkinasss/Documents/workspace/Startup/NasLabs/internal-projects/Blog/vendor/laravel/framework/src/Illuminate/Database/Connectors/Connector.php:67)
[stacktrace]
#0 /Users/rifkinasss/Documents/workspace/Startup/NasLabs/internal-projects/Blog/vendor/laravel/framework/src/Illuminate/Database/Connectors/Connector.php(67): PDO::connect('pgsql:host=127....', 'naslabs', Object(SensitiveParameterValue), Array)
#1 /Users/rifkinasss/Documents/workspace/Startup/NasLabs/internal-projects/Blog/vendor/laravel/framework/src/Illuminate/Database/Connectors/Connector.php(44): Illuminate\\Database\\Connectors\\Connector->createPdoConnection('pgsql:host=127....', 'naslabs', Object(SensitiveParameterValue), Array)
#2 /Users/rifkinasss/Documents/workspace/Startup/NasLabs/internal-projects/Blog/vendor/laravel/framework/src/Illuminate/Database/Connectors/PostgresConnector.php(35): Illuminate\\Database\\Connectors\\Connector->createConnection('pgsql:host=127....', Array, Array)
#3 /Users/rifkinasss/Documents/workspace/Startup/NasLabs/internal-projects/Blog/vendor/laravel/framework/src/Illuminate/Database/Connectors/ConnectionFactory.php(220): Illuminate\\Database\\Connectors\\PostgresConnector->connect(Array)
#4 [internal function]: Illuminate\\Database\\Connectors\\ConnectionFactory->{closure:Illuminate\\Database\\Connectors\\ConnectionFactory::createPdoResolverWithHosts():213}()
#5 /Users/rifkinasss/Documents/workspace/Startup/NasLabs/internal-projects/Blog/vendor/laravel/framework/src/Illuminate/Database/Connection.php(1298): call_user_func(Object(Closure))
#6 /Users/rifkinasss/Documents/workspace/Startup/NasLabs/internal-projects/Blog/vendor/laravel/framework/src/Illuminate/Database/Connection.php(1336): Illuminate\\Database\\Connection->getPdo()
#7 /Users/rifkinasss/Documents/workspace/Startup/NasLabs/internal-projects/Blog/vendor/laravel/framework/src/Illuminate/Database/Connection.php(542): Illuminate\\Database\\Connection->getReadPdo()
#8 /Users/rifkinasss/Documents/workspace/Startup/NasLabs/internal-projects/Blog/vendor/laravel/framework/src/Illuminate/Database/Connection.php(435): Illuminate\\Database\\Connection->getPdoForSelect(true)
#9 /Users/rifkinasss/Documents/workspace/Startup/NasLabs/internal-projects/Blog/vendor/laravel/framework/src/Illuminate/Database/Connection.php(846): Illuminate\\Database\\Connection->{closure:Illuminate\\Database\\Connection::select():426}('select exists (...', Array)
#10 /Users/rifkinasss/Documents/workspace/Startup/NasLabs/internal-projects/Blog/vendor/laravel/framework/src/Illuminate/Database/Connection.php(813): Illuminate\\Database\\Connection->runQueryCallback('select exists (...', Array, Object(Closure))
#11 /Users/rifkinasss/Documents/workspace/Startup/NasLabs/internal-projects/Blog/vendor/laravel/framework/src/Illuminate/Database/Connection.php(426): Illuminate\\Database\\Connection->run('select exists (...', Array, Object(Closure))
#12 /Users/rifkinasss/Documents/workspace/Startup/NasLabs/internal-projects/Blog/vendor/laravel/framework/src/Illuminate/Database/Connection.php(371): Illuminate\\Database\\Connection->select('select exists (...', Array, true)
#13 /Users/rifkinasss/Documents/workspace/Startup/NasLabs/internal-projects/Blog/vendor/laravel/framework/src/Illuminate/Database/Connection.php(388): Illuminate\\Database\\Connection->selectOne('select exists (...', Array, true)
#14 /Users/rifkinasss/Documents/workspace/Startup/NasLabs/internal-projects/Blog/vendor/laravel/framework/src/Illuminate/Database/Schema/Builder.php(176): Illuminate\\Database\\Connection->scalar('select exists (...')
#15 /Users/rifkinasss/Documents/workspace/Startup/NasLabs/internal-projects/Blog/vendor/laravel/framework/src/Illuminate/Database/Migrations/DatabaseMigrationRepository.php(185): Illuminate\\Database\\Schema\\Builder->hasTable('migrations')
#16 /Users/rifkinasss/Documents/workspace/Startup/NasLabs/internal-projects/Blog/vendor/laravel/framework/src/Illuminate/Database/Migrations/Migrator.php(797): Illuminate\\Database\\Migrations\\DatabaseMigrationRepository->repositoryExists()
#17 /Users/rifkinasss/Documents/workspace/Startup/NasLabs/internal-projects/Blog/vendor/laravel/framework/src/Illuminate/Database/Console/Migrations/StatusCommand.php(67): Illuminate\\Database\\Migrations\\Migrator->repositoryExists()
#18 /Users/rifkinasss/Documents/workspace/Startup/NasLabs/internal-projects/Blog/vendor/laravel/framework/src/Illuminate/Database/Migrations/Migrator.php(672): Illuminate\\Database\\Console\\Migrations\\StatusCommand->{closure:Illuminate\\Database\\Console\\Migrations\\StatusCommand::handle():66}()
#19 /Users/rifkinasss/Documents/workspace/Startup/NasLabs/internal-projects/Blog/vendor/laravel/framework/src/Illuminate/Database/Console/Migrations/StatusCommand.php(66): Illuminate\\Database\\Migrations\\Migrator->usingConnection(NULL, Object(Closure))
#20 /Users/rifkinasss/Documents/workspace/Startup/NasLabs/internal-projects/Blog/vendor/laravel/framework/src/Illuminate/Container/BoundMethod.php(36): Illuminate\\Database\\Console\\Migrations\\StatusCommand->handle()
#21 /Users/rifkinasss/Documents/workspace/Startup/NasLabs/internal-projects/Blog/vendor/laravel/framework/src/Illuminate/Container/Util.php(43): Illuminate\\Container\\BoundMethod::{closure:Illuminate\\Container\\BoundMethod::call():35}()
#22 /Users/rifkinasss/Documents/workspace/Startup/NasLabs/internal-projects/Blog/vendor/laravel/framework/src/Illuminate/Container/BoundMethod.php(96): Illuminate\\Container\\Util::unwrapIfClosure(Object(Closure))
#23 /Users/rifkinasss/Documents/workspace/Startup/NasLabs/internal-projects/Blog/vendor/laravel/framework/src/Illuminate/Container/BoundMethod.php(35): Illuminate\\Container\\BoundMethod::callBoundMethod(Object(Illuminate\\Foundation\\Application), Array, Object(Closure))
#24 /Users/rifkinasss/Documents/workspace/Startup/NasLabs/internal-projects/Blog/vendor/laravel/framework/src/Illuminate/Container/Container.php(803): Illuminate\\Container\\BoundMethod::call(Object(Illuminate\\Foundation\\Application), Array, Array, NULL)
#25 /Users/rifkinasss/Documents/workspace/Startup/NasLabs/internal-projects/Blog/vendor/laravel/framework/src/Illuminate/Console/Command.php(292): Illuminate\\Container\\Container->call(Array)
#26 /Users/rifkinasss/Documents/workspace/Startup/NasLabs/internal-projects/Blog/vendor/symfony/console/Command/Command.php(285): Illuminate\\Console\\Command->execute(Object(Symfony\\Component\\Console\\Input\\ArgvInput), Object(Illuminate\\Console\\OutputStyle))
#27 /Users/rifkinasss/Documents/workspace/Startup/NasLabs/internal-projects/Blog/vendor/laravel/framework/src/Illuminate/Console/Command.php(261): Symfony\\Component\\Console\\Command\\Command->run(Object(Symfony\\Component\\Console\\Input\\ArgvInput), Object(Illuminate\\Console\\OutputStyle))
#28 /Users/rifkinasss/Documents/workspace/Startup/NasLabs/internal-projects/Blog/vendor/symfony/console/Application.php(1144): Illuminate\\Console\\Command->run(Object(Symfony\\Component\\Console\\Input\\ArgvInput), Object(Symfony\\Component\\Console\\Output\\ConsoleOutput))
#29 /Users/rifkinasss/Documents/workspace/Startup/NasLabs/internal-projects/Blog/vendor/symfony/console/Application.php(379): Symfony\\Component\\Console\\Application->doRunCommand(Object(Illuminate\\Database\\Console\\Migrations\\StatusCommand), Object(Symfony\\Component\\Console\\Input\\ArgvInput), Object(Symfony\\Component\\Console\\Output\\ConsoleOutput))
#30 /Users/rifkinasss/Documents/workspace/Startup/NasLabs/internal-projects/Blog/vendor/symfony/console/Application.php(218): Symfony\\Component\\Console\\Application->doRun(Object(Symfony\\Component\\Console\\Input\\ArgvInput), Object(Symfony\\Component\\Console\\Output\\ConsoleOutput))
#31 /Users/rifkinasss/Documents/workspace/Startup/NasLabs/internal-projects/Blog/vendor/laravel/framework/src/Illuminate/Foundation/Console/Kernel.php(198): Symfony\\Component\\Console\\Application->run(Object(Symfony\\Component\\Console\\Input\\ArgvInput), Object(Symfony\\Component\\Console\\Output\\ConsoleOutput))
#32 /Users/rifkinasss/Documents/workspace/Startup/NasLabs/internal-projects/Blog/vendor/laravel/framework/src/Illuminate/Foundation/Application.php(1242): Illuminate\\Foundation\\Console\\Kernel->handle(Object(Symfony\\Component\\Console\\Input\\ArgvInput), Object(Symfony\\Component\\Console\\Output\\ConsoleOutput))
#33 /Users/rifkinasss/Documents/workspace/Startup/NasLabs/internal-projects/Blog/artisan(16): Illuminate\\Foundation\\Application->handleCommand(Object(Symfony\\Component\\Console\\Input\\ArgvInput))
#34 {main}
"} 
[2026-09-17 03:24:37] local.ERROR: Spatie\Backup\Exceptions\InvalidConfig::invalidEmail(): Argument #1 ($email) must be of type string, null given, called in /Users/rifkinasss/Documents/workspace/Startup/NasLabs/internal-projects/Blog/vendor/spatie/laravel-backup/src/Config/NotificationMailConfig.php on line 27 {"exception":"[object] (TypeError(code: 0): Spatie\\Backup\\Exceptions\\InvalidConfig::invalidEmail(): Argument #1 ($email) must be of type string, null given, called in /Users/rifkinasss/Documents/workspace/Startup/NasLabs/internal-projects/Blog/vendor/spatie/laravel-backup/src/Config/NotificationMailConfig.php on line 27 at /Users/rifkinasss/Documents/workspace/Startup/NasLabs/internal-projects/Blog/vendor/spatie/laravel-backup/src/Exceptions/InvalidConfig.php:9)
[stacktrace]
#0 /Users/rifkinasss/Documents/workspace/Startup/NasLabs/internal-projects/Blog/vendor/spatie/laravel-backup/src/Config/NotificationMailConfig.php(27): Spatie\\Backup\\Exceptions\\InvalidConfig::invalidEmail(NULL)
#1 /Users/rifkinasss/Documents/workspace/Startup/NasLabs/internal-projects/Blog/vendor/spatie/laravel-backup/src/Config/NotificationsConfig.php(35): Spatie\\Backup\\Config\\NotificationMailConfig::fromArray(Array)
#2 /Users/rifkinasss/Documents/workspace/Startup/NasLabs/internal-projects/Blog/vendor/spatie/laravel-backup/src/Config/Config.php(31): Spatie\\Backup\\Config\\NotificationsConfig::fromArray(Array)
#3 /Users/rifkinasss/Documents/workspace/Startup/NasLabs/internal-projects/Blog/vendor/spatie/laravel-backup/src/BackupServiceProvider.php(65): Spatie\\Backup\\Config\\Config::fromArray(Array)
#4 /Users/rifkinasss/Documents/workspace/Startup/NasLabs/internal-projects/Blog/vendor/laravel/framework/src/Illuminate/Container/Container.php(1140): Spatie\\Backup\\BackupServiceProvider->{closure:Spatie\\Backup\\BackupServiceProvider::packageRegistered():64}(Object(Illuminate\\Foundation\\Application), Array)
#5 /Users/rifkinasss/Documents/workspace/Startup/NasLabs/internal-projects/Blog/vendor/laravel/framework/src/Illuminate/Container/Container.php(939): Illuminate\\Container\\Container->build(Object(Closure))
#6 /Users/rifkinasss/Documents/workspace/Startup/NasLabs/internal-projects/Blog/vendor/laravel/framework/src/Illuminate/Foundation/Application.php(1085): Illuminate\\Container\\Container->resolve('Spatie\\\\Backup\\\\C...', Array, true)
#7 /Users/rifkinasss/Documents/workspace/Startup/NasLabs/internal-projects/Blog/vendor/laravel/framework/src/Illuminate/Container/Container.php(867): Illuminate\\Foundation\\Application->resolve('Spatie\\\\Backup\\\\C...', Array)
#8 /Users/rifkinasss/Documents/workspace/Startup/NasLabs/internal-projects/Blog/vendor/laravel/framework/src/Illuminate/Foundation/Application.php(1065): Illuminate\\Container\\Container->make('Spatie\\\\Backup\\\\C...', Array)
#9 /Users/rifkinasss/Documents/workspace/Startup/NasLabs/internal-projects/Blog/vendor/laravel/framework/src/Illuminate/Container/Container.php(1363): Illuminate\\Foundation\\Application->make('Spatie\\\\Backup\\\\C...')
#10 /Users/rifkinasss/Documents/workspace/Startup/NasLabs/internal-projects/Blog/vendor/laravel/framework/src/Illuminate/Container/Container.php(1264): Illuminate\\Container\\Container->resolveClass(Object(ReflectionParameter), 'Spatie\\\\Backup\\\\C...')
#11 /Users/rifkinasss/Documents/workspace/Startup/NasLabs/internal-projects/Blog/vendor/laravel/framework/src/Illuminate/Container/Container.php(1187): Illuminate\\Container\\Container->resolveDependencies(Array)
#12 /Users/rifkinasss/Documents/workspace/Startup/NasLabs/internal-projects/Blog/vendor/laravel/framework/src/Illuminate/Container/Container.php(939): Illuminate\\Container\\Container->build('Spatie\\\\Backup\\\\C...')
#13 /Users/rifkinasss/Documents/workspace/Startup/NasLabs/internal-projects/Blog/vendor/laravel/framework/src/Illuminate/Foundation/Application.php(1085): Illuminate\\Container\\Container->resolve('Spatie\\\\Backup\\\\C...', Array, true)
#14 /Users/rifkinasss/Documents/workspace/Startup/NasLabs/internal-projects/Blog/vendor/laravel/framework/src/Illuminate/Container/Container.php(867): Illuminate\\Foundation\\Application->resolve('Spatie\\\\Backup\\\\C...', Array)
#15 /Users/rifkinasss/Documents/workspace/Startup/NasLabs/internal-projects/Blog/vendor/laravel/framework/src/Illuminate/Foundation/Application.php(1065): Illuminate\\Container\\Container->make('Spatie\\\\Backup\\\\C...', Array)
#16 /Users/rifkinasss/Documents/workspace/Startup/NasLabs/internal-projects/Blog/vendor/laravel/framework/src/Illuminate/Console/Application.php(275): Illuminate\\Foundation\\Application->make('Spatie\\\\Backup\\\\C...')
#17 /Users/rifkinasss/Documents/workspace/Startup/NasLabs/internal-projects/Blog/vendor/laravel/framework/src/Illuminate/Console/Application.php(289): Illuminate\\Console\\Application->resolve('Spatie\\\\Backup\\\\C...')
#18 /Users/rifkinasss/Documents/workspace/Startup/NasLabs/internal-projects/Blog/vendor/laravel/framework/src/Illuminate/Support/ServiceProvider.php(479): Illuminate\\Console\\Application->resolveCommands(Array)
#19 /Users/rifkinasss/Documents/workspace/Startup/NasLabs/internal-projects/Blog/vendor/laravel/framework/src/Illuminate/Console/Application.php(133): Illuminate\\Support\\ServiceProvider->{closure:Illuminate\\Support\\ServiceProvider::commands():478}(Object(Illuminate\\Console\\Application))
#20 /Users/rifkinasss/Documents/workspace/Startup/NasLabs/internal-projects/Blog/vendor/laravel/framework/src/Illuminate/Console/Application.php(80): Illuminate\\Console\\Application->bootstrap()
#21 /Users/rifkinasss/Documents/workspace/Startup/NasLabs/internal-projects/Blog/vendor/laravel/framework/src/Illuminate/Foundation/Console/Kernel.php(573): Illuminate\\Console\\Application->__construct(Object(Illuminate\\Foundation\\Application), Object(Illuminate\\Events\\Dispatcher), '13.31.0')
#22 /Users/rifkinasss/Documents/workspace/Startup/NasLabs/internal-projects/Blog/vendor/laravel/framework/src/Illuminate/Foundation/Console/Kernel.php(198): Illuminate\\Foundation\\Console\\Kernel->getArtisan()
#23 /Users/rifkinasss/Documents/workspace/Startup/NasLabs/internal-projects/Blog/vendor/laravel/framework/src/Illuminate/Foundation/Application.php(1242): Illuminate\\Foundation\\Console\\Kernel->handle(Object(Symfony\\Component\\Console\\Input\\ArgvInput), Object(Symfony\\Component\\Console\\Output\\ConsoleOutput))
#24 /Users/rifkinasss/Documents/workspace/Startup/NasLabs/internal-projects/Blog/artisan(16): Illuminate\\Foundation\\Application->handleCommand(Object(Symfony\\Component\\Console\\Input\\ArgvInput))
#25 {main}
"} 
[2026-09-17 03:29:34] local.ERROR: SQLSTATE[08006] [7] connection to server at "127.0.0.1", port 5432 failed: Operation not permitted
	Is the server running on that host and accepting TCP/IP connections? (Connection: pgsql, Host: 127.0.0.1, Port: 5432, Database: naslabs_blog, SQL: select exists (select 1 from pg_class c, pg_namespace n where n.nspname = current_schema() and c.relname = 'migrations' and c.relkind in ('r', 'p') and n.oid = c.relnamespace)) {"exception":"[object] (Illuminate\\Database\\QueryException(code: 7): SQLSTATE[08006] [7] connection to server at \"127.0.0.1\", port 5432 failed: Operation not permitted
\tIs the server running on that host and accepting TCP/IP connections? (Connection: pgsql, Host: 127.0.0.1, Port: 5432, Database: naslabs_blog, SQL: select exists (select 1 from pg_class c, pg_namespace n where n.nspname = current_schema() and c.relname = 'migrations' and c.relkind in ('r', 'p') and n.oid = c.relnamespace)) at /Users/rifkinasss/Documents/workspace/Startup/NasLabs/internal-projects/Blog/vendor/laravel/framework/src/Illuminate/Database/Connection.php:857)
[stacktrace]
#0 /Users/rifkinasss/Documents/workspace/Startup/NasLabs/internal-projects/Blog/vendor/laravel/framework/src/Illuminate/Database/Connection.php(813): Illuminate\\Database\\Connection->runQueryCallback('select exists (...', Array, Object(Closure))
#1 /Users/rifkinasss/Documents/workspace/Startup/NasLabs/internal-projects/Blog/vendor/laravel/framework/src/Illuminate/Database/Connection.php(426): Illuminate\\Database\\Connection->run('select exists (...', Array, Object(Closure))
#2 /Users/rifkinasss/Documents/workspace/Startup/NasLabs/internal-projects/Blog/vendor/laravel/framework/src/Illuminate/Database/Connection.php(371): Illuminate\\Database\\Connection->select('select exists (...', Array, true)
#3 /Users/rifkinasss/Documents/workspace/Startup/NasLabs/internal-projects/Blog/vendor/laravel/framework/src/Illuminate/Database/Connection.php(388): Illuminate\\Database\\Connection->selectOne('select exists (...', Array, true)
#4 /Users/rifkinasss/Documents/workspace/Startup/NasLabs/internal-projects/Blog/vendor/laravel/framework/src/Illuminate/Database/Schema/Builder.php(176): Illuminate\\Database\\Connection->scalar('select exists (...')
#5 /Users/rifkinasss/Documents/workspace/Startup/NasLabs/internal-projects/Blog/vendor/laravel/framework/src/Illuminate/Database/Migrations/DatabaseMigrationRepository.php(185): Illuminate\\Database\\Schema\\Builder->hasTable('migrations')
#6 /Users/rifkinasss/Documents/workspace/Startup/NasLabs/internal-projects/Blog/vendor/laravel/framework/src/Illuminate/Database/Migrations/Migrator.php(797): Illuminate\\Database\\Migrations\\DatabaseMigrationRepository->repositoryExists()
#7 /Users/rifkinasss/Documents/workspace/Startup/NasLabs/internal-projects/Blog/vendor/laravel/framework/src/Illuminate/Database/Console/Migrations/StatusCommand.php(67): Illuminate\\Database\\Migrations\\Migrator->repositoryExists()
#8 /Users/rifkinasss/Documents/workspace/Startup/NasLabs/internal-projects/Blog/vendor/laravel/framework/src/Illuminate/Database/Migrations/Migrator.php(672): Illuminate\\Database\\Console\\Migrations\\StatusCommand->{closure:Illuminate\\Database\\Console\\Migrations\\StatusCommand::handle():66}()
#9 /Users/rifkinasss/Documents/workspace/Startup/NasLabs/internal-projects/Blog/vendor/laravel/framework/src/Illuminate/Database/Console/Migrations/StatusCommand.php(66): Illuminate\\Database\\Migrations\\Migrator->usingConnection(NULL, Object(Closure))
#10 /Users/rifkinasss/Documents/workspace/Startup/NasLabs/internal-projects/Blog/vendor/laravel/framework/src/Illuminate/Container/BoundMethod.php(36): Illuminate\\Database\\Console\\Migrations\\StatusCommand->handle()
#11 /Users/rifkinasss/Documents/workspace/Startup/NasLabs/internal-projects/Blog/vendor/laravel/framework/src/Illuminate/Container/Util.php(43): Illuminate\\Container\\BoundMethod::{closure:Illuminate\\Container\\BoundMethod::call():35}()
#12 /Users/rifkinasss/Documents/workspace/Startup/NasLabs/internal-projects/Blog/vendor/laravel/framework/src/Illuminate/Container/BoundMethod.php(96): Illuminate\\Container\\Util::unwrapIfClosure(Object(Closure))
#13 /Users/rifkinasss/Documents/workspace/Startup/NasLabs/internal-projects/Blog/vendor/laravel/framework/src/Illuminate/Container/BoundMethod.php(35): Illuminate\\Container\\BoundMethod::callBoundMethod(Object(Illuminate\\Foundation\\Application), Array, Object(Closure))
#14 /Users/rifkinasss/Documents/workspace/Startup/NasLabs/internal-projects/Blog/vendor/laravel/framework/src/Illuminate/Container/Container.php(803): Illuminate\\Container\\BoundMethod::call(Object(Illuminate\\Foundation\\Application), Array, Array, NULL)
#15 /Users/rifkinasss/Documents/workspace/Startup/NasLabs/internal-projects/Blog/vendor/laravel/framework/src/Illuminate/Console/Command.php(292): Illuminate\\Container\\Container->call(Array)
#16 /Users/rifkinasss/Documents/workspace/Startup/NasLabs/internal-projects/Blog/vendor/symfony/console/Command/Command.php(285): Illuminate\\Console\\Command->execute(Object(Symfony\\Component\\Console\\Input\\ArgvInput), Object(Illuminate\\Console\\OutputStyle))
#17 /Users/rifkinasss/Documents/workspace/Startup/NasLabs/internal-projects/Blog/vendor/laravel/framework/src/Illuminate/Console/Command.php(261): Symfony\\Component\\Console\\Command\\Command->run(Object(Symfony\\Component\\Console\\Input\\ArgvInput), Object(Illuminate\\Console\\OutputStyle))
#18 /Users/rifkinasss/Documents/workspace/Startup/NasLabs/internal-projects/Blog/vendor/symfony/console/Application.php(1144): Illuminate\\Console\\Command->run(Object(Symfony\\Component\\Console\\Input\\ArgvInput), Object(Symfony\\Component\\Console\\Output\\ConsoleOutput))
#19 /Users/rifkinasss/Documents/workspace/Startup/NasLabs/internal-projects/Blog/vendor/symfony/console/Application.php(379): Symfony\\Component\\Console\\Application->doRunCommand(Object(Illuminate\\Database\\Console\\Migrations\\StatusCommand), Object(Symfony\\Component\\Console\\Input\\ArgvInput), Object(Symfony\\Component\\Console\\Output\\ConsoleOutput))
#20 /Users/rifkinasss/Documents/workspace/Startup/NasLabs/internal-projects/Blog/vendor/symfony/console/Application.php(218): Symfony\\Component\\Console\\Application->doRun(Object(Symfony\\Component\\Console\\Input\\ArgvInput), Object(Symfony\\Component\\Console\\Output\\ConsoleOutput))
#21 /Users/rifkinasss/Documents/workspace/Startup/NasLabs/internal-projects/Blog/vendor/laravel/framework/src/Illuminate/Foundation/Console/Kernel.php(198): Symfony\\Component\\Console\\Application->run(Object(Symfony\\Component\\Console\\Input\\ArgvInput), Object(Symfony\\Component\\Console\\Output\\ConsoleOutput))
#22 /Users/rifkinasss/Documents/workspace/Startup/NasLabs/internal-projects/Blog/vendor/laravel/framework/src/Illuminate/Foundation/Application.php(1242): Illuminate\\Foundation\\Console\\Kernel->handle(Object(Symfony\\Component\\Console\\Input\\ArgvInput), Object(Symfony\\Component\\Console\\Output\\ConsoleOutput))
#23 /Users/rifkinasss/Documents/workspace/Startup/NasLabs/internal-projects/Blog/artisan(16): Illuminate\\Foundation\\Application->handleCommand(Object(Symfony\\Component\\Console\\Input\\ArgvInput))
#24 {main}

[previous exception] [object] (PDOException(code: 7): SQLSTATE[08006] [7] connection to server at \"127.0.0.1\", port 5432 failed: Operation not permitted
\tIs the server running on that host and accepting TCP/IP connections? at /Users/rifkinasss/Documents/workspace/Startup/NasLabs/internal-projects/Blog/vendor/laravel/framework/src/Illuminate/Database/Connectors/Connector.php:67)
[stacktrace]
#0 /Users/rifkinasss/Documents/workspace/Startup/NasLabs/internal-projects/Blog/vendor/laravel/framework/src/Illuminate/Database/Connectors/Connector.php(67): PDO::connect('pgsql:host=127....', 'naslabs', Object(SensitiveParameterValue), Array)
#1 /Users/rifkinasss/Documents/workspace/Startup/NasLabs/internal-projects/Blog/vendor/laravel/framework/src/Illuminate/Database/Connectors/Connector.php(44): Illuminate\\Database\\Connectors\\Connector->createPdoConnection('pgsql:host=127....', 'naslabs', Object(SensitiveParameterValue), Array)
#2 /Users/rifkinasss/Documents/workspace/Startup/NasLabs/internal-projects/Blog/vendor/laravel/framework/src/Illuminate/Database/Connectors/PostgresConnector.php(35): Illuminate\\Database\\Connectors\\Connector->createConnection('pgsql:host=127....', Array, Array)
#3 /Users/rifkinasss/Documents/workspace/Startup/NasLabs/internal-projects/Blog/vendor/laravel/framework/src/Illuminate/Database/Connectors/ConnectionFactory.php(220): Illuminate\\Database\\Connectors\\PostgresConnector->connect(Array)
#4 [internal function]: Illuminate\\Database\\Connectors\\ConnectionFactory->{closure:Illuminate\\Database\\Connectors\\ConnectionFactory::createPdoResolverWithHosts():213}()
#5 /Users/rifkinasss/Documents/workspace/Startup/NasLabs/internal-projects/Blog/vendor/laravel/framework/src/Illuminate/Database/Connection.php(1298): call_user_func(Object(Closure))
#6 /Users/rifkinasss/Documents/workspace/Startup/NasLabs/internal-projects/Blog/vendor/laravel/framework/src/Illuminate/Database/Connection.php(1336): Illuminate\\Database\\Connection->getPdo()
#7 /Users/rifkinasss/Documents/workspace/Startup/NasLabs/internal-projects/Blog/vendor/laravel/framework/src/Illuminate/Database/Connection.php(542): Illuminate\\Database\\Connection->getReadPdo()
#8 /Users/rifkinasss/Documents/workspace/Startup/NasLabs/internal-projects/Blog/vendor/laravel/framework/src/Illuminate/Database/Connection.php(435): Illuminate\\Database\\Connection->getPdoForSelect(true)
#9 /Users/rifkinasss/Documents/workspace/Startup/NasLabs/internal-projects/Blog/vendor/laravel/framework/src/Illuminate/Database/Connection.php(846): Illuminate\\Database\\Connection->{closure:Illuminate\\Database\\Connection::select():426}('select exists (...', Array)
#10 /Users/rifkinasss/Documents/workspace/Startup/NasLabs/internal-projects/Blog/vendor/laravel/framework/src/Illuminate/Database/Connection.php(813): Illuminate\\Database\\Connection->runQueryCallback('select exists (...', Array, Object(Closure))
#11 /Users/rifkinasss/Documents/workspace/Startup/NasLabs/internal-projects/Blog/vendor/laravel/framework/src/Illuminate/Database/Connection.php(426): Illuminate\\Database\\Connection->run('select exists (...', Array, Object(Closure))
#12 /Users/rifkinasss/Documents/workspace/Startup/NasLabs/internal-projects/Blog/vendor/laravel/framework/src/Illuminate/Database/Connection.php(371): Illuminate\\Database\\Connection->select('select exists (...', Array, true)
#13 /Users/rifkinasss/Documents/workspace/Startup/NasLabs/internal-projects/Blog/vendor/laravel/framework/src/Illuminate/Database/Connection.php(388): Illuminate\\Database\\Connection->selectOne('select exists (...', Array, true)
#14 /Users/rifkinasss/Documents/workspace/Startup/NasLabs/internal-projects/Blog/vendor/laravel/framework/src/Illuminate/Database/Schema/Builder.php(176): Illuminate\\Database\\Connection->scalar('select exists (...')
#15 /Users/rifkinasss/Documents/workspace/Startup/NasLabs/internal-projects/Blog/vendor/laravel/framework/src/Illuminate/Database/Migrations/DatabaseMigrationRepository.php(185): Illuminate\\Database\\Schema\\Builder->hasTable('migrations')
#16 /Users/rifkinasss/Documents/workspace/Startup/NasLabs/internal-projects/Blog/vendor/laravel/framework/src/Illuminate/Database/Migrations/Migrator.php(797): Illuminate\\Database\\Migrations\\DatabaseMigrationRepository->repositoryExists()
#17 /Users/rifkinasss/Documents/workspace/Startup/NasLabs/internal-projects/Blog/vendor/laravel/framework/src/Illuminate/Database/Console/Migrations/StatusCommand.php(67): Illuminate\\Database\\Migrations\\Migrator->repositoryExists()
#18 /Users/rifkinasss/Documents/workspace/Startup/NasLabs/internal-projects/Blog/vendor/laravel/framework/src/Illuminate/Database/Migrations/Migrator.php(672): Illuminate\\Database\\Console\\Migrations\\StatusCommand->{closure:Illuminate\\Database\\Console\\Migrations\\StatusCommand::handle():66}()
#19 /Users/rifkinasss/Documents/workspace/Startup/NasLabs/internal-projects/Blog/vendor/laravel/framework/src/Illuminate/Database/Console/Migrations/StatusCommand.php(66): Illuminate\\Database\\Migrations\\Migrator->usingConnection(NULL, Object(Closure))
#20 /Users/rifkinasss/Documents/workspace/Startup/NasLabs/internal-projects/Blog/vendor/laravel/framework/src/Illuminate/Container/BoundMethod.php(36): Illuminate\\Database\\Console\\Migrations\\StatusCommand->handle()
#21 /Users/rifkinasss/Documents/workspace/Startup/NasLabs/internal-projects/Blog/vendor/laravel/framework/src/Illuminate/Container/Util.php(43): Illuminate\\Container\\BoundMethod::{closure:Illuminate\\Container\\BoundMethod::call():35}()
#22 /Users/rifkinasss/Documents/workspace/Startup/NasLabs/internal-projects/Blog/vendor/laravel/framework/src/Illuminate/Container/BoundMethod.php(96): Illuminate\\Container\\Util::unwrapIfClosure(Object(Closure))
#23 /Users/rifkinasss/Documents/workspace/Startup/NasLabs/internal-projects/Blog/vendor/laravel/framework/src/Illuminate/Container/BoundMethod.php(35): Illuminate\\Container\\BoundMethod::callBoundMethod(Object(Illuminate\\Foundation\\Application), Array, Object(Closure))
#24 /Users/rifkinasss/Documents/workspace/Startup/NasLabs/internal-projects/Blog/vendor/laravel/framework/src/Illuminate/Container/Container.php(803): Illuminate\\Container\\BoundMethod::call(Object(Illuminate\\Foundation\\Application), Array, Array, NULL)
#25 /Users/rifkinasss/Documents/workspace/Startup/NasLabs/internal-projects/Blog/vendor/laravel/framework/src/Illuminate/Console/Command.php(292): Illuminate\\Container\\Container->call(Array)
#26 /Users/rifkinasss/Documents/workspace/Startup/NasLabs/internal-projects/Blog/vendor/symfony/console/Command/Command.php(285): Illuminate\\Console\\Command->execute(Object(Symfony\\Component\\Console\\Input\\ArgvInput), Object(Illuminate\\Console\\OutputStyle))
#27 /Users/rifkinasss/Documents/workspace/Startup/NasLabs/internal-projects/Blog/vendor/laravel/framework/src/Illuminate/Console/Command.php(261): Symfony\\Component\\Console\\Command\\Command->run(Object(Symfony\\Component\\Console\\Input\\ArgvInput), Object(Illuminate\\Console\\OutputStyle))
#28 /Users/rifkinasss/Documents/workspace/Startup/NasLabs/internal-projects/Blog/vendor/symfony/console/Application.php(1144): Illuminate\\Console\\Command->run(Object(Symfony\\Component\\Console\\Input\\ArgvInput), Object(Symfony\\Component\\Console\\Output\\ConsoleOutput))
#29 /Users/rifkinasss/Documents/workspace/Startup/NasLabs/internal-projects/Blog/vendor/symfony/console/Application.php(379): Symfony\\Component\\Console\\Application->doRunCommand(Object(Illuminate\\Database\\Console\\Migrations\\StatusCommand), Object(Symfony\\Component\\Console\\Input\\ArgvInput), Object(Symfony\\Component\\Console\\Output\\ConsoleOutput))
#30 /Users/rifkinasss/Documents/workspace/Startup/NasLabs/internal-projects/Blog/vendor/symfony/console/Application.php(218): Symfony\\Component\\Console\\Application->doRun(Object(Symfony\\Component\\Console\\Input\\ArgvInput), Object(Symfony\\Component\\Console\\Output\\ConsoleOutput))
#31 /Users/rifkinasss/Documents/workspace/Startup/NasLabs/internal-projects/Blog/vendor/laravel/framework/src/Illuminate/Foundation/Console/Kernel.php(198): Symfony\\Component\\Console\\Application->run(Object(Symfony\\Component\\Console\\Input\\ArgvInput), Object(Symfony\\Component\\Console\\Output\\ConsoleOutput))
#32 /Users/rifkinasss/Documents/workspace/Startup/NasLabs/internal-projects/Blog/vendor/laravel/framework/src/Illuminate/Foundation/Application.php(1242): Illuminate\\Foundation\\Console\\Kernel->handle(Object(Symfony\\Component\\Console\\Input\\ArgvInput), Object(Symfony\\Component\\Console\\Output\\ConsoleOutput))
#33 /Users/rifkinasss/Documents/workspace/Startup/NasLabs/internal-projects/Blog/artisan(16): Illuminate\\Foundation\\Application->handleCommand(Object(Symfony\\Component\\Console\\Input\\ArgvInput))
#34 {main}
"} 
[2026-09-17 03:30:12] local.INFO: [backup] Starting backup...  
[2026-09-17 03:30:12] local.INFO: [backup] Dumping database naslabs_blog...  
[2026-09-17 03:30:12] local.INFO: [backup] Determining files to backup...  
[2026-09-17 03:30:12] local.INFO: [backup] Zipping 5 files and directories...  
[2026-09-17 03:30:12] local.INFO: [backup] Created zip containing 5 files and directories. Size is 4.88 MB  
[2026-09-17 03:30:12] local.INFO: [backup] Verifying backup integrity...  
[2026-09-17 03:30:12] local.INFO: [backup] Backup verified: 5 files in archive.  
[2026-09-17 03:30:12] local.INFO: [backup] Copying zip to disk named local...  
[2026-09-17 03:30:12] local.INFO: [backup] Successfully copied zip to disk named local.  
[2026-09-17 03:30:12] local.INFO: [backup] Backup completed!  
[2026-09-17 04:33:52] local.INFO: [backup] Starting backup...  
[2026-09-17 04:33:52] local.INFO: [backup] Dumping database naslabs_blog...  
[2026-09-17 04:33:52] local.INFO: [backup] Determining files to backup...  
[2026-09-17 04:33:52] local.INFO: [backup] Zipping 5 files and directories...  
[2026-09-17 04:33:52] local.INFO: [backup] Created zip containing 5 files and directories. Size is 4.88 MB  
[2026-09-17 04:33:52] local.INFO: [backup] Verifying backup integrity...  
[2026-09-17 04:33:52] local.INFO: [backup] Backup verified: 5 files in archive.  
[2026-09-17 04:33:52] local.INFO: [backup] Copying zip to disk named local...  
[2026-09-17 04:33:52] local.INFO: [backup] Successfully copied zip to disk named local.  
[2026-09-17 04:33:52] local.INFO: [backup] Backup completed!  
